epoch,loss,cal_kge,lr,epoch_s
0.000000000000000000e+00,1.438857944475279815e+00,-2.208732835312749165e-01,1.599999999999999860e-04,3.412497282028198242e+00
1.000000000000000000e+00,1.228458060986465927e+00,nan,2.799999999999999755e-04,1.926291704177856445e+00
2.000000000000000000e+00,8.598258747822709047e-01,4.404645424475246984e-01,4.000000000000000192e-04,2.440165996551513672e+00
3.000000000000000000e+00,6.143043860793113708e-01,nan,3.997038957044966347e-04,1.840088844299316406e+00
4.000000000000000000e+00,4.907073542061779481e-01,6.307850160266624817e-01,3.988164820770001432e-04,2.383393526077270508e+00
5.000000000000000000e+00,4.284024669064415702e-01,nan,3.973404541635308261e-04,1.817392349243164062e+00
6.000000000000000000e+00,3.931550720913542518e-01,7.172454682150830596e-01,3.952802946123499476e-04,2.387081384658813477e+00
7.000000000000000000e+00,3.652065252471301537e-01,nan,3.926422600603038165e-04,1.845663309097290039e+00
8.000000000000000000e+00,3.505573565554287452e-01,7.718614460193139459e-01,3.894343621316237046e-04,2.440946578979492188e+00
9.000000000000000000e+00,3.390345053954256782e-01,nan,3.856663431068863305e-04,1.888754367828369141e+00
1.000000000000000000e+01,3.356752669852640647e-01,8.019319097399559837e-01,3.813496463360276242e-04,2.420886516571044922e+00
1.100000000000000000e+01,3.227507795931564560e-01,nan,3.764973814852653577e-04,1.852751255035400391e+00
1.200000000000000000e+01,3.131280251675181980e-01,7.728435781226167256e-01,3.711242847234738217e-04,2.402870416641235352e+00
1.300000000000000000e+01,3.022427239144842015e-01,nan,3.652466739689228317e-04,1.840657472610473633e+00
1.400000000000000000e+01,2.972451503285103436e-01,7.680269637826914186e-01,3.588823993322968141e-04,2.376276254653930664e+00
1.500000000000000000e+01,2.886017588898539543e-01,nan,3.520507889064948374e-04,1.827092170715332031e+00
1.600000000000000000e+01,2.889722653975089206e-01,7.913822981427870440e-01,3.447725900678480699e-04,2.392303705215454102e+00
1.700000000000000000e+01,2.814606865867972374e-01,nan,3.370699064670196177e-04,1.839381456375122070e+00
1.800000000000000000e+01,2.766957483771774751e-01,7.830976953782939898e-01,3.289661309009438194e-04,2.412925004959106445e+00
1.900000000000000000e+01,2.761576635659568901e-01,nan,3.204858742696712172e-04,1.886761903762817383e+00
2.000000000000000000e+01,2.703689464057485448e-01,7.752871300755536099e-01,3.116548908338733241e-04,2.407386541366577148e+00
2.100000000000000000e+01,2.711021937429904938e-01,nan,3.025000000000000887e-04,1.820973396301269531e+00
2.200000000000000000e+01,2.625938156205747109e-01,7.628140725159597846e-01,2.930490048706235230e-04,2.358884096145629883e+00
2.300000000000000000e+01,2.602851088158786297e-01,nan,2.833306078073291384e-04,1.837243795394897461e+00
2.400000000000000000e+01,2.592040143596629487e-01,7.899994523097798593e-01,2.733743232625872191e-04,2.374416351318359375e+00
2.500000000000000000e+01,2.592740241024229508e-01,nan,2.632103881453305423e-04,1.829643964767456055e+00
2.600000000000000000e+01,2.537862044862574940e-01,7.934651237237345667e-01,2.528696699924559048e-04,2.371797323226928711e+00
2.700000000000000000e+01,2.566232811659574509e-01,nan,2.423835732251290525e-04,1.823569297790527344e+00
2.800000000000000000e+01,2.480994124586383409e-01,8.343513827260993221e-01,2.317839437745895933e-04,2.361808538436889648e+00
2.900000000000000000e+01,2.440702539558211870e-01,nan,2.211029723671048693e-04,1.818490743637084961e+00
3.000000000000000000e+01,2.456853775721457300e-01,8.071400399993879926e-01,2.103730967617916401e-04,2.376304149627685547e+00
3.100000000000000000e+01,2.413196473175452939e-01,nan,1.996269032382084595e-04,1.883002281188964844e+00
3.200000000000000000e+01,2.427558973948988619e-01,7.953788401743143721e-01,1.888970276328952845e-04,2.393881320953369141e+00
3.300000000000000000e+01,2.378789399647050495e-01,nan,1.782160562254104250e-04,1.850058794021606445e+00
3.400000000000000000e+01,2.391952402475807371e-01,8.283998152400416926e-01,1.676164267748710471e-04,2.370357275009155273e+00
3.500000000000000000e+01,2.357172627105481033e-01,nan,1.571303300075441948e-04,1.812899589538574219e+00
3.600000000000000000e+01,2.365904688421222868e-01,8.267349296274649761e-01,1.467896118546695844e-04,2.371444225311279297e+00
3.700000000000000000e+01,2.310589532781806288e-01,nan,1.366256767374129618e-04,1.832922697067260742e+00
3.800000000000000000e+01,2.361162512873609953e-01,8.307508533189874589e-01,1.266693921926709883e-04,2.391945362091064453e+00
3.900000000000000000e+01,2.330192409248815766e-01,nan,1.169509951293766308e-04,1.826651334762573242e+00
4.000000000000000000e+01,2.309139481124778681e-01,8.194803284303823210e-01,1.075000000000000651e-04,2.391936540603637695e+00
4.100000000000000000e+01,2.304635774861607256e-01,nan,9.834510916612681619e-05,1.850587606430053711e+00
4.200000000000000000e+01,2.272092796758645172e-01,8.444587404723177260e-01,8.951412573032893659e-05,2.354670524597167969e+00
4.300000000000000000e+01,2.248181125873492947e-01,nan,8.103386909905629378e-05,1.835154294967651367e+00
4.400000000000000000e+01,2.265456012036237421e-01,8.399362278729330944e-01,7.293009353298048189e-05,2.379598379135131836e+00
4.500000000000000000e+01,2.268993529594606762e-01,nan,6.522740993215205680e-05,1.847778320312500000e+00
4.600000000000000000e+01,2.228696014111240797e-01,8.077648059768463007e-01,5.794921109350526894e-05,2.379087924957275391e+00
4.700000000000000000e+01,2.196039699224962005e-01,nan,5.111760066770328547e-05,1.845444202423095703e+00
4.800000000000000000e+01,2.193835463064412183e-01,8.418340417831440270e-01,4.475332603107722045e-05,2.372848749160766602e+00
4.900000000000000000e+01,2.173439914671083384e-01,nan,3.887571527652621017e-05,1.826327085494995117e+00
5.000000000000000000e+01,2.192007591430511770e-01,8.244589863726335954e-01,3.350261851473466056e-05,2.366002321243286133e+00
5.100000000000000000e+01,2.200442759009698934e-01,nan,2.865035366397240769e-05,1.834446907043457031e+00
5.200000000000000000e+01,2.188975465897884665e-01,8.518725804613240804e-01,2.433365689311366067e-05,2.375975370407104492e+00
5.300000000000000000e+01,2.182265912286109333e-01,nan,2.056563786837625269e-05,1.834239721298217773e+00
5.400000000000000000e+01,2.248048586770892143e-01,8.555425851479517840e-01,1.735773993969615434e-05,2.386433601379394531e+00
5.500000000000000000e+01,2.203148582743273964e-01,nan,1.471970538765005885e-05,1.833499431610107422e+00
5.600000000000000000e+01,2.170571042224764824e-01,8.384007749211118687e-01,1.265954583646914987e-05,2.373336076736450195e+00
5.700000000000000000e+01,2.251720101469092961e-01,nan,1.118351792299985141e-05,1.842805385589599609e+00
5.800000000000000000e+01,2.214259739654759473e-01,8.398128692696443798e-01,1.029610429550334636e-05,2.379119157791137695e+00
5.900000000000000000e+01,2.171783823416464920e-01,nan,1.000000000000000082e-05,1.826212406158447266e+00
