entity_id,family,timescale,site_id,name,delineation,arcs,area_mi2,area_mi2_swat,outlet_lat,outlet_lon,outlet_source,record_start,train_start,train_end,n_obs,obs_store,flags
uf_02,uf_monthly,monthly,UF 2,Putah Creek near Winters,arcs,I_PTH070,567.46,581.0,38.5151562,-122.0818793,uf_gauges:USGS NWIS 11454000,1921-10-01,1984-10-01,2014-09-30,360,dwr_unimpaired/uf_monthly_mm.csv:depth_mm,
uf_03,uf_monthly,monthly,UF 3,Cache Creek above Rumsey,arcs,I_BRC003;I_CCH053;I_CLRLK;I_INDVL,953.37,942.0,38.8898988,-122.2383082,uf_gauges:USGS NWIS 11451800,1921-10-01,1984-10-01,2014-09-30,360,dwr_unimpaired/uf_monthly_mm.csv:depth_mm,obs_routed_through_lakes
uf_04,uf_monthly,monthly,UF 4,Stony Creek at Black Butte,arcs,I_BLKBT;I_EPARK;I_SGRGE,744.94,758.0,39.81849004,-122.3249913,uf_gauges:USGS NWIS 11388000,1921-10-01,1984-10-01,2014-09-30,360,dwr_unimpaired/uf_monthly_mm.csv:depth_mm,
uf_06,uf_monthly,monthly,UF 6,Sacramento River near Red Bluff,arcs,I_BCN010;I_BTL006;I_CLR011;I_COW014;I_CWD018;I_SCW008;I_SHSTA;I_SRBB_VAL;I_WKYTN,9083.72,,40.289,-122.186,uf_gauges:cdec_stations:SBB,1921-10-01,1984-10-01,2014-09-30,360,dwr_unimpaired/uf_monthly_mm.csv:depth_mm,
uf_07,uf_monthly,monthly,UF 7,Sacramento Valley East Side Minor Streams,arcs,I_ANT011;I_BCC014;I_BTC048;I_DRC012;I_LCC038;I_LDC029;I_MLC006;I_MNS000,1035.9,,,,,1921-10-01,1984-10-01,2014-09-30,360,dwr_unimpaired/uf_monthly_mm.csv:depth_mm,obs_includes_valley_floor;no_gauge_composite
uf_10,uf_monthly,monthly,UF 10,Bear River near Wheatland,arcs,I_BRR023;I_CMBIE;I_CMPFW;I_RLLNS;I_WLF013,281.96,290.0,39.0001537,-121.4065908,uf_gauges:USGS NWIS 11424000,1921-10-01,1984-10-01,2014-09-30,360,dwr_unimpaired/uf_monthly_mm.csv:depth_mm,calsim_ref_wetter_summers;outlet_below_delineation
uf_13,uf_monthly,monthly,UF 13,Cosumnes River at Michigan Bar,arcs,I_CMP001;I_CMP014;I_CSM035;I_JNKSN,539.11,536.0,38.5,-121.044,uf_gauges:cdec_stations:CSN,1921-10-01,1984-10-01,2014-09-30,360,dwr_unimpaired/uf_monthly_mm.csv:depth_mm,
uf_20,uf_monthly,monthly,UF 20,Chowchilla River at Buchanan Reservoir,arcs,I_ESTMN,234.81,258.0,37.21550105,-119.991276,uf_gauges:USGS NWIS 11259000,1921-10-01,1984-10-01,2014-09-30,360,dwr_unimpaired/uf_monthly_mm.csv:depth_mm,
uf_21,uf_monthly,monthly,UF 21,Fresno River near Daulton,arcs,I_COT033;I_DBC024;I_FRS046;I_HNSLY,343.68,292.0,37.09744734,-119.8896013,uf_gauges:USGS NWIS 11258000,1921-10-01,1984-10-01,2014-09-30,360,dwr_unimpaired/uf_monthly_mm.csv:depth_mm,
usgs_11196400,usgs_daily,daily,11196400,CALIENTE C AB TEHACHAPI C NR CALIENTE CA,usgs_gpkg,,164.06,,35.31134824,-118.5703669,usgs_gauges:11196400,1961-10-01,1961-10-01,1983-03-05,7826,usgs/flow_daily.nc:flow_mm,
usgs_11197250,usgs_daily,daily,11197250,AVENAL C NR AVENAL CA,usgs_gpkg,,56.31,,35.85412696,-120.1270849,usgs_gauges:11197250,1961-10-01,1961-10-01,1986-09-29,9130,usgs/flow_daily.nc:flow_mm,
usgs_11199500,usgs_daily,daily,11199500,WHITE R NR DUCOR CA,usgs_gpkg,,90.62,,35.814583,-118.928319,usgs_gauges:11199500,1950-01-01,1950-01-01,2005-09-30,13831,usgs/flow_daily.nc:flow_mm,
usgs_11203580,usgs_daily,daily,11203580,SF TULE R NR CHOLOLLO CAMPGROUND NR PORTERVILLE CA,usgs_gpkg,,20.06,,36.0482899,-118.6542574,usgs_gauges:11203580,2000-01-22,2000-01-22,2014-12-31,5443,usgs/flow_daily.nc:flow_mm,
usgs_11204100,usgs_daily,daily,11204100,SF TULE R NR RESERVATION BNDRY NR PORTERVILLE CA,usgs_gpkg,,96.19,,36.02411648,-118.8134258,usgs_gauges:11204100,2000-09-02,2000-09-02,2014-12-31,5164,usgs/flow_daily.nc:flow_mm,
usgs_11208000,usgs_daily,daily,11208000,MARBLE F KAWEAH R (R ONLY) A POTWISHA CAMP CA,usgs_gpkg,,51.23,,36.5218899,-118.7992652,usgs_gauges:11208000,1950-04-01,1950-04-01,1960-12-31,3928,usgs/flow_daily.nc:flow_mm,
usgs_11208500,usgs_daily,daily,11208500,MF KAWEAH TRIB NR HAMMOND CA,usgs_gpkg,,1.89,,36.49300156,-118.825932,usgs_gauges:11208500,1967-06-01,1967-06-01,1973-09-29,2313,usgs/flow_daily.nc:flow_mm,
usgs_11209900,usgs_daily,daily,11209900,KAWEAH R A THREE RIVERS CA,usgs_gpkg,,419.0,,36.4438363,-118.9034335,usgs_gauges:11209900,1958-10-01,1958-10-01,1990-09-30,11688,usgs/flow_daily.nc:flow_mm,
usgs_11213500,usgs_daily,daily,11213500,KINGS R AB NF NR TRIMMER CA,usgs_gpkg,,952.0,,36.8632806,-119.124282,usgs_gauges:11213500,1950-01-01,1950-01-01,1982-09-29,11960,usgs/flow_daily.nc:flow_mm,
usgs_11214000,usgs_daily,daily,11214000,NF KINGS R BL MEADOWBROOK CA,usgs_gpkg,,37.63,,37.08133045,-118.862888,usgs_gauges:11214000,1956-10-01,1956-10-01,1981-09-29,9130,usgs/flow_daily.nc:flow_mm,
usgs_11218500,usgs_daily,daily,11218500,KINGS R BL NF NR TRIMMER CA,usgs_gpkg,,1341.16,,36.87466959,-119.1417828,usgs_gauges:11218500,1962-03-01,1962-03-01,1993-10-13,11550,usgs/flow_daily.nc:flow_mm,
usgs_11220000,usgs_daily,daily,11220000,BIG C AB PINE FLAT RES NR TRIMMER CA,usgs_gpkg,,69.92,,36.91633697,-119.2445652,usgs_gauges:11220000,1953-10-01,1953-10-01,1973-09-30,7305,usgs/flow_daily.nc:flow_mm,
usgs_11220500,usgs_daily,daily,11220500,SYCAMORE C AB PINE FLAT RES NR TRIMMER CA,usgs_gpkg,,56.03,,36.9202264,-119.3098459,usgs_gauges:11220500,1953-05-01,1953-05-01,1973-09-29,7457,usgs/flow_daily.nc:flow_mm,
usgs_11224500,usgs_daily,daily,11224500,LOS GATOS C AB NUNEZ CYN NR COALINGA CA,usgs_gpkg,,95.63,,36.21466074,-120.4706956,usgs_gauges:11224500,1950-01-01,1950-01-01,2014-12-31,23610,usgs/flow_daily.nc:flow_mm,
usgs_11226500,usgs_daily,daily,11226500,SAN JOAQUIN R A MILLER CROSSING CA,usgs_gpkg,,251.15,,37.51049707,-119.1973476,usgs_gauges:11226500,1951-10-01,1951-10-01,1991-09-30,14534,usgs/flow_daily.nc:flow_mm,
usgs_11230500,usgs_daily,daily,11230500,BEAR C NR LAKE THOMAS A EDISON CA,usgs_gpkg,,52.39,,37.3393863,-118.9734513,usgs_gauges:11230500,1950-01-01,1950-01-01,2014-10-31,21677,usgs/flow_daily.nc:flow_mm,
usgs_11237500,usgs_daily,daily,11237500,PITMAN C BL TAMARACK C CA,usgs_gpkg,,23.26,,37.19855659,-119.2137328,usgs_gauges:11237500,1950-01-01,1950-01-01,2013-12-31,21958,usgs/flow_daily.nc:flow_mm,
usgs_11253310,usgs_daily,daily,11253310,CANTUA C NR CANTUA CREEK CA,usgs_gpkg,,46.4,,36.40217399,-120.4334917,usgs_gauges:11253310,1966-10-01,1966-10-01,2014-12-31,17418,usgs/flow_daily.nc:flow_mm,
usgs_11257500,usgs_daily,daily,11257500,FRESNO R NR KNOWLES CA,usgs_gpkg,,133.39,,37.2371691,-119.7748763,usgs_gauges:11257500,1950-01-01,1950-01-01,1970-12-31,7670,usgs/flow_daily.nc:flow_mm,
usgs_11258000,usgs_daily,daily,11258000,FRESNO R BL HIDDEN DAM NR DAULTON CA,usgs_gpkg,,258.21,,37.09744734,-119.8896013,usgs_gauges:11258000,1950-01-01,1950-01-01,1970-12-31,7670,usgs/flow_daily.nc:flow_mm,
usgs_11259000,usgs_daily,daily,11259000,CHOWCHILLA R BL BUCHANAN DAM NR RAYMOND CA,usgs_gpkg,,237.23,,37.21550105,-119.991276,usgs_gauges:11259000,1950-01-01,1950-01-01,1972-09-29,8307,usgs/flow_daily.nc:flow_mm,
usgs_11264500,usgs_daily,daily,11264500,MERCED R A HAPPY ISLES BRIDGE NR YOSEMITE CA,usgs_gpkg,,180.77,,37.73130354,-119.5590243,usgs_gauges:11264500,1950-01-01,1950-01-01,2014-12-31,23525,usgs/flow_daily.nc:flow_mm,
usgs_11266500,usgs_daily,daily,11266500,MERCED R A POHONO BRIDGE NR YOSEMITE CA,usgs_gpkg,,321.99,,37.71627778,-119.6656667,usgs_gauges:11266500,1950-01-01,1950-01-01,2014-12-31,23505,usgs/flow_daily.nc:flow_mm,
usgs_11268000,usgs_daily,daily,11268000,SF MERCED R NR EL PORTAL CA,usgs_gpkg,,240.58,,37.6513197,-119.8854532,usgs_gauges:11268000,1951-04-01,1951-04-01,1975-10-07,8956,usgs/flow_daily.nc:flow_mm,
usgs_11269300,usgs_daily,daily,11269300,MAXWELL C A COULTERVILLE CA,usgs_gpkg,,17.06,,37.71604127,-120.1899102,usgs_gauges:11269300,1959-10-01,1959-10-01,1980-09-29,7304,usgs/flow_daily.nc:flow_mm,
usgs_11274500,usgs_daily,daily,11274500,ORESTIMBA C NR NEWMAN CA,usgs_gpkg,,134.95,,37.3154653,-121.125171,usgs_gauges:11274500,1950-01-01,1950-01-01,2014-12-31,23616,usgs/flow_daily.nc:flow_mm,
usgs_11274630,usgs_daily,daily,11274630,DEL PUERTO C NR PATTERSON CA,usgs_gpkg,,72.72,,37.48657227,-121.2090645,usgs_gauges:11274630,1965-06-18,1965-06-18,2014-12-31,17752,usgs/flow_daily.nc:flow_mm,
usgs_11275000,usgs_daily,daily,11275000,FALLS C NR HETCH HETCHY CA,usgs_gpkg,,46.15,,37.97075376,-119.7643429,usgs_gauges:11275000,1950-01-01,1950-01-01,1983-09-29,12233,usgs/flow_daily.nc:flow_mm,
usgs_11281000,usgs_daily,daily,11281000,SF TUOLUMNE R NR OAKLAND RECREATION CAMP CA,usgs_gpkg,,87.15,,37.82159266,-120.0129616,usgs_gauges:11281000,1950-01-01,1950-01-01,2002-09-30,18758,usgs/flow_daily.nc:flow_mm,
usgs_11282000,usgs_daily,daily,11282000,M TUOLUMNE R A OAKLAND RECREATION CAMP CA,usgs_gpkg,,72.34,,37.82825915,-120.0115727,usgs_gauges:11282000,1950-01-01,1950-01-01,2002-09-30,18619,usgs/flow_daily.nc:flow_mm,
usgs_11283500,usgs_daily,daily,11283500,CLAVEY R NR BUCK MEADOWS CA,usgs_gpkg,,144.23,,37.90048017,-120.0718517,usgs_gauges:11283500,1959-10-01,1959-10-01,1995-06-13,11915,usgs/flow_daily.nc:flow_mm,
usgs_11284400,usgs_daily,daily,11284400,BIG C AB WHITES GULCH NR GROVELAND CA,usgs_gpkg,,16.07,,37.8418518,-120.1848757,usgs_gauges:11284400,1969-05-01,1969-05-01,2014-12-31,16660,usgs/flow_daily.nc:flow_mm,
usgs_11292500,usgs_daily,daily,11292500,CLARK FORK STANISLAUS R NR DARDANELLE CA,usgs_gpkg,,67.49,,38.36380105,-119.8712915,usgs_gauges:11292500,1950-10-01,1950-10-01,1994-09-30,15732,usgs/flow_daily.nc:flow_mm,
usgs_11294000,usgs_daily,daily,11294000,HIGHLAND C BL SPICER MEADOWS RES CA,usgs_gpkg,,45.52,,38.3929682,-119.9990737,usgs_gauges:11294000,1952-10-01,1952-10-01,1980-12-31,10319,usgs/flow_daily.nc:flow_mm,
usgs_11294500,usgs_daily,daily,11294500,NF STANISLAUS R NR AVERY CA,usgs_gpkg,,165.53,,38.2438067,-120.2910282,usgs_gauges:11294500,1950-01-01,1950-01-01,1988-12-31,14245,usgs/flow_daily.nc:flow_mm,
usgs_11299600,usgs_daily,daily,11299600,BLACK C NR COPPEROPOLIS CA,usgs_gpkg,,14.39,,37.96103615,-120.6152035,usgs_gauges:11299600,1983-08-24,1983-08-24,2014-12-31,11402,usgs/flow_daily.nc:flow_mm,
usgs_11315000,usgs_daily,daily,11315000,COLE C NR SALT SPRINGS DAM CA,usgs_gpkg,,20.79,,38.5190783,-120.2126928,usgs_gauges:11315000,1950-01-01,1950-01-01,2014-12-31,22925,usgs/flow_daily.nc:flow_mm,
usgs_11316800,usgs_daily,daily,11316800,FOREST C NR WILSEYVILLE CA,usgs_gpkg,,21.05,,38.40324566,-120.4468676,usgs_gauges:11316800,1960-08-01,1960-08-01,2015-12-31,20159,usgs/flow_daily.nc:flow_mm,
usgs_11318500,usgs_daily,daily,11318500,SF MOKELUMNE R NR WEST POINT CA,usgs_gpkg,,74.93,,38.36824625,-120.5454823,usgs_gauges:11318500,1950-01-01,1950-01-01,2015-12-31,23998,usgs/flow_daily.nc:flow_mm,
usgs_11334300,usgs_daily,daily,11334300,SF COSUMNES R NR RIVER PINES CA,usgs_gpkg,,64.12,,38.5568511,-120.7932682,usgs_gauges:11334300,1957-10-01,1957-10-01,1980-09-29,8400,usgs/flow_daily.nc:flow_mm,
usgs_11337500,usgs_daily,daily,11337500,MARSH C NR BYRON CA,usgs_gpkg,,42.57,,37.87325835,-121.7271752,usgs_gauges:11337500,1953-04-01,1953-04-01,1983-09-29,11139,usgs/flow_daily.nc:flow_mm,
usgs_11341400,usgs_daily,daily,11341400,SACRAMENTO R NR MT SHASTA CA,usgs_gpkg,,128.58,,41.26654165,-122.311677,usgs_gauges:11341400,1959-10-01,1959-10-01,1987-09-29,10226,usgs/flow_daily.nc:flow_mm,
usgs_11371000,usgs_daily,daily,11371000,CLEAR C A FRENCH GULCH CA,usgs_gpkg,,115.22,,40.6948699,-122.6366845,usgs_gauges:11371000,1950-10-01,1950-10-01,1993-09-30,15621,usgs/flow_daily.nc:flow_mm,
usgs_11372000,usgs_daily,daily,11372000,CLEAR C NR IGO CA,usgs_gpkg,,228.17,,40.51320587,-122.5241795,usgs_gauges:11372000,1950-01-01,1950-01-01,1961-12-31,4383,usgs/flow_daily.nc:flow_mm,
usgs_11374000,usgs_daily,daily,11374000,COW C NR MILLVILLE CA,usgs_gpkg,,422.7,,40.50487467,-122.2330577,usgs_gauges:11374000,1950-01-01,1950-01-01,1980-12-31,11323,usgs/flow_daily.nc:flow_mm,
usgs_11375700,usgs_daily,daily,11375700,NF COTTONWOOD C NR IGO CA,usgs_gpkg,,87.67,,40.4420952,-122.5502903,usgs_gauges:11375700,1956-10-01,1956-10-01,1980-09-29,8765,usgs/flow_daily.nc:flow_mm,
usgs_11379000,usgs_daily,daily,11379000,ANTELOPE C NR RED BLUFF CA,usgs_gpkg,,123.1,,40.2037674,-122.1183272,usgs_gauges:11379000,1950-01-01,1950-01-01,1982-09-29,11960,usgs/flow_daily.nc:flow_mm,
usgs_11390672,usgs_daily,daily,11390672,STONE CORRAL C NR SITES CA,usgs_gpkg,,38.71,,39.2882206,-122.3010909,usgs_gauges:11390672,1958-04-01,1958-04-01,1985-09-29,9678,usgs/flow_daily.nc:flow_mm,
usgs_11394500,usgs_daily,daily,11394500,MF FEATHER R NR MERRIMAC CA,usgs_gpkg,,1061.92,,39.7082199,-121.2705175,usgs_gauges:11394500,1951-10-01,1951-10-01,1986-09-29,12783,usgs/flow_daily.nc:flow_mm,
usgs_11396400,usgs_daily,daily,11396400,SUCKER RUN NR FORBESTOWN CA,usgs_gpkg,,18.84,,39.55322067,-121.302185,usgs_gauges:11396400,1965-07-01,1965-07-01,1987-09-30,8127,usgs/flow_daily.nc:flow_mm,
usgs_11408850,usgs_daily,daily,11408850,M YUBA R NR CAMPTONVILLE CA,usgs_gpkg,,135.29,,39.41683845,-120.9527274,usgs_gauges:11408850,1967-08-18,1967-08-18,1980-12-31,4885,usgs/flow_daily.nc:flow_mm,
usgs_11409300,usgs_daily,daily,11409300,OREGON C A CAMPTONVILLE CA,usgs_gpkg,,23.05,,39.4460031,-121.046343,usgs_gauges:11409300,1967-10-01,1967-10-01,2000-09-30,12023,usgs/flow_daily.nc:flow_mm,
usgs_11409500,usgs_daily,daily,11409500,OREGON C NR NORTH SAN JUAN CA,usgs_gpkg,,34.4,,39.4026698,-121.0774542,usgs_gauges:11409500,1950-01-01,1950-01-01,1969-10-01,7214,usgs/flow_daily.nc:flow_mm,
usgs_11413100,usgs_daily,daily,11413100,N YUBA R AB SLATE C NR STRAWBERRY CA,usgs_gpkg,,350.4,,39.52461288,-121.0916235,usgs_gauges:11413100,1968-07-01,1968-07-01,1986-12-31,6758,usgs/flow_daily.nc:flow_mm,
usgs_11413320,usgs_daily,daily,11413320,DEADWOOD C NR STRAWBERRY VALLEY CA,usgs_gpkg,,3.14,,39.54989055,-121.0944014,usgs_gauges:11413320,1994-10-01,1994-10-01,2014-12-31,6958,usgs/flow_daily.nc:flow_mm,
usgs_11413323,usgs_daily,daily,11413323,OWL GULCH NR STRAWBERRY VALLEY CA,usgs_gpkg,,2.08,,39.5454461,-121.0952348,usgs_gauges:11413323,1994-10-01,1994-10-01,2014-12-31,6590,usgs/flow_daily.nc:flow_mm,
usgs_11414000,usgs_daily,daily,11414000,S YUBA R NR CISCO CA,usgs_gpkg,,52.32,,39.3212909,-120.5643753,usgs_gauges:11414000,1950-01-01,1950-01-01,1980-12-31,11323,usgs/flow_daily.nc:flow_mm,
usgs_11418000,usgs_daily,daily,11418000,YUBA R BL ENGLEBRIGHT DAM NR SMARTSVILLE CA,usgs_gpkg,,1108.66,,39.23517079,-121.2741256,usgs_gauges:11418000,1950-01-01,1950-01-01,1969-12-31,7305,usgs/flow_daily.nc:flow_mm,
usgs_11426150,usgs_daily,daily,11426150,ONION C NR SODA SPRINGS CA,usgs_gpkg,,3.6,,39.26712708,-120.3649233,usgs_gauges:11426150,1959-10-01,1959-10-01,1979-10-01,7306,usgs/flow_daily.nc:flow_mm,
usgs_11427700,usgs_daily,daily,11427700,DUNCAN CYN C NR FRENCH MEADOWS CA,usgs_gpkg,,9.9,,39.1357376,-120.4785353,usgs_gauges:11427700,1961-07-31,1961-07-31,2014-12-31,19009,usgs/flow_daily.nc:flow_mm,
usgs_11433260,usgs_daily,daily,11433260,NF OF MF AMERICAN R NR FORESTHILL CA,usgs_gpkg,,88.64,,39.0240671,-120.7185401,usgs_gauges:11433260,1965-08-01,1965-08-01,1985-09-29,7365,usgs/flow_daily.nc:flow_mm,
usgs_11433300,usgs_daily,daily,11433300,MF AMERICAN R NR FORESTHILL CA,usgs_gpkg,,520.56,,39.0060108,-120.7607633,usgs_gauges:11433300,1958-10-01,1958-10-01,1966-12-31,3014,usgs/flow_daily.nc:flow_mm,
usgs_11433500,usgs_daily,daily,11433500,MF AMERICAN R NR AUBURN CA,usgs_gpkg,,614.28,,38.917954,-121.0152215,usgs_gauges:11433500,1950-01-01,1950-01-01,1964-12-31,5203,usgs/flow_daily.nc:flow_mm,
usgs_11445500,usgs_daily,daily,11445500,SF AMERICAN R NR LOTUS CA,usgs_gpkg,,673.19,,38.81851188,-120.946885,usgs_gauges:11445500,1951-10-01,1951-10-01,1959-12-31,3014,usgs/flow_daily.nc:flow_mm,
usgs_11449500,usgs_daily,daily,11449500,KELSEY C NR KELSEYVILLE CA,usgs_gpkg,,36.69,,38.9273642,-122.8435719,usgs_gauges:11449500,1950-01-01,1950-01-01,2014-12-31,23379,usgs/flow_daily.nc:flow_mm,
usgs_11451100,usgs_daily,daily,11451100,NF CACHE C A HOUGH SPRING NR CLEARLAKE OAKS CA,usgs_gpkg,,59.92,,39.1654458,-122.6199862,usgs_gauges:11451100,1971-10-01,1971-10-01,2015-12-31,15653,usgs/flow_daily.nc:flow_mm,
usgs_11451715,usgs_daily,daily,11451715,BEAR C AB HOLSTEN CHIMNEY CYN NR RUMSEY CA,usgs_gpkg,,95.6,,38.95764605,-122.342726,usgs_gauges:11451715,1997-11-21,1997-11-21,2014-12-31,6051,usgs/flow_daily.nc:flow_mm,
usgs_11523200,usgs_daily,daily,11523200,TRINITY R AB COFFEE C NR TRINITY CENTER CA,usgs_gpkg,,148.0,,41.11122108,-122.7055474,usgs_gauges:11523200,1957-10-01,1957-10-01,2014-12-31,20747,usgs/flow_daily.nc:flow_mm,
usgs_11525500,usgs_daily,daily,11525500,TRINITY R A LEWISTON CA,usgs_gpkg,,718.96,,40.7247222,-122.801111,usgs_gauges:11525500,1950-01-01,1950-01-01,1960-12-31,4018,usgs/flow_daily.nc:flow_mm,
cdec_BND,cdec_daily,daily,BND,CDEC SBB full natural flow,arcs,I_BCN010;I_BTL006;I_CLR011;I_COW014;I_CWD018;I_SCW008;I_SHSTA;I_SRBB_VAL;I_WKYTN,8900.0,,40.289,-122.186,cdec_stations:SBB,1999-05-01,1999-10-01,2018-12-31,7029,cdec15/gage.csv:flow,footprint_includes_valley_node;outlet_below_delineation
cdec_CLE,cdec_daily,daily,CLE,TRINITY LAKE,arcs,I_TRNTY,692.86,,40.801,-122.762,cdec_stations:CLE,1986-04-01,1986-04-01,2018-12-31,11310,cdec_fnf/fnf_daily_mm.csv:depth_mm,fnf_computed_at_trinity_dam
cdec_CSN,cdec_daily,daily,CSN,COSUMNES R AT MICHIGAN BAR,arcs,I_CMP001;I_CMP014;I_CSM035;I_JNKSN,539.11,,38.5,-121.044,cdec_stations:CSN,1999-04-01,1999-04-01,2018-12-31,7211,cdec_fnf/fnf_daily_mm.csv:depth_mm,daily_runs_6pct_below_monthly
cdec_FOL,cdec_daily,daily,FOL,CDEC AMF full natural flow,arcs,I_ALD002;I_ALD004;I_ALOHA;I_BSH003;I_CAPLS;I_CYN009;I_DCC010;I_ECHOL;I_FOLSM;I_FRMDW;I_GERLE;I_HHOLE;I_ICEHS;I_LKVLY;I_LNG012;I_LOONL;I_LRB004;I_MFA001;I_MFA023;I_MFA025;I_MFA036;I_NFA016;I_NFA022;I_NFA054;I_NLC003;I_NMA003;I_NNA013;I_PLC007;I_PLM001;I_PYR001;I_RCK001;I_RUB002;I_RUB047;I_SFA030;I_SFA040;I_SFA066;I_SFA076;I_SFR006;I_SILVR;I_SLC003;I_SLF009;I_SLV006;I_SLV015;I_STMPY;I_UNVLY;I_WBR001,1885.0,,38.636016,-121.221893,cdec_stations:AMF,1987-06-29,1987-10-02,2018-12-31,10335,cdec15/gage.csv:flow,outlet_below_delineation
cdec_ISB,cdec_daily,daily,ISB,CDEC KRI full natural flow,sacsma_15cdec_gis,,2074.0,,35.639,-118.484,cdec_stations:KRI,1987-05-31,1987-10-01,2018-12-31,11390,cdec15/gage.csv:flow,train_only
cdec_MIL,cdec_daily,daily,MIL,CDEC SBF full natural flow,arcs,I_MLRTN,1675.0,,36.999167,-119.706111,cdec_stations:SBF,1987-05-31,1987-10-01,2018-12-31,11220,cdec15/gage.csv:flow,
cdec_MKM,cdec_daily,daily,MKM,CDEC MKM full natural flow,arcs,I_COL003;I_MFM008;I_MOK079;I_NFM010;I_SFM005;I_SLTSP;I_TGC003;I_UBEAR,544.0,,38.256861,-120.850771,cdec_stations:MKM,1986-04-01,1988-10-01,2018-12-31,10251,cdec15/gage.csv:flow,outlet_below_delineation
cdec_MRC,cdec_daily,daily,MRC,CDEC MRC full natural flow,arcs,I_MCLRE,1061.0,,37.522,-120.331,cdec_stations:MRC,1988-01-01,1988-10-01,2018-12-31,11033,cdec15/gage.csv:flow,outlet_below_delineation
cdec_NHG,cdec_daily,daily,NHG,CDEC NHG full natural flow,arcs,I_NHGAN,363.0,,38.152,-120.812,cdec_stations:NHG,1987-05-01,1987-10-01,2018-12-31,9315,cdec15/gage.csv:flow,
cdec_NML,cdec_daily,daily,NML,CDEC NML full natural flow,arcs,I_ANG017;I_BEARD;I_BVC007;I_CFS001;I_DONLL;I_LYONS;I_MFS013;I_MFS022;I_MFS047;I_MIL003;I_NFS005;I_NFS009;I_NFS033;I_PCRST;I_RLIEF;I_SFS030;I_SFS033;I_SPICE;I_STS072,900.0,,37.9481,-120.525,cdec_stations:NML,1987-06-29,1987-10-02,2018-12-31,11194,cdec15/gage.csv:flow,
cdec_ORO,cdec_daily,daily,ORO,CDEC FTO full natural flow,arcs,I_ALMNR;I_ANTLP;I_BTVLY;I_BUCKS;I_DAVIS;I_EBF001;I_FRMAN;I_GZL009;I_LGRSV;I_MFF019;I_MFF087;I_MTMDW;I_NFF029;I_OROVL;I_RVPHB;I_SFF008;I_SFF011;I_SLYCK;I_WBF006;I_WBF015;I_WBF030,3607.0,,39.522,-121.547,cdec_stations:FTO,1985-04-21,1987-10-01,2018-12-31,11049,cdec15/gage.csv:flow,outlet_below_delineation
cdec_PNF,cdec_daily,daily,PNF,CDEC KGF full natural flow,sacsma_15cdec_gis,,1545.0,,36.831,-119.335,cdec_stations:KGF,1987-05-31,1987-10-01,2018-12-31,11358,cdec15/gage.csv:flow,train_only
cdec_SCC,cdec_daily,daily,SCC,CDEC SCC full natural flow,sacsma_15cdec_gis,,393.0,,36.056667,-118.924167,cdec_stations:SCC,1988-01-01,1988-10-01,2018-12-31,10520,cdec15/gage.csv:flow,train_only
cdec_SHA,cdec_daily,daily,SHA,CDEC SIS full natural flow,arcs,I_SHSTA,6665.0,,40.718,-122.42,cdec_stations:SIS,1987-05-31,1987-10-01,2018-12-31,11379,cdec15/gage.csv:flow,
cdec_TLG,cdec_daily,daily,TLG,CDEC TLG full natural flow,arcs,I_ELENR;I_HTCHY;I_LLOYD;I_PEDRO,1538.0,,37.666,-120.441,cdec_stations:TLG,1986-04-01,1986-10-01,2018-12-31,10655,cdec15/gage.csv:flow,
cdec_TRM,cdec_daily,daily,TRM,CDEC KWT full natural flow,sacsma_15cdec_gis,,561.0,,36.414167,-119.011667,cdec_stations:KWT,1987-05-31,1987-10-01,2018-12-31,11046,cdec15/gage.csv:flow,train_only;polygon_2.6pct_above_published_area
cdec_YRS,cdec_daily,daily,YRS,CDEC YRS full natural flow,arcs,I_BOWMN;I_DER001;I_DER004;I_ENGLB;I_FRDYC;I_FRNCH;I_JKSMD;I_LCBRF;I_MFY013;I_NBLDB;I_NFY029;I_OGN005;I_SCOTF;I_SFD003;I_SFY007;I_SFY048;I_SLT009;I_SPLDG,1108.0,,39.22357,-121.293651,cdec_stations:YRS,1987-05-01,1987-10-01,2018-12-31,10608,cdec15/gage.csv:flow,
