check,result,detail
SHA Aug-Nov ratio >= 0.80,PASS,"R 0.821, T 0.791"
SHA chunk-loss sum R < T,PASS,"R 6.152, T 6.383"
ORO Q99.9 bias within 3 points of T,PASS,"R -0.158, T -0.160"
ORO top-5 bias within 3 points of T,PASS,"R -0.196, T -0.199"
ORO KGE >= T - 0.02,PASS,"R 0.892, T 0.891"
ORO alpha >= T - 0.02,PASS,"R 0.916, T 0.916"
ORO lztwm <= 1.4 C,PASS,"R 241, C 213 mm"
ORO lzfsm <= 2 C,PASS,"R 683, C 803 mm"
FOL Q99.9 bias within 3 points of T,PASS,"R -0.054, T -0.058"
FOL top-5 bias within 3 points of T,PASS,"R -0.223, T -0.223"
FOL KGE >= T - 0.02,PASS,"R 0.895, T 0.896"
FOL alpha >= T - 0.02,PASS,"R 0.916, T 0.917"
FOL lztwm <= 1.4 C,PASS,"R 274, C 246 mm"
FOL lzfsm <= 2 C,PASS,"R 89, C 77 mm"
YRS Q99.9 bias within 3 points of T,PASS,"R -0.200, T -0.223"
YRS top-5 bias within 3 points of T,PASS,"R -0.256, T -0.267"
YRS KGE >= T - 0.02,PASS,"R 0.859, T 0.854"
YRS alpha >= T - 0.02,PASS,"R 0.895, T 0.890"
YRS lztwm <= 1.4 C,PASS,"R 305, C 268 mm"
YRS lzfsm <= 2 C,PASS,"R 158, C 140 mm"
MKM Q99.9 bias within 3 points of T,PASS,"R -0.128, T -0.138"
MKM top-5 bias within 3 points of T,PASS,"R -0.201, T -0.204"
MKM KGE >= T - 0.02,PASS,"R 0.839, T 0.838"
MKM alpha >= T - 0.02,PASS,"R 0.913, T 0.911"
MKM lztwm <= 1.4 C,PASS,"R 394, C 338 mm"
MKM lzfsm <= 2 C,PASS,"R 75, C 68 mm"
USGS paired median KGE >= -0.005 vs T,PASS,"+0.0013, R higher at 46/69"
CDEC paired median KGE >= -0.005 vs T,PASS,"+0.0009, R higher at 13/17"
unimpaired paired median KGE >= -0.005 vs T,PASS,"-0.0000, R higher at 4/9"
CalSim3 arcs paired median KGE >= -0.005 vs T,PASS,"+0.0003, R higher at 36/64"
CDEC paired median log-KGE >= -0.005 vs T,PASS,"+0.0020, up at 11/17"
no CDEC log-KGE more than 0.05 below T,PASS,min -0.006 at cdec_FOL
