basin,GA_cal,GA_val,dPL_cal,dPL_val,hybrid_cal,hybrid_val,hybrid_dt_cal,hybrid_dt_val
BND,0.7782,0.8073,0.8209,0.8415,0.9327,0.8874,0.8634,0.8393
FOL,0.852,0.8525,0.7498,0.7473,0.9313,0.8946,0.8234,0.7926
ISB,0.5502,0.7383,0.8867,0.8177,0.9496,0.8755,0.9318,0.8919
MIL,0.9021,0.8946,0.852,0.904,0.9585,0.9438,0.9274,0.9384
MKM,0.849,0.8008,0.7653,0.8014,0.8994,0.8484,0.8511,0.8154
MRC,0.8623,0.8844,0.8023,0.8829,0.8964,0.8497,0.8792,0.8592
NHG,0.8746,0.8752,0.7399,0.7281,0.909,0.8105,0.8151,0.7903
NML,0.8736,0.8721,0.8371,0.8825,0.9014,0.878,0.9044,0.894
ORO,0.8782,0.8815,0.8897,0.9023,0.9278,0.9322,0.856,0.8797
PNF,0.877,0.814,0.8482,0.863,0.9676,0.8859,0.9537,0.7965
SCC,0.4632,-0.1754,0.6724,0.8418,0.9198,0.6378,0.7932,0.6358
SHA,0.7824,0.7817,0.8407,0.8559,0.9497,0.9147,0.9159,0.8934
TLG,0.9078,0.8848,0.7564,0.8506,0.912,0.924,0.852,0.9366
TRM,0.8328,0.8117,0.8493,0.8073,0.9468,0.9217,0.9017,0.8747
YRS,0.7848,0.7891,0.7198,0.8439,0.8809,0.9172,0.7866,0.8913
