basin_no,month,rch_mm,run_mm,area_m2
2,1999-10,0.0,0.0,1398440700
2,1999-11,0.1,0.0,1398440700
2,1999-12,0.1,0.0,1398440700
2,2000-01,15.1,9.5,1398440700
2,2000-02,37.5,189.0,1398440700
2,2000-03,29.2,18.9,1398440700
2,2000-04,4.0,3.3,1398440700
2,2000-05,0.0,0.0,1398440700
2,2000-06,0.0,0.0,1398440700
2,2000-07,0.0,0.0,1398440700
2,2000-08,0.0,0.0,1398440700
2,2000-09,0.0,0.0,1398440700
2,2000-10,0.0,0.0,1398440700
2,2000-11,0.1,0.0,1398440700
2,2000-12,0.1,0.0,1398440700
2,2001-01,6.4,3.4,1398440700
2,2001-02,28.9,68.4,1398440700
2,2001-03,23.4,11.8,1398440700
2,2001-04,0.1,0.0,1398440700
2,2001-05,0.0,0.0,1398440700
2,2001-06,0.0,0.0,1398440700
2,2001-07,0.0,0.0,1398440700
2,2001-08,0.0,0.0,1398440700
2,2001-09,0.0,0.0,1398440700
2,2001-10,0.0,0.0,1398440700
2,2001-11,1.4,1.5,1398440700
2,2001-12,34.4,117.8,1398440700
2,2002-01,50.7,47.4,1398440700
2,2002-02,19.4,9.9,1398440700
2,2002-03,22.7,12.6,1398440700
2,2002-04,0.0,0.0,1398440700
2,2002-05,0.0,0.0,1398440700
2,2002-06,0.0,0.0,1398440700
2,2002-07,0.0,0.0,1398440700
2,2002-08,0.0,0.0,1398440700
2,2002-09,0.0,0.0,1398440700
2,2002-10,0.0,0.0,1398440700
2,2002-11,0.0,0.0,1398440700
2,2002-12,38.9,181.1,1398440700
2,2003-01,49.5,41.7,1398440700
2,2003-02,28.5,18.0,1398440700
2,2003-03,32.6,24.8,1398440700
2,2003-04,16.9,59.2,1398440700
2,2003-05,0.0,0.0,1398440700
2,2003-06,0.0,0.0,1398440700
2,2003-07,0.0,0.0,1398440700
2,2003-08,0.0,0.0,1398440700
2,2003-09,0.0,0.0,1398440700
2,2003-10,0.0,0.0,1398440700
2,2003-11,0.0,0.0,1398440700
2,2003-12,25.4,59.4,1398440700
2,2004-01,42.2,27.3,1398440700
2,2004-02,42.1,206.4,1398440700
2,2004-03,4.9,0.8,1398440700
2,2004-04,0.0,0.0,1398440700
2,2004-05,0.0,0.0,1398440700
2,2004-06,0.0,0.0,1398440700
2,2004-07,0.0,0.0,1398440700
2,2004-08,0.0,0.0,1398440700
2,2004-09,0.0,0.0,1398440700
2,2004-10,0.0,0.0,1398440700
2,2004-11,0.2,0.1,1398440700
2,2004-12,24.5,51.6,1398440700
2,2005-01,47.6,82.5,1398440700
2,2005-02,49.9,56.3,1398440700
2,2005-03,31.4,80.4,1398440700
2,2005-04,1.9,0.3,1398440700
2,2005-05,3.2,24.1,1398440700
2,2005-06,0.0,0.0,1398440700
2,2005-07,0.0,0.0,1398440700
2,2005-08,0.0,0.0,1398440700
2,2005-09,0.0,0.0,1398440700
2,2005-10,0.0,0.0,1398440700
2,2005-11,0.1,0.0,1398440700
2,2005-12,35.5,125.8,1398440700
2,2006-01,56.4,86.8,1398440700
2,2006-02,51.7,58.5,1398440700
2,2006-03,32.8,158.1,1398440700
2,2006-04,18.5,93.5,1398440700
2,2006-05,0.0,0.0,1398440700
2,2006-06,0.0,0.0,1398440700
2,2006-07,0.0,0.0,1398440700
2,2006-08,0.0,0.0,1398440700
2,2006-09,0.0,0.0,1398440700
2,2006-10,0.0,0.0,1398440700
2,2006-11,0.0,0.0,1398440700
2,2006-12,1.6,0.7,1398440700
2,2007-01,0.3,0.0,1398440700
2,2007-02,22.4,44.9,1398440700
2,2007-03,0.0,0.0,1398440700
2,2007-04,0.4,0.1,1398440700
2,2007-05,0.0,0.0,1398440700
2,2007-06,0.0,0.0,1398440700
2,2007-07,0.0,0.0,1398440700
2,2007-08,0.0,0.0,1398440700
2,2007-09,0.0,0.0,1398440700
2,2007-10,0.0,0.0,1398440700
2,2007-11,0.0,0.0,1398440700
2,2007-12,0.6,0.2,1398440700
2,2008-01,25.7,78.2,1398440700
2,2008-02,44.3,42.0,1398440700
2,2008-03,0.0,0.0,1398440700
2,2008-04,0.0,0.0,1398440700
2,2008-05,0.0,0.0,1398440700
2,2008-06,0.0,0.0,1398440700
2,2008-07,0.0,0.0,1398440700
2,2008-08,0.0,0.0,1398440700
2,2008-09,0.0,0.0,1398440700
2,2008-10,0.0,0.0,1398440700
2,2008-11,0.0,0.0,1398440700
2,2008-12,0.4,0.2,1398440700
2,2009-01,0.1,0.0,1398440700
2,2009-02,22.9,59.5,1398440700
2,2009-03,28.3,19.5,1398440700
2,2009-04,0.0,0.0,1398440700
2,2009-05,0.1,0.2,1398440700
2,2009-06,0.0,0.0,1398440700
2,2009-07,0.0,0.0,1398440700
2,2009-08,0.0,0.0,1398440700
2,2009-09,0.0,0.0,1398440700
2,2009-10,0.0,0.0,1398440700
2,2009-11,0.1,0.0,1398440700
2,2009-12,1.3,0.4,1398440700
2,2010-01,32.6,106.0,1398440700
2,2010-02,48.7,58.2,1398440700
2,2010-03,31.1,20.7,1398440700
2,2010-04,15.7,53.5,1398440700
2,2010-05,0.2,0.4,1398440700
2,2010-06,0.0,0.0,1398440700
2,2010-07,0.0,0.0,1398440700
2,2010-08,0.0,0.0,1398440700
2,2010-09,0.0,0.0,1398440700
3,1999-10,0.0,0.0,2270470500
3,1999-11,0.2,0.1,2270470500
3,1999-12,0.6,0.0,2270470500
3,2000-01,27.3,30.3,2270470500
3,2000-02,46.9,190.3,2270470500
3,2000-03,33.1,9.2,2270470500
3,2000-04,9.7,2.2,2270470500
3,2000-05,0.0,0.2,2270470500
3,2000-06,0.0,0.0,2270470500
3,2000-07,0.0,0.0,2270470500
3,2000-08,0.0,0.0,2270470500
3,2000-09,0.0,0.0,2270470500
3,2000-10,0.0,0.0,2270470500
3,2000-11,0.0,0.0,2270470500
3,2000-12,0.3,0.0,2270470500
3,2001-01,13.8,6.9,2270470500
3,2001-02,35.5,75.0,2270470500
3,2001-03,33.2,11.4,2270470500
3,2001-04,0.1,0.0,2270470500
3,2001-05,0.0,0.0,2270470500
3,2001-06,0.0,0.0,2270470500
3,2001-07,0.0,0.0,2270470500
3,2001-08,0.0,0.0,2270470500
3,2001-09,0.0,0.0,2270470500
3,2001-10,0.0,0.0,2270470500
3,2001-11,4.7,4.0,2270470500
3,2001-12,40.6,125.6,2270470500
3,2002-01,58.9,47.1,2270470500
3,2002-02,31.1,9.3,2270470500
3,2002-03,26.0,5.7,2270470500
3,2002-04,0.0,0.0,2270470500
3,2002-05,0.0,0.0,2270470500
3,2002-06,0.0,0.0,2270470500
3,2002-07,0.0,0.0,2270470500
3,2002-08,0.0,0.0,2270470500
3,2002-09,0.0,0.0,2270470500
3,2002-10,0.0,0.0,2270470500
3,2002-11,0.0,0.0,2270470500
3,2002-12,47.7,193.7,2270470500
3,2003-01,61.1,48.5,2270470500
3,2003-02,35.3,10.8,2270470500
3,2003-03,48.4,24.5,2270470500
3,2003-04,31.0,79.4,2270470500
3,2003-05,0.0,0.0,2270470500
3,2003-06,0.0,0.0,2270470500
3,2003-07,0.0,0.0,2270470500
3,2003-08,0.0,0.0,2270470500
3,2003-09,0.0,0.0,2270470500
3,2003-10,0.0,0.0,2270470500
3,2003-11,0.0,0.0,2270470500
3,2003-12,35.9,96.2,2270470500
3,2004-01,51.6,29.2,2270470500
3,2004-02,53.6,216.5,2270470500
3,2004-03,10.8,1.2,2270470500
3,2004-04,0.2,0.0,2270470500
3,2004-05,0.0,0.0,2270470500
3,2004-06,0.0,0.0,2270470500
3,2004-07,0.0,0.0,2270470500
3,2004-08,0.0,0.0,2270470500
3,2004-09,0.0,0.0,2270470500
3,2004-10,0.0,0.0,2270470500
3,2004-11,0.2,0.0,2270470500
3,2004-12,28.9,54.9,2270470500
3,2005-01,56.6,77.4,2270470500
3,2005-02,55.3,35.1,2270470500
3,2005-03,46.7,74.9,2270470500
3,2005-04,8.5,1.2,2270470500
3,2005-05,4.1,16.0,2270470500
3,2005-06,0.0,0.0,2270470500
3,2005-07,0.0,0.0,2270470500
3,2005-08,0.0,0.0,2270470500
3,2005-09,0.0,0.0,2270470500
3,2005-10,0.0,0.0,2270470500
3,2005-11,0.5,0.1,2270470500
3,2005-12,45.2,177.5,2270470500
3,2006-01,62.0,94.7,2270470500
3,2006-02,58.7,45.9,2270470500
3,2006-03,47.2,148.7,2270470500
3,2006-04,33.8,107.6,2270470500
3,2006-05,0.0,0.0,2270470500
3,2006-06,0.0,0.0,2270470500
3,2006-07,0.0,0.0,2270470500
3,2006-08,0.0,0.0,2270470500
3,2006-09,0.0,0.0,2270470500
3,2006-10,0.0,0.0,2270470500
3,2006-11,0.0,0.0,2270470500
3,2006-12,7.1,2.5,2270470500
3,2007-01,1.5,0.0,2270470500
3,2007-02,33.0,87.0,2270470500
3,2007-03,0.0,0.0,2270470500
3,2007-04,3.1,0.3,2270470500
3,2007-05,0.0,0.0,2270470500
3,2007-06,0.0,0.0,2270470500
3,2007-07,0.0,0.0,2270470500
3,2007-08,0.0,0.0,2270470500
3,2007-09,0.0,0.0,2270470500
3,2007-10,0.0,0.0,2270470500
3,2007-11,0.0,0.0,2270470500
3,2007-12,1.1,0.3,2270470500
3,2008-01,28.4,73.1,2270470500
3,2008-02,50.6,56.8,2270470500
3,2008-03,1.5,0.3,2270470500
3,2008-04,0.0,0.0,2270470500
3,2008-05,0.0,0.0,2270470500
3,2008-06,0.0,0.0,2270470500
3,2008-07,0.0,0.0,2270470500
3,2008-08,0.0,0.0,2270470500
3,2008-09,0.0,0.0,2270470500
3,2008-10,0.0,0.0,2270470500
3,2008-11,0.0,0.0,2270470500
3,2008-12,0.4,0.1,2270470500
3,2009-01,0.3,0.0,2270470500
3,2009-02,23.9,46.4,2270470500
3,2009-03,29.0,11.4,2270470500
3,2009-04,0.0,0.0,2270470500
3,2009-05,0.0,0.1,2270470500
3,2009-06,0.0,0.0,2270470500
3,2009-07,0.0,0.0,2270470500
3,2009-08,0.0,0.0,2270470500
3,2009-09,0.0,0.0,2270470500
3,2009-10,0.0,0.0,2270470500
3,2009-11,0.0,0.0,2270470500
3,2009-12,1.2,0.2,2270470500
3,2010-01,37.0,114.5,2270470500
3,2010-02,50.3,38.5,2270470500
3,2010-03,39.5,19.8,2270470500
3,2010-04,24.9,54.4,2270470500
3,2010-05,0.1,0.4,2270470500
3,2010-06,0.0,0.0,2270470500
3,2010-07,0.0,0.0,2270470500
3,2010-08,0.0,0.0,2270470500
3,2010-09,0.0,0.0,2270470500
4,1999-10,0.0,0.0,1858877100
4,1999-11,1.3,1.3,1858877100
4,1999-12,2.8,1.0,1858877100
4,2000-01,16.9,11.7,1858877100
4,2000-02,35.8,71.1,1858877100
4,2000-03,33.8,20.1,1858877100
4,2000-04,14.7,20.9,1858877100
4,2000-05,1.9,7.1,1858877100
4,2000-06,0.0,0.0,1858877100
4,2000-07,0.0,0.0,1858877100
4,2000-08,0.0,0.0,1858877100
4,2000-09,0.0,0.0,1858877100
4,2000-10,0.2,0.1,1858877100
4,2000-11,0.4,0.2,1858877100
4,2000-12,1.3,0.6,1858877100
4,2001-01,6.6,3.2,1858877100
4,2001-02,22.1,13.9,1858877100
4,2001-03,30.9,21.8,1858877100
4,2001-04,3.3,2.8,1858877100
4,2001-05,0.0,0.0,1858877100
4,2001-06,0.0,0.0,1858877100
4,2001-07,0.0,0.0,1858877100
4,2001-08,0.0,0.0,1858877100
4,2001-09,0.0,0.0,1858877100
4,2001-10,0.0,0.0,1858877100
4,2001-11,4.2,5.5,1858877100
4,2001-12,25.7,32.1,1858877100
4,2002-01,44.5,19.8,1858877100
4,2002-02,33.5,23.2,1858877100
4,2002-03,26.3,14.1,1858877100
4,2002-04,7.9,12.7,1858877100
4,2002-05,1.5,2.3,1858877100
4,2002-06,0.0,0.0,1858877100
4,2002-07,0.0,0.0,1858877100
4,2002-08,0.0,0.0,1858877100
4,2002-09,0.0,0.0,1858877100
4,2002-10,0.0,0.0,1858877100
4,2002-11,0.2,0.2,1858877100
4,2002-12,27.8,40.4,1858877100
4,2003-01,51.0,52.9,1858877100
4,2003-02,36.1,10.1,1858877100
4,2003-03,40.3,24.9,1858877100
4,2003-04,29.1,38.1,1858877100
4,2003-05,5.6,18.5,1858877100
4,2003-06,1.0,3.8,1858877100
4,2003-07,0.0,0.0,1858877100
4,2003-08,0.0,0.0,1858877100
4,2003-09,0.0,0.0,1858877100
4,2003-10,0.0,0.0,1858877100
4,2003-11,0.2,0.1,1858877100
4,2003-12,14.8,13.5,1858877100
4,2004-01,33.6,10.7,1858877100
4,2004-02,50.4,95.4,1858877100
4,2004-03,26.3,34.1,1858877100
4,2004-04,8.5,16.4,1858877100
4,2004-05,1.5,4.2,1858877100
4,2004-06,0.0,0.0,1858877100
4,2004-07,0.0,0.0,1858877100
4,2004-08,0.0,0.0,1858877100
4,2004-09,0.0,0.0,1858877100
4,2004-10,0.1,0.1,1858877100
4,2004-11,0.3,0.1,1858877100
4,2004-12,22.6,29.9,1858877100
4,2005-01,51.6,52.9,1858877100
4,2005-02,56.7,28.3,1858877100
4,2005-03,44.8,35.7,1858877100
4,2005-04,8.1,3.1,1858877100
4,2005-05,9.1,14.4,1858877100
4,2005-06,0.0,0.0,1858877100
4,2005-07,0.0,0.0,1858877100
4,2005-08,0.0,0.0,1858877100
4,2005-09,0.0,0.0,1858877100
4,2005-10,0.0,0.0,1858877100
4,2005-11,0.7,0.6,1858877100
4,2005-12,38.0,98.2,1858877100
4,2006-01,49.3,44.2,1858877100
4,2006-02,47.4,29.7,1858877100
4,2006-03,35.4,40.1,1858877100
4,2006-04,34.7,86.7,1858877100
4,2006-05,7.1,22.6,1858877100
4,2006-06,0.6,0.8,1858877100
4,2006-07,0.0,0.0,1858877100
4,2006-08,0.0,0.0,1858877100
4,2006-09,0.0,0.0,1858877100
4,2006-10,0.0,0.0,1858877100
4,2006-11,0.5,0.4,1858877100
4,2006-12,7.7,7.8,1858877100
4,2007-01,3.4,0.2,1858877100
4,2007-02,25.3,36.7,1858877100
4,2007-03,5.2,3.6,1858877100
4,2007-04,4.7,0.8,1858877100
4,2007-05,0.0,0.0,1858877100
4,2007-06,0.0,0.0,1858877100
4,2007-07,0.0,0.0,1858877100
4,2007-08,0.0,0.0,1858877100
4,2007-09,0.0,0.0,1858877100
4,2007-10,0.0,0.0,1858877100
4,2007-11,0.1,0.0,1858877100
4,2007-12,0.5,0.1,1858877100
4,2008-01,12.6,10.1,1858877100
4,2008-02,35.7,33.1,1858877100
4,2008-03,19.7,9.9,1858877100
4,2008-04,9.7,12.7,1858877100
4,2008-05,2.0,3.9,1858877100
4,2008-06,0.0,0.0,1858877100
4,2008-07,0.0,0.0,1858877100
4,2008-08,0.0,0.0,1858877100
4,2008-09,0.0,0.0,1858877100
4,2008-10,0.0,0.0,1858877100
4,2008-11,0.3,0.2,1858877100
4,2008-12,1.8,1.0,1858877100
4,2009-01,3.0,0.8,1858877100
4,2009-02,16.4,13.5,1858877100
4,2009-03,24.6,13.3,1858877100
4,2009-04,2.9,3.3,1858877100
4,2009-05,0.8,0.7,1858877100
4,2009-06,0.0,0.0,1858877100
4,2009-07,0.0,0.0,1858877100
4,2009-08,0.0,0.0,1858877100
4,2009-09,0.0,0.0,1858877100
4,2009-10,0.0,0.0,1858877100
4,2009-11,0.2,0.1,1858877100
4,2009-12,1.8,0.8,1858877100
4,2010-01,32.7,63.4,1858877100
4,2010-02,42.4,20.6,1858877100
4,2010-03,28.2,14.2,1858877100
4,2010-04,26.3,36.9,1858877100
4,2010-05,1.9,5.8,1858877100
4,2010-06,0.2,0.1,1858877100
4,2010-07,0.0,0.0,1858877100
4,2010-08,0.0,0.0,1858877100
4,2010-09,0.0,0.0,1858877100
5,1999-10,0.1,0.0,678771900
5,1999-11,8.7,2.9,678771900
5,1999-12,22.6,0.8,678771900
5,2000-01,46.8,26.8,678771900
5,2000-02,59.5,80.3,678771900
5,2000-03,70.9,46.1,678771900
5,2000-04,47.5,83.5,678771900
5,2000-05,14.4,26.9,678771900
5,2000-06,0.5,0.2,678771900
5,2000-07,0.0,0.0,678771900
5,2000-08,0.0,0.0,678771900
5,2000-09,0.0,0.0,678771900
5,2000-10,0.5,0.3,678771900
5,2000-11,1.8,0.0,678771900
5,2000-12,7.6,0.2,678771900
5,2001-01,31.5,0.8,678771900
5,2001-02,45.4,11.9,678771900
5,2001-03,64.7,58.7,678771900
5,2001-04,14.6,4.6,678771900
5,2001-05,0.6,0.2,678771900
5,2001-06,0.0,0.0,678771900
5,2001-07,0.0,0.0,678771900
5,2001-08,0.0,0.0,678771900
5,2001-09,0.0,0.0,678771900
5,2001-10,0.0,0.0,678771900
5,2001-11,31.0,22.6,678771900
5,2001-12,35.9,25.7,678771900
5,2002-01,68.7,12.2,678771900
5,2002-02,65.2,45.7,678771900
5,2002-03,62.0,25.1,678771900
5,2002-04,39.3,59.4,678771900
5,2002-05,11.0,12.8,678771900
5,2002-06,0.3,0.1,678771900
5,2002-07,0.0,0.0,678771900
5,2002-08,0.0,0.0,678771900
5,2002-09,0.0,0.0,678771900
5,2002-10,0.0,0.0,678771900
5,2002-11,1.0,0.2,678771900
5,2002-12,55.4,65.6,678771900
5,2003-01,80.2,102.1,678771900
5,2003-02,64.5,12.2,678771900
5,2003-03,72.9,52.3,678771900
5,2003-04,57.1,62.2,678771900
5,2003-05,28.3,69.7,678771900
5,2003-06,4.8,12.6,678771900
5,2003-07,0.0,0.0,678771900
5,2003-08,0.0,0.0,678771900
5,2003-09,0.0,0.0,678771900
5,2003-10,0.0,0.0,678771900
5,2003-11,0.2,0.0,678771900
5,2003-12,23.3,13.0,678771900
5,2004-01,58.7,10.3,678771900
5,2004-02,69.6,101.1,678771900
5,2004-03,61.7,87.4,678771900
5,2004-04,35.4,57.3,678771900
5,2004-05,8.7,13.2,678771900
5,2004-06,0.4,0.1,678771900
5,2004-07,0.0,0.0,678771900
5,2004-08,0.0,0.0,678771900
5,2004-09,0.0,0.0,678771900
5,2004-10,0.5,0.3,678771900
5,2004-11,1.0,0.0,678771900
5,2004-12,55.6,69.8,678771900
5,2005-01,78.0,53.4,678771900
5,2005-02,74.4,34.5,678771900
5,2005-03,73.7,80.6,678771900
5,2005-04,23.2,12.5,678771900
5,2005-05,36.0,39.3,678771900
5,2005-06,0.0,0.0,678771900
5,2005-07,0.0,0.0,678771900
5,2005-08,0.0,0.0,678771900
5,2005-09,0.0,0.0,678771900
5,2005-10,0.0,0.0,678771900
5,2005-11,3.7,0.9,678771900
5,2005-12,69.2,181.7,678771900
5,2006-01,75.0,45.0,678771900
5,2006-02,74.1,56.3,678771900
5,2006-03,29.9,31.1,678771900
5,2006-04,62.8,170.5,678771900
5,2006-05,39.5,125.5,678771900
5,2006-06,5.8,12.5,678771900
5,2006-07,0.0,0.0,678771900
5,2006-08,0.0,0.0,678771900
5,2006-09,0.0,0.0,678771900
5,2006-10,0.0,0.0,678771900
5,2006-11,3.7,1.2,678771900
5,2006-12,46.2,29.0,678771900
5,2007-01,16.8,0.0,678771900
5,2007-02,55.2,75.9,678771900
5,2007-03,26.1,11.4,678771900
5,2007-04,17.4,4.9,678771900
5,2007-05,0.4,0.2,678771900
5,2007-06,0.0,0.0,678771900
5,2007-07,0.0,0.0,678771900
5,2007-08,0.0,0.0,678771900
5,2007-09,0.0,0.0,678771900
5,2007-10,0.3,0.2,678771900
5,2007-11,0.8,0.0,678771900
5,2007-12,3.1,0.0,678771900
5,2008-01,20.9,12.4,678771900
5,2008-02,63.4,54.6,678771900
5,2008-03,57.4,22.0,678771900
5,2008-04,42.6,52.6,678771900
5,2008-05,17.1,24.1,678771900
5,2008-06,0.1,0.0,678771900
5,2008-07,0.0,0.0,678771900
5,2008-08,0.0,0.0,678771900
5,2008-09,0.0,0.0,678771900
5,2008-10,0.1,0.0,678771900
5,2008-11,1.4,0.3,678771900
5,2008-12,13.5,0.5,678771900
5,2009-01,27.5,1.2,678771900
5,2009-02,46.1,31.2,678771900
5,2009-03,61.4,39.8,678771900
5,2009-04,18.1,9.4,678771900
5,2009-05,3.9,5.8,678771900
5,2009-06,0.0,0.0,678771900
5,2009-07,0.0,0.0,678771900
5,2009-08,0.0,0.0,678771900
5,2009-09,0.0,0.0,678771900
5,2009-10,0.0,0.0,678771900
5,2009-11,1.3,0.2,678771900
5,2009-12,8.9,0.1,678771900
5,2010-01,62.5,97.3,678771900
5,2010-02,68.4,40.1,678771900
5,2010-03,59.6,37.3,678771900
5,2010-04,56.0,77.8,678771900
5,2010-05,14.3,26.0,678771900
5,2010-06,1.3,4.0,678771900
5,2010-07,0.0,0.0,678771900
5,2010-08,0.0,0.0,678771900
5,2010-09,0.0,0.0,678771900
6,1999-10,0.3,0.1,17478941400
6,1999-11,8.7,2.0,17478941400
6,1999-12,6.8,0.2,17478941400
6,2000-01,23.2,36.9,17478941400
6,2000-02,38.1,72.4,17478941400
6,2000-03,59.9,17.6,17478941400
6,2000-04,57.9,52.5,17478941400
6,2000-05,22.4,12.2,17478941400
6,2000-06,3.6,1.7,17478941400
6,2000-07,0.2,0.2,17478941400
6,2000-08,0.0,0.0,17478941400
6,2000-09,0.1,0.0,17478941400
6,2000-10,1.4,0.6,17478941400
6,2000-11,2.3,0.0,17478941400
6,2000-12,5.2,0.3,17478941400
6,2001-01,10.8,2.6,17478941400
6,2001-02,18.7,17.8,17478941400
6,2001-03,46.7,11.1,17478941400
6,2001-04,27.3,3.1,17478941400
6,2001-05,7.8,2.5,17478941400
6,2001-06,0.3,0.2,17478941400
6,2001-07,0.0,0.0,17478941400
6,2001-08,0.0,0.0,17478941400
6,2001-09,0.0,0.0,17478941400
6,2001-10,0.3,0.0,17478941400
6,2001-11,15.8,12.4,17478941400
6,2001-12,16.3,28.0,17478941400
6,2002-01,17.3,6.4,17478941400
6,2002-02,37.0,11.3,17478941400
6,2002-03,49.0,13.0,17478941400
6,2002-04,59.4,26.2,17478941400
6,2002-05,18.1,8.6,17478941400
6,2002-06,3.0,1.2,17478941400
6,2002-07,0.1,0.1,17478941400
6,2002-08,0.0,0.0,17478941400
6,2002-09,0.0,0.0,17478941400
6,2002-10,0.0,0.0,17478941400
6,2002-11,0.5,0.0,17478941400
6,2002-12,21.8,56.9,17478941400
6,2003-01,47.7,23.0,17478941400
6,2003-02,29.2,3.4,17478941400
6,2003-03,62.6,26.5,17478941400
6,2003-04,45.6,52.2,17478941400
6,2003-05,33.7,24.6,17478941400
6,2003-06,10.0,9.2,17478941400
6,2003-07,0.8,0.7,17478941400
6,2003-08,0.0,0.0,17478941400
6,2003-09,0.0,0.0,17478941400
6,2003-10,0.0,0.0,17478941400
6,2003-11,0.3,0.1,17478941400
6,2003-12,13.0,21.7,17478941400
6,2004-01,18.5,7.4,17478941400
6,2004-02,25.8,49.8,17478941400
6,2004-03,67.1,28.4,17478941400
6,2004-04,61.6,26.9,17478941400
6,2004-05,29.1,18.6,17478941400
6,2004-06,5.1,2.7,17478941400
6,2004-07,0.2,0.2,17478941400
6,2004-08,0.0,0.0,17478941400
6,2004-09,0.0,0.0,17478941400
6,2004-10,3.0,1.5,17478941400
6,2004-11,7.5,0.7,17478941400
6,2004-12,28.3,19.4,17478941400
6,2005-01,32.4,11.7,17478941400
6,2005-02,43.0,7.9,17478941400
6,2005-03,64.4,30.6,17478941400
6,2005-04,38.6,11.6,17478941400
6,2005-05,35.2,51.0,17478941400
6,2005-06,2.1,1.4,17478941400
6,2005-07,0.4,0.4,17478941400
6,2005-08,0.0,0.0,17478941400
6,2005-09,0.0,0.0,17478941400
6,2005-10,0.0,0.0,17478941400
6,2005-11,7.1,3.3,17478941400
6,2005-12,39.0,65.8,17478941400
6,2006-01,27.8,30.1,17478941400
6,2006-02,49.3,18.5,17478941400
6,2006-03,22.6,32.5,17478941400
6,2006-04,69.6,143.7,17478941400
6,2006-05,65.0,75.4,17478941400
6,2006-06,17.2,18.0,17478941400
6,2006-07,1.7,1.4,17478941400
6,2006-08,0.1,0.0,17478941400
6,2006-09,0.0,0.0,17478941400
6,2006-10,0.0,0.0,17478941400
6,2006-11,1.7,0.3,17478941400
6,2006-12,14.5,5.8,17478941400
6,2007-01,8.3,0.3,17478941400
6,2007-02,32.2,42.3,17478941400
6,2007-03,43.9,4.5,17478941400
6,2007-04,24.6,3.5,17478941400
6,2007-05,6.3,2.0,17478941400
6,2007-06,0.4,0.1,17478941400
6,2007-07,0.0,0.0,17478941400
6,2007-08,0.0,0.0,17478941400
6,2007-09,0.0,0.0,17478941400
6,2007-10,1.4,0.7,17478941400
6,2007-11,1.4,0.0,17478941400
6,2007-12,2.6,0.5,17478941400
6,2008-01,7.8,10.9,17478941400
6,2008-02,19.0,16.7,17478941400
6,2008-03,29.9,7.8,17478941400
6,2008-04,46.1,12.9,17478941400
6,2008-05,29.5,16.4,17478941400
6,2008-06,1.5,0.3,17478941400
6,2008-07,0.0,0.0,17478941400
6,2008-08,0.0,0.0,17478941400
6,2008-09,0.0,0.0,17478941400
6,2008-10,0.1,0.0,17478941400
6,2008-11,2.6,0.2,17478941400
6,2008-12,4.9,0.7,17478941400
6,2009-01,7.6,0.2,17478941400
6,2009-02,27.6,42.6,17478941400
6,2009-03,47.4,30.3,17478941400
6,2009-04,36.7,6.7,17478941400
6,2009-05,17.4,15.6,17478941400
6,2009-06,1.3,1.5,17478941400
6,2009-07,0.1,0.0,17478941400
6,2009-08,0.0,0.0,17478941400
6,2009-09,0.0,0.0,17478941400
6,2009-10,0.4,0.2,17478941400
6,2009-11,3.2,0.1,17478941400
6,2009-12,5.5,1.0,17478941400
6,2010-01,29.0,55.8,17478941400
6,2010-02,40.2,20.7,17478941400
6,2010-03,54.2,11.5,17478941400
6,2010-04,43.8,43.0,17478941400
6,2010-05,27.3,16.6,17478941400
6,2010-06,9.3,9.8,17478941400
6,2010-07,1.0,0.8,17478941400
6,2010-08,0.0,0.0,17478941400
6,2010-09,0.0,0.0,17478941400
7,1999-10,0.4,0.2,2599978500
7,1999-11,12.6,0.3,2599978500
7,1999-12,8.9,0.0,2599978500
7,2000-01,70.3,39.1,2599978500
7,2000-02,109.5,189.2,2599978500
7,2000-03,92.6,14.3,2599978500
7,2000-04,64.1,40.1,2599978500
7,2000-05,29.7,20.3,2599978500
7,2000-06,3.8,1.4,2599978500
7,2000-07,0.0,0.0,2599978500
7,2000-08,0.0,0.0,2599978500
7,2000-09,0.0,0.0,2599978500
7,2000-10,1.2,0.5,2599978500
7,2000-11,2.2,0.0,2599978500
7,2000-12,9.0,0.1,2599978500
7,2001-01,42.3,5.0,2599978500
7,2001-02,81.3,38.4,2599978500
7,2001-03,87.8,13.1,2599978500
7,2001-04,58.8,6.8,2599978500
7,2001-05,10.5,3.3,2599978500
7,2001-06,0.0,0.0,2599978500
7,2001-07,0.0,0.0,2599978500
7,2001-08,0.0,0.0,2599978500
7,2001-09,0.0,0.0,2599978500
7,2001-10,0.2,0.0,2599978500
7,2001-11,21.9,10.7,2599978500
7,2001-12,79.7,84.3,2599978500
7,2002-01,86.2,8.5,2599978500
7,2002-02,77.0,5.6,2599978500
7,2002-03,88.5,10.8,2599978500
7,2002-04,52.5,29.5,2599978500
7,2002-05,24.6,12.3,2599978500
7,2002-06,2.3,1.5,2599978500
7,2002-07,0.0,0.0,2599978500
7,2002-08,0.0,0.0,2599978500
7,2002-09,0.0,0.0,2599978500
7,2002-10,0.0,0.0,2599978500
7,2002-11,1.4,0.1,2599978500
7,2002-12,104.2,147.2,2599978500
7,2003-01,146.7,31.9,2599978500
7,2003-02,66.4,3.6,2599978500
7,2003-03,113.5,20.8,2599978500
7,2003-04,73.8,82.8,2599978500
7,2003-05,32.0,60.6,2599978500
7,2003-06,12.9,14.6,2599978500
7,2003-07,1.0,0.7,2599978500
7,2003-08,0.0,0.0,2599978500
7,2003-09,0.0,0.0,2599978500
7,2003-10,0.0,0.0,2599978500
7,2003-11,0.0,0.0,2599978500
7,2003-12,37.0,26.7,2599978500
7,2004-01,83.2,7.7,2599978500
7,2004-02,95.7,122.8,2599978500
7,2004-03,70.8,22.5,2599978500
7,2004-04,47.3,26.7,2599978500
7,2004-05,27.8,22.3,2599978500
7,2004-06,3.1,1.6,2599978500
7,2004-07,0.0,0.0,2599978500
7,2004-08,0.0,0.0,2599978500
7,2004-09,0.0,0.0,2599978500
7,2004-10,1.2,0.5,2599978500
7,2004-11,4.3,0.0,2599978500
7,2004-12,78.2,13.9,2599978500
7,2005-01,120.1,24.1,2599978500
7,2005-02,86.2,4.8,2599978500
7,2005-03,120.6,34.9,2599978500
7,2005-04,58.1,7.5,2599978500
7,2005-05,39.2,50.2,2599978500
7,2005-06,0.9,0.9,2599978500
7,2005-07,0.0,0.0,2599978500
7,2005-08,0.0,0.0,2599978500
7,2005-09,0.0,0.0,2599978500
7,2005-10,0.0,0.0,2599978500
7,2005-11,5.3,0.8,2599978500
7,2005-12,118.1,207.5,2599978500
7,2006-01,109.8,54.5,2599978500
7,2006-02,124.9,23.8,2599978500
7,2006-03,74.3,104.3,2599978500
7,2006-04,88.2,166.3,2599978500
7,2006-05,49.9,85.1,2599978500
7,2006-06,18.9,21.4,2599978500
7,2006-07,1.5,1.6,2599978500
7,2006-08,0.0,0.0,2599978500
7,2006-09,0.0,0.0,2599978500
7,2006-10,0.0,0.0,2599978500
7,2006-11,0.7,0.0,2599978500
7,2006-12,25.5,2.0,2599978500
7,2007-01,5.3,0.0,2599978500
7,2007-02,90.1,87.4,2599978500
7,2007-03,40.0,2.1,2599978500
7,2007-04,39.9,3.7,2599978500
7,2007-05,2.8,1.5,2599978500
7,2007-06,0.0,0.0,2599978500
7,2007-07,0.0,0.0,2599978500
7,2007-08,0.0,0.0,2599978500
7,2007-09,0.0,0.0,2599978500
7,2007-10,0.3,0.2,2599978500
7,2007-11,0.4,0.0,2599978500
7,2007-12,2.8,0.1,2599978500
7,2008-01,45.0,32.1,2599978500
7,2008-02,99.4,17.6,2599978500
7,2008-03,41.9,5.0,2599978500
7,2008-04,42.6,9.3,2599978500
7,2008-05,23.5,8.5,2599978500
7,2008-06,0.4,0.0,2599978500
7,2008-07,0.0,0.0,2599978500
7,2008-08,0.0,0.0,2599978500
7,2008-09,0.0,0.0,2599978500
7,2008-10,0.1,0.0,2599978500
7,2008-11,5.3,0.1,2599978500
7,2008-12,15.7,0.6,2599978500
7,2009-01,41.2,2.5,2599978500
7,2009-02,94.3,107.4,2599978500
7,2009-03,99.1,22.4,2599978500
7,2009-04,38.2,8.8,2599978500
7,2009-05,16.2,17.3,2599978500
7,2009-06,0.7,0.5,2599978500
7,2009-07,0.0,0.0,2599978500
7,2009-08,0.0,0.0,2599978500
7,2009-09,0.0,0.0,2599978500
7,2009-10,0.4,0.2,2599978500
7,2009-11,1.7,0.0,2599978500
7,2009-12,11.5,0.8,2599978500
7,2010-01,103.1,109.4,2599978500
7,2010-02,119.2,16.8,2599978500
7,2010-03,90.8,11.0,2599978500
7,2010-04,67.3,67.9,2599978500
7,2010-05,25.3,21.7,2599978500
7,2010-06,7.0,6.1,2599978500
7,2010-07,0.1,0.0,2599978500
7,2010-08,0.0,0.0,2599978500
7,2010-09,0.0,0.0,2599978500
8,1999-10,0.1,0.0,9054325800
8,1999-11,9.4,1.1,9054325800
8,1999-12,9.1,0.5,9054325800
8,2000-01,25.5,25.1,9054325800
8,2000-02,49.6,112.6,9054325800
8,2000-03,83.6,39.1,9054325800
8,2000-04,94.0,107.0,9054325800
8,2000-05,36.4,38.7,9054325800
8,2000-06,2.3,0.6,9054325800
8,2000-07,0.0,0.0,9054325800
8,2000-08,0.0,0.0,9054325800
8,2000-09,0.0,0.0,9054325800
8,2000-10,0.7,0.4,9054325800
8,2000-11,2.5,0.1,9054325800
8,2000-12,14.1,1.9,9054325800
8,2001-01,20.5,6.1,9054325800
8,2001-02,22.3,22.7,9054325800
8,2001-03,61.0,34.9,9054325800
8,2001-04,51.8,20.9,9054325800
8,2001-05,9.4,2.5,9054325800
8,2001-06,0.0,0.0,9054325800
8,2001-07,0.0,0.0,9054325800
8,2001-08,0.0,0.0,9054325800
8,2001-09,0.0,0.0,9054325800
8,2001-10,0.0,0.0,9054325800
8,2001-11,18.8,14.5,9054325800
8,2001-12,19.7,32.9,9054325800
8,2002-01,23.3,9.1,9054325800
8,2002-02,37.0,15.3,9054325800
8,2002-03,54.0,28.7,9054325800
8,2002-04,73.6,57.9,9054325800
8,2002-05,26.8,20.2,9054325800
8,2002-06,1.6,0.4,9054325800
8,2002-07,0.0,0.0,9054325800
8,2002-08,0.0,0.0,9054325800
8,2002-09,0.0,0.0,9054325800
8,2002-10,0.0,0.0,9054325800
8,2002-11,4.0,1.2,9054325800
8,2002-12,32.3,78.4,9054325800
8,2003-01,57.2,40.9,9054325800
8,2003-02,37.4,7.7,9054325800
8,2003-03,81.9,47.0,9054325800
8,2003-04,56.9,85.9,9054325800
8,2003-05,44.8,83.6,9054325800
8,2003-06,11.4,10.0,9054325800
8,2003-07,0.2,0.1,9054325800
8,2003-08,0.0,0.0,9054325800
8,2003-09,0.0,0.0,9054325800
8,2003-10,0.0,0.0,9054325800
8,2003-11,0.2,0.0,9054325800
8,2003-12,15.3,20.3,9054325800
8,2004-01,23.9,10.2,9054325800
8,2004-02,25.8,48.9,9054325800
8,2004-03,63.9,45.5,9054325800
8,2004-04,83.9,66.9,9054325800
8,2004-05,35.9,38.8,9054325800
8,2004-06,3.0,1.2,9054325800
8,2004-07,0.0,0.0,9054325800
8,2004-08,0.0,0.0,9054325800
8,2004-09,0.0,0.0,9054325800
8,2004-10,2.1,1.1,9054325800
8,2004-11,6.9,0.5,9054325800
8,2004-12,36.1,22.4,9054325800
8,2005-01,39.0,23.9,9054325800
8,2005-02,48.1,14.8,9054325800
8,2005-03,79.8,98.8,9054325800
8,2005-04,68.5,33.9,9054325800
8,2005-05,39.6,73.3,9054325800
8,2005-06,1.0,0.6,9054325800
8,2005-07,0.0,0.0,9054325800
8,2005-08,0.0,0.0,9054325800
8,2005-09,0.0,0.0,9054325800
8,2005-10,0.0,0.0,9054325800
8,2005-11,7.3,0.9,9054325800
8,2005-12,47.4,146.2,9054325800
8,2006-01,37.7,36.0,9054325800
8,2006-02,63.2,37.6,9054325800
8,2006-03,25.1,42.8,9054325800
8,2006-04,84.9,217.8,9054325800
8,2006-05,102.2,179.8,9054325800
8,2006-06,27.6,40.7,9054325800
8,2006-07,1.0,0.4,9054325800
8,2006-08,0.0,0.0,9054325800
8,2006-09,0.0,0.0,9054325800
8,2006-10,0.0,0.0,9054325800
8,2006-11,1.2,0.1,9054325800
8,2006-12,23.4,8.9,9054325800
8,2007-01,7.5,0.4,9054325800
8,2007-02,39.1,69.8,9054325800
8,2007-03,62.9,19.2,9054325800
8,2007-04,44.8,13.9,9054325800
8,2007-05,3.5,0.9,9054325800
8,2007-06,0.0,0.0,9054325800
8,2007-07,0.0,0.0,9054325800
8,2007-08,0.0,0.0,9054325800
8,2007-09,0.0,0.0,9054325800
8,2007-10,0.2,0.1,9054325800
8,2007-11,0.4,0.0,9054325800
8,2007-12,4.9,0.8,9054325800
8,2008-01,13.0,14.3,9054325800
8,2008-02,24.5,21.6,9054325800
8,2008-03,27.7,10.9,9054325800
8,2008-04,62.3,32.8,9054325800
8,2008-05,35.4,22.9,9054325800
8,2008-06,0.2,0.0,9054325800
8,2008-07,0.0,0.0,9054325800
8,2008-08,0.0,0.0,9054325800
8,2008-09,0.0,0.0,9054325800
8,2008-10,0.0,0.0,9054325800
8,2008-11,5.3,0.6,9054325800
8,2008-12,15.1,2.8,9054325800
8,2009-01,28.4,7.3,9054325800
8,2009-02,34.7,54.7,9054325800
8,2009-03,58.3,54.3,9054325800
8,2009-04,67.9,31.2,9054325800
8,2009-05,22.7,38.2,9054325800
8,2009-06,0.3,0.1,9054325800
8,2009-07,0.0,0.0,9054325800
8,2009-08,0.0,0.0,9054325800
8,2009-09,0.0,0.0,9054325800
8,2009-10,0.2,0.1,9054325800
8,2009-11,1.8,0.1,9054325800
8,2009-12,10.4,1.9,9054325800
8,2010-01,28.2,50.3,9054325800
8,2010-02,41.0,21.0,9054325800
8,2010-03,70.4,33.3,9054325800
8,2010-04,62.4,90.4,9054325800
8,2010-05,33.7,48.7,9054325800
8,2010-06,9.8,6.0,9054325800
8,2010-07,0.0,0.0,9054325800
8,2010-08,0.0,0.0,9054325800
8,2010-09,0.0,0.0,9054325800
9,1999-10,1.2,0.1,3174284700
9,1999-11,25.1,3.8,3174284700
9,1999-12,25.4,1.5,3174284700
9,2000-01,49.3,84.9,3174284700
9,2000-02,71.8,234.2,3174284700
9,2000-03,84.1,52.3,3174284700
9,2000-04,87.1,94.3,3174284700
9,2000-05,55.7,117.8,3174284700
9,2000-06,19.7,10.9,3174284700
9,2000-07,0.0,0.0,3174284700
9,2000-08,0.0,0.0,3174284700
9,2000-09,0.0,0.0,3174284700
9,2000-10,3.2,2.2,3174284700
9,2000-11,8.6,0.4,3174284700
9,2000-12,37.3,5.4,3174284700
9,2001-01,41.1,14.9,3174284700
9,2001-02,43.4,30.9,3174284700
9,2001-03,86.9,52.2,3174284700
9,2001-04,69.3,40.6,3174284700
9,2001-05,29.5,13.5,3174284700
9,2001-06,0.0,0.0,3174284700
9,2001-07,0.0,0.0,3174284700
9,2001-08,0.0,0.0,3174284700
9,2001-09,0.0,0.0,3174284700
9,2001-10,0.0,0.0,3174284700
9,2001-11,30.7,27.8,3174284700
9,2001-12,39.4,69.1,3174284700
9,2002-01,52.6,21.9,3174284700
9,2002-02,80.1,47.8,3174284700
9,2002-03,87.6,81.0,3174284700
9,2002-04,81.7,83.7,3174284700
9,2002-05,62.1,71.1,3174284700
9,2002-06,18.6,10.9,3174284700
9,2002-07,0.0,0.0,3174284700
9,2002-08,0.0,0.0,3174284700
9,2002-09,0.0,0.0,3174284700
9,2002-10,0.0,0.0,3174284700
9,2002-11,17.4,7.4,3174284700
9,2002-12,52.9,122.9,3174284700
9,2003-01,100.5,66.3,3174284700
9,2003-02,53.5,16.2,3174284700
9,2003-03,94.6,67.2,3174284700
9,2003-04,59.3,131.4,3174284700
9,2003-05,63.4,136.7,3174284700
9,2003-06,37.4,37.6,3174284700
9,2003-07,0.0,0.0,3174284700
9,2003-08,0.0,0.0,3174284700
9,2003-09,0.0,0.0,3174284700
9,2003-10,0.0,0.0,3174284700
9,2003-11,0.5,0.0,3174284700
9,2003-12,28.9,46.3,3174284700
9,2004-01,50.0,22.9,3174284700
9,2004-02,52.6,97.7,3174284700
9,2004-03,76.3,70.4,3174284700
9,2004-04,74.9,75.5,3174284700
9,2004-05,63.0,85.8,3174284700
9,2004-06,22.2,12.0,3174284700
9,2004-07,0.0,0.0,3174284700
9,2004-08,0.0,0.0,3174284700
9,2004-09,0.0,0.0,3174284700
9,2004-10,10.6,6.3,3174284700
9,2004-11,31.6,3.1,3174284700
9,2004-12,76.7,61.1,3174284700
9,2005-01,74.1,61.4,3174284700
9,2005-02,72.7,35.4,3174284700
9,2005-03,79.5,167.7,3174284700
9,2005-04,70.5,49.6,3174284700
9,2005-05,52.2,200.5,3174284700
9,2005-06,12.7,22.2,3174284700
9,2005-07,0.1,0.0,3174284700
9,2005-08,0.0,0.0,3174284700
9,2005-09,0.0,0.0,3174284700
9,2005-10,0.1,0.0,3174284700
9,2005-11,16.7,2.5,3174284700
9,2005-12,87.7,334.7,3174284700
9,2006-01,63.7,93.6,3174284700
9,2006-02,90.1,72.0,3174284700
9,2006-03,38.4,92.6,3174284700
9,2006-04,75.2,307.6,3174284700
9,2006-05,92.8,205.7,3174284700
9,2006-06,72.4,165.8,3174284700
9,2006-07,15.1,10.5,3174284700
9,2006-08,0.0,0.0,3174284700
9,2006-09,0.0,0.0,3174284700
9,2006-10,0.0,0.0,3174284700
9,2006-11,15.1,1.7,3174284700
9,2006-12,53.8,24.2,3174284700
9,2007-01,23.4,1.9,3174284700
9,2007-02,73.0,150.9,3174284700
9,2007-03,62.8,28.1,3174284700
9,2007-04,77.3,46.3,3174284700
9,2007-05,26.4,15.3,3174284700
9,2007-06,0.2,0.0,3174284700
9,2007-07,0.0,0.0,3174284700
9,2007-08,0.0,0.0,3174284700
9,2007-09,0.0,0.0,3174284700
9,2007-10,1.9,1.3,3174284700
9,2007-11,2.9,0.1,3174284700
9,2007-12,13.3,4.1,3174284700
9,2008-01,28.4,33.9,3174284700
9,2008-02,68.5,57.4,3174284700
9,2008-03,70.5,37.3,3174284700
9,2008-04,66.7,47.3,3174284700
9,2008-05,63.9,76.1,3174284700
9,2008-06,8.5,2.3,3174284700
9,2008-07,0.0,0.0,3174284700
9,2008-08,0.0,0.0,3174284700
9,2008-09,0.0,0.0,3174284700
9,2008-10,0.0,0.0,3174284700
9,2008-11,17.6,2.8,3174284700
9,2008-12,36.9,10.0,3174284700
9,2009-01,59.7,19.6,3174284700
9,2009-02,56.7,89.7,3174284700
9,2009-03,80.6,87.4,3174284700
9,2009-04,64.5,45.3,3174284700
9,2009-05,40.2,150.5,3174284700
9,2009-06,1.2,1.1,3174284700
9,2009-07,0.0,0.0,3174284700
9,2009-08,0.0,0.0,3174284700
9,2009-09,0.0,0.0,3174284700
9,2009-10,1.0,0.5,3174284700
9,2009-11,4.4,0.2,3174284700
9,2009-12,21.8,6.9,3174284700
9,2010-01,61.3,85.2,3174284700
9,2010-02,75.8,44.2,3174284700
9,2010-03,87.2,54.2,3174284700
9,2010-04,64.6,129.3,3174284700
9,2010-05,40.7,100.5,3174284700
9,2010-06,40.6,50.1,3174284700
9,2010-07,0.9,0.2,3174284700
9,2010-08,0.0,0.0,3174284700
9,2010-09,0.0,0.0,3174284700
10,1999-10,0.0,0.0,583491600
10,1999-11,1.6,0.2,583491600
10,1999-12,2.8,0.0,583491600
10,2000-01,31.6,66.1,583491600
10,2000-02,51.4,333.6,583491600
10,2000-03,47.8,25.9,583491600
10,2000-04,18.9,8.3,583491600
10,2000-05,3.9,3.1,583491600
10,2000-06,0.0,0.0,583491600
10,2000-07,0.0,0.0,583491600
10,2000-08,0.0,0.0,583491600
10,2000-09,0.0,0.0,583491600
10,2000-10,0.5,0.3,583491600
10,2000-11,1.0,0.0,583491600
10,2000-12,5.2,0.3,583491600
10,2001-01,15.3,6.8,583491600
10,2001-02,26.5,27.8,583491600
10,2001-03,32.8,10.5,583491600
10,2001-04,27.4,7.6,583491600
10,2001-05,0.0,0.0,583491600
10,2001-06,0.0,0.0,583491600
10,2001-07,0.0,0.0,583491600
10,2001-08,0.0,0.0,583491600
10,2001-09,0.0,0.0,583491600
10,2001-10,0.0,0.0,583491600
10,2001-11,3.7,2.5,583491600
10,2001-12,31.2,63.3,583491600
10,2002-01,44.9,40.6,583491600
10,2002-02,51.1,54.6,583491600
10,2002-03,55.7,99.2,583491600
10,2002-04,13.1,7.3,583491600
10,2002-05,3.1,0.8,583491600
10,2002-06,0.0,0.0,583491600
10,2002-07,0.0,0.0,583491600
10,2002-08,0.0,0.0,583491600
10,2002-09,0.0,0.0,583491600
10,2002-10,0.0,0.0,583491600
10,2002-11,1.2,0.2,583491600
10,2002-12,32.5,72.1,583491600
10,2003-01,50.7,35.5,583491600
10,2003-02,41.7,13.9,583491600
10,2003-03,56.6,47.7,583491600
10,2003-04,40.4,94.8,583491600
10,2003-05,4.6,3.3,583491600
10,2003-06,0.0,0.0,583491600
10,2003-07,0.0,0.0,583491600
10,2003-08,0.0,0.0,583491600
10,2003-09,0.0,0.0,583491600
10,2003-10,0.0,0.0,583491600
10,2003-11,0.1,0.0,583491600
10,2003-12,14.8,24.1,583491600
10,2004-01,32.5,21.9,583491600
10,2004-02,48.1,137.0,583491600
10,2004-03,23.5,15.2,583491600
10,2004-04,8.4,4.1,583491600
10,2004-05,1.5,0.2,583491600
10,2004-06,0.0,0.0,583491600
10,2004-07,0.0,0.0,583491600
10,2004-08,0.0,0.0,583491600
10,2004-09,0.0,0.0,583491600
10,2004-10,0.8,0.4,583491600
10,2004-11,4.7,0.6,583491600
10,2004-12,27.1,29.9,583491600
10,2005-01,49.5,88.6,583491600
10,2005-02,52.9,54.4,583491600
10,2005-03,51.4,136.4,583491600
10,2005-04,21.3,3.2,583491600
10,2005-05,16.2,40.0,583491600
10,2005-06,0.0,0.0,583491600
10,2005-07,0.0,0.0,583491600
10,2005-08,0.0,0.0,583491600
10,2005-09,0.0,0.0,583491600
10,2005-10,0.0,0.0,583491600
10,2005-11,1.4,0.1,583491600
10,2005-12,49.4,195.0,583491600
10,2006-01,52.8,132.7,583491600
10,2006-02,54.8,78.2,583491600
10,2006-03,46.5,160.2,583491600
10,2006-04,40.7,188.5,583491600
10,2006-05,11.0,13.4,583491600
10,2006-06,1.9,0.8,583491600
10,2006-07,0.0,0.0,583491600
10,2006-08,0.0,0.0,583491600
10,2006-09,0.0,0.0,583491600
10,2006-10,0.0,0.0,583491600
10,2006-11,0.6,0.0,583491600
10,2006-12,12.9,5.2,583491600
10,2007-01,7.9,0.1,583491600
10,2007-02,37.3,93.7,583491600
10,2007-03,9.3,0.8,583491600
10,2007-04,22.6,2.7,583491600
10,2007-05,0.1,0.0,583491600
10,2007-06,0.0,0.0,583491600
10,2007-07,0.0,0.0,583491600
10,2007-08,0.0,0.0,583491600
10,2007-09,0.0,0.0,583491600
10,2007-10,0.1,0.1,583491600
10,2007-11,0.6,0.0,583491600
10,2007-12,9.1,5.1,583491600
10,2008-01,29.2,47.4,583491600
10,2008-02,47.6,71.5,583491600
10,2008-03,26.7,12.8,583491600
10,2008-04,9.2,3.6,583491600
10,2008-05,2.3,0.5,583491600
10,2008-06,0.0,0.0,583491600
10,2008-07,0.0,0.0,583491600
10,2008-08,0.0,0.0,583491600
10,2008-09,0.0,0.0,583491600
10,2008-10,0.0,0.0,583491600
10,2008-11,1.2,0.1,583491600
10,2008-12,10.0,3.4,583491600
10,2009-01,16.0,4.8,583491600
10,2009-02,35.4,69.6,583491600
10,2009-03,50.3,52.9,583491600
10,2009-04,7.8,1.1,583491600
10,2009-05,5.7,11.2,583491600
10,2009-06,0.0,0.0,583491600
10,2009-07,0.0,0.0,583491600
10,2009-08,0.0,0.0,583491600
10,2009-09,0.0,0.0,583491600
10,2009-10,0.0,0.0,583491600
10,2009-11,0.4,0.0,583491600
10,2009-12,9.6,3.5,583491600
10,2010-01,31.7,50.5,583491600
10,2010-02,47.1,55.2,583491600
10,2010-03,51.4,30.0,583491600
10,2010-04,38.3,69.2,583491600
10,2010-05,5.0,6.2,583491600
10,2010-06,0.0,0.0,583491600
10,2010-07,0.0,0.0,583491600
10,2010-08,0.0,0.0,583491600
10,2010-09,0.0,0.0,583491600
11,1999-10,1.1,0.0,4724867700
11,1999-11,9.5,0.7,4724867700
11,1999-12,9.4,0.3,4724867700
11,2000-01,51.8,53.2,4724867700
11,2000-02,77.5,178.4,4724867700
11,2000-03,75.2,18.3,4724867700
11,2000-04,83.7,49.3,4724867700
11,2000-05,42.5,78.3,4724867700
11,2000-06,8.1,2.5,4724867700
11,2000-07,0.0,0.0,4724867700
11,2000-08,0.0,0.0,4724867700
11,2000-09,0.1,0.0,4724867700
11,2000-10,2.6,1.2,4724867700
11,2000-11,2.6,0.1,4724867700
11,2000-12,12.3,0.5,4724867700
11,2001-01,29.4,2.3,4724867700
11,2001-02,41.2,12.9,4724867700
11,2001-03,76.3,17.2,4724867700
11,2001-04,56.3,30.2,4724867700
11,2001-05,22.5,11.6,4724867700
11,2001-06,0.2,0.0,4724867700
11,2001-07,0.0,0.0,4724867700
11,2001-08,0.0,0.0,4724867700
11,2001-09,0.0,0.0,4724867700
11,2001-10,0.0,0.0,4724867700
11,2001-11,12.8,7.3,4724867700
11,2001-12,32.1,29.4,4724867700
11,2002-01,50.2,10.8,4724867700
11,2002-02,81.5,26.5,4724867700
11,2002-03,88.9,60.0,4724867700
11,2002-04,75.6,43.7,4724867700
11,2002-05,50.4,42.2,4724867700
11,2002-06,10.8,5.3,4724867700
11,2002-07,0.0,0.0,4724867700
11,2002-08,0.0,0.0,4724867700
11,2002-09,0.0,0.0,4724867700
11,2002-10,0.0,0.0,4724867700
11,2002-11,6.9,2.9,4724867700
11,2002-12,33.2,30.5,4724867700
11,2003-01,74.6,20.7,4724867700
11,2003-02,46.8,3.7,4724867700
11,2003-03,89.6,28.3,4724867700
11,2003-04,65.1,91.1,4724867700
11,2003-05,48.9,74.6,4724867700
11,2003-06,21.0,18.1,4724867700
11,2003-07,0.0,0.0,4724867700
11,2003-08,0.0,0.0,4724867700
11,2003-09,0.0,0.0,4724867700
11,2003-10,0.0,0.0,4724867700
11,2003-11,0.2,0.0,4724867700
11,2003-12,17.8,14.0,4724867700
11,2004-01,41.9,6.6,4724867700
11,2004-02,55.1,53.2,4724867700
11,2004-03,64.6,28.5,4724867700
11,2004-04,58.9,29.8,4724867700
11,2004-05,44.3,41.0,4724867700
11,2004-06,8.9,4.5,4724867700
11,2004-07,0.0,0.0,4724867700
11,2004-08,0.0,0.0,4724867700
11,2004-09,0.0,0.0,4724867700
11,2004-10,7.0,3.7,4724867700
11,2004-11,20.9,0.9,4724867700
11,2004-12,70.8,24.9,4724867700
11,2005-01,71.1,69.6,4724867700
11,2005-02,75.0,21.8,4724867700
11,2005-03,83.0,121.4,4724867700
11,2005-04,62.8,19.0,4724867700
11,2005-05,60.2,115.4,4724867700
11,2005-06,13.1,20.8,4724867700
11,2005-07,1.1,0.3,4724867700
11,2005-08,0.0,0.0,4724867700
11,2005-09,0.1,0.0,4724867700
11,2005-10,0.4,0.0,4724867700
11,2005-11,7.0,0.5,4724867700
11,2005-12,83.9,148.8,4724867700
11,2006-01,69.7,75.2,4724867700
11,2006-02,87.3,39.0,4724867700
11,2006-03,43.0,70.5,4724867700
11,2006-04,85.6,218.2,4724867700
11,2006-05,89.5,130.5,4724867700
11,2006-06,51.9,90.8,4724867700
11,2006-07,5.1,2.2,4724867700
11,2006-08,0.0,0.0,4724867700
11,2006-09,0.0,0.0,4724867700
11,2006-10,0.0,0.0,4724867700
11,2006-11,7.0,0.5,4724867700
11,2006-12,26.8,4.3,4724867700
11,2007-01,17.2,0.2,4724867700
11,2007-02,67.6,82.9,4724867700
11,2007-03,60.1,10.9,4724867700
11,2007-04,65.6,17.5,4724867700
11,2007-05,16.9,8.1,4724867700
11,2007-06,0.1,0.0,4724867700
11,2007-07,0.0,0.0,4724867700
11,2007-08,0.0,0.0,4724867700
11,2007-09,0.0,0.0,4724867700
11,2007-10,0.4,0.2,4724867700
11,2007-11,1.0,0.0,4724867700
11,2007-12,4.3,0.6,4724867700
11,2008-01,22.0,15.8,4724867700
11,2008-02,58.1,28.2,4724867700
11,2008-03,53.3,13.7,4724867700
11,2008-04,52.7,18.5,4724867700
11,2008-05,53.3,44.2,4724867700
11,2008-06,6.9,1.8,4724867700
11,2008-07,0.0,0.0,4724867700
11,2008-08,0.0,0.0,4724867700
11,2008-09,0.0,0.0,4724867700
11,2008-10,0.0,0.0,4724867700
11,2008-11,8.4,0.7,4724867700
11,2008-12,19.9,2.6,4724867700
11,2009-01,49.4,6.8,4724867700
11,2009-02,59.7,45.4,4724867700
11,2009-03,84.9,48.9,4724867700
11,2009-04,59.6,19.6,4724867700
11,2009-05,42.9,82.6,4724867700
11,2009-06,1.8,1.0,4724867700
11,2009-07,0.0,0.0,4724867700
11,2009-08,0.0,0.0,4724867700
11,2009-09,0.0,0.0,4724867700
11,2009-10,1.5,0.7,4724867700
11,2009-11,3.1,0.1,4724867700
11,2009-12,10.2,1.2,4724867700
11,2010-01,61.5,31.1,4724867700
11,2010-02,71.4,24.1,4724867700
11,2010-03,86.2,23.5,4724867700
11,2010-04,64.5,68.3,4724867700
11,2010-05,41.9,49.4,4724867700
11,2010-06,29.6,33.9,4724867700
11,2010-07,1.0,0.2,4724867700
11,2010-08,0.0,0.0,4724867700
11,2010-09,0.0,0.0,4724867700
12,1999-10,0.0,0.0,4715755200
12,1999-11,0.0,0.0,4715755200
12,1999-12,0.0,0.0,4715755200
12,2000-01,4.3,3.9,4715755200
12,2000-02,27.5,54.5,4715755200
12,2000-03,6.6,0.5,4715755200
12,2000-04,1.2,0.7,4715755200
12,2000-05,0.0,0.1,4715755200
12,2000-06,0.0,0.0,4715755200
12,2000-07,0.0,0.0,4715755200
12,2000-08,0.0,0.0,4715755200
12,2000-09,0.0,0.0,4715755200
12,2000-10,0.0,0.0,4715755200
12,2000-11,0.0,0.0,4715755200
12,2000-12,0.1,0.0,4715755200
12,2001-01,0.9,0.2,4715755200
12,2001-02,5.8,3.3,4715755200
12,2001-03,4.2,1.0,4715755200
12,2001-04,2.1,1.7,4715755200
12,2001-05,0.0,0.0,4715755200
12,2001-06,0.0,0.0,4715755200
12,2001-07,0.0,0.0,4715755200
12,2001-08,0.0,0.0,4715755200
12,2001-09,0.0,0.0,4715755200
12,2001-10,0.0,0.0,4715755200
12,2001-11,0.0,0.0,4715755200
12,2001-12,3.0,2.8,4715755200
12,2002-01,7.5,1.0,4715755200
12,2002-02,8.1,0.5,4715755200
12,2002-03,14.3,4.5,4715755200
12,2002-04,0.0,0.0,4715755200
12,2002-05,0.0,0.0,4715755200
12,2002-06,0.0,0.0,4715755200
12,2002-07,0.0,0.0,4715755200
12,2002-08,0.0,0.0,4715755200
12,2002-09,0.0,0.0,4715755200
12,2002-10,0.0,0.0,4715755200
12,2002-11,0.0,0.0,4715755200
12,2002-12,3.7,3.7,4715755200
12,2003-01,3.4,0.1,4715755200
12,2003-02,6.6,0.4,4715755200
12,2003-03,9.3,2.3,4715755200
12,2003-04,10.1,21.0,4715755200
12,2003-05,0.0,0.0,4715755200
12,2003-06,0.0,0.0,4715755200
12,2003-07,0.0,0.0,4715755200
12,2003-08,0.0,0.0,4715755200
12,2003-09,0.0,0.0,4715755200
12,2003-10,0.0,0.0,4715755200
12,2003-11,0.0,0.0,4715755200
12,2003-12,0.9,0.8,4715755200
12,2004-01,4.7,0.5,4715755200
12,2004-02,15.0,17.2,4715755200
12,2004-03,0.3,0.0,4715755200
12,2004-04,0.0,0.0,4715755200
12,2004-05,0.0,0.0,4715755200
12,2004-06,0.0,0.0,4715755200
12,2004-07,0.0,0.0,4715755200
12,2004-08,0.0,0.0,4715755200
12,2004-09,0.0,0.0,4715755200
12,2004-10,0.0,0.0,4715755200
12,2004-11,0.2,0.0,4715755200
12,2004-12,2.4,1.2,4715755200
12,2005-01,15.4,16.2,4715755200
12,2005-02,21.9,5.6,4715755200
12,2005-03,19.7,24.2,4715755200
12,2005-04,1.0,1.0,4715755200
12,2005-05,0.1,0.2,4715755200
12,2005-06,0.0,0.0,4715755200
12,2005-07,0.0,0.0,4715755200
12,2005-08,0.0,0.0,4715755200
12,2005-09,0.0,0.0,4715755200
12,2005-10,0.0,0.0,4715755200
12,2005-11,0.0,0.0,4715755200
12,2005-12,2.9,2.9,4715755200
12,2006-01,14.5,11.5,4715755200
12,2006-02,12.1,0.7,4715755200
12,2006-03,20.9,38.2,4715755200
12,2006-04,14.4,36.7,4715755200
12,2006-05,0.0,0.0,4715755200
12,2006-06,0.0,0.0,4715755200
12,2006-07,0.0,0.0,4715755200
12,2006-08,0.0,0.0,4715755200
12,2006-09,0.0,0.0,4715755200
12,2006-10,0.0,0.0,4715755200
12,2006-11,0.0,0.0,4715755200
12,2006-12,0.1,0.0,4715755200
12,2007-01,0.1,0.0,4715755200
12,2007-02,2.6,2.5,4715755200
12,2007-03,0.3,0.0,4715755200
12,2007-04,1.0,0.2,4715755200
12,2007-05,0.0,0.0,4715755200
12,2007-06,0.0,0.0,4715755200
12,2007-07,0.0,0.0,4715755200
12,2007-08,0.0,0.0,4715755200
12,2007-09,0.0,0.0,4715755200
12,2007-10,0.0,0.0,4715755200
12,2007-11,0.0,0.0,4715755200
12,2007-12,0.1,0.0,4715755200
12,2008-01,5.2,5.4,4715755200
12,2008-02,10.7,2.2,4715755200
12,2008-03,0.1,0.0,4715755200
12,2008-04,0.0,0.0,4715755200
12,2008-05,0.0,0.0,4715755200
12,2008-06,0.0,0.0,4715755200
12,2008-07,0.0,0.0,4715755200
12,2008-08,0.0,0.0,4715755200
12,2008-09,0.0,0.0,4715755200
12,2008-10,0.0,0.0,4715755200
12,2008-11,0.0,0.0,4715755200
12,2008-12,0.1,0.0,4715755200
12,2009-01,0.4,0.0,4715755200
12,2009-02,4.0,3.4,4715755200
12,2009-03,7.6,1.6,4715755200
12,2009-04,0.1,0.0,4715755200
12,2009-05,0.0,0.1,4715755200
12,2009-06,0.0,0.0,4715755200
12,2009-07,0.0,0.0,4715755200
12,2009-08,0.0,0.0,4715755200
12,2009-09,0.0,0.0,4715755200
12,2009-10,0.0,0.0,4715755200
12,2009-11,0.0,0.0,4715755200
12,2009-12,0.3,0.1,4715755200
12,2010-01,5.2,3.2,4715755200
12,2010-02,13.3,5.7,4715755200
12,2010-03,11.8,2.4,4715755200
12,2010-04,7.2,12.3,4715755200
12,2010-05,0.0,0.1,4715755200
12,2010-06,0.0,0.0,4715755200
12,2010-07,0.0,0.0,4715755200
12,2010-08,0.0,0.0,4715755200
12,2010-09,0.0,0.0,4715755200
13,1999-10,0.0,0.0,1764690300
13,1999-11,0.6,0.0,1764690300
13,1999-12,0.5,0.0,1764690300
13,2000-01,53.4,42.9,1764690300
13,2000-02,99.1,167.3,1764690300
13,2000-03,48.9,3.0,1764690300
13,2000-04,41.7,3.3,1764690300
13,2000-05,8.7,7.2,1764690300
13,2000-06,0.0,0.0,1764690300
13,2000-07,0.0,0.0,1764690300
13,2000-08,0.0,0.0,1764690300
13,2000-09,0.0,0.0,1764690300
13,2000-10,0.2,0.1,1764690300
13,2000-11,0.7,0.0,1764690300
13,2000-12,1.6,0.0,1764690300
13,2001-01,21.4,0.5,1764690300
13,2001-02,43.7,10.7,1764690300
13,2001-03,52.7,1.7,1764690300
13,2001-04,31.4,17.2,1764690300
13,2001-05,1.1,0.0,1764690300
13,2001-06,0.0,0.0,1764690300
13,2001-07,0.0,0.0,1764690300
13,2001-08,0.0,0.0,1764690300
13,2001-09,0.0,0.0,1764690300
13,2001-10,0.0,0.0,1764690300
13,2001-11,2.6,1.2,1764690300
13,2001-12,30.4,17.3,1764690300
13,2002-01,46.6,5.3,1764690300
13,2002-02,72.9,11.5,1764690300
13,2002-03,86.2,25.6,1764690300
13,2002-04,30.0,1.8,1764690300
13,2002-05,5.9,0.4,1764690300
13,2002-06,0.0,0.0,1764690300
13,2002-07,0.0,0.0,1764690300
13,2002-08,0.0,0.0,1764690300
13,2002-09,0.0,0.0,1764690300
13,2002-10,0.0,0.0,1764690300
13,2002-11,0.4,0.1,1764690300
13,2002-12,28.9,17.2,1764690300
13,2003-01,45.1,2.1,1764690300
13,2003-02,41.1,1.9,1764690300
13,2003-03,57.3,2.9,1764690300
13,2003-04,62.4,73.5,1764690300
13,2003-05,7.6,8.1,1764690300
13,2003-06,0.0,0.0,1764690300
13,2003-07,0.0,0.0,1764690300
13,2003-08,0.0,0.0,1764690300
13,2003-09,0.0,0.0,1764690300
13,2003-10,0.0,0.0,1764690300
13,2003-11,0.0,0.0,1764690300
13,2003-12,11.7,5.9,1764690300
13,2004-01,38.3,3.1,1764690300
13,2004-02,66.7,43.7,1764690300
13,2004-03,47.7,3.4,1764690300
13,2004-04,16.4,0.9,1764690300
13,2004-05,4.4,0.3,1764690300
13,2004-06,0.0,0.0,1764690300
13,2004-07,0.0,0.0,1764690300
13,2004-08,0.0,0.0,1764690300
13,2004-09,0.0,0.0,1764690300
13,2004-10,0.8,0.4,1764690300
13,2004-11,8.2,0.0,1764690300
13,2004-12,54.4,6.2,1764690300
13,2005-01,80.0,81.0,1764690300
13,2005-02,78.8,14.4,1764690300
13,2005-03,79.2,89.9,1764690300
13,2005-04,27.4,0.7,1764690300
13,2005-05,22.3,22.4,1764690300
13,2005-06,0.0,0.0,1764690300
13,2005-07,0.0,0.0,1764690300
13,2005-08,0.0,0.0,1764690300
13,2005-09,0.0,0.0,1764690300
13,2005-10,0.0,0.0,1764690300
13,2005-11,0.1,0.0,1764690300
13,2005-12,62.1,62.9,1764690300
13,2006-01,76.5,61.0,1764690300
13,2006-02,76.3,12.5,1764690300
13,2006-03,63.7,86.9,1764690300
13,2006-04,78.0,160.4,1764690300
13,2006-05,36.9,16.4,1764690300
13,2006-06,5.0,0.5,1764690300
13,2006-07,0.0,0.0,1764690300
13,2006-08,0.0,0.0,1764690300
13,2006-09,0.0,0.0,1764690300
13,2006-10,0.0,0.0,1764690300
13,2006-11,0.2,0.0,1764690300
13,2006-12,5.6,0.1,1764690300
13,2007-01,6.6,0.0,1764690300
13,2007-02,58.0,51.4,1764690300
13,2007-03,26.8,0.1,1764690300
13,2007-04,24.3,0.7,1764690300
13,2007-05,0.0,0.0,1764690300
13,2007-06,0.0,0.0,1764690300
13,2007-07,0.0,0.0,1764690300
13,2007-08,0.0,0.0,1764690300
13,2007-09,0.0,0.0,1764690300
13,2007-10,0.0,0.0,1764690300
13,2007-11,0.0,0.0,1764690300
13,2007-12,0.7,0.0,1764690300
13,2008-01,20.4,13.5,1764690300
13,2008-02,61.7,16.9,1764690300
13,2008-03,36.5,3.3,1764690300
13,2008-04,24.4,0.6,1764690300
13,2008-05,9.0,0.8,1764690300
13,2008-06,0.0,0.0,1764690300
13,2008-07,0.0,0.0,1764690300
13,2008-08,0.0,0.0,1764690300
13,2008-09,0.0,0.0,1764690300
13,2008-10,0.0,0.0,1764690300
13,2008-11,0.4,0.0,1764690300
13,2008-12,6.6,0.1,1764690300
13,2009-01,31.6,0.6,1764690300
13,2009-02,60.4,24.0,1764690300
13,2009-03,76.2,21.3,1764690300
13,2009-04,22.7,0.6,1764690300
13,2009-05,9.2,7.2,1764690300
13,2009-06,0.0,0.0,1764690300
13,2009-07,0.0,0.0,1764690300
13,2009-08,0.0,0.0,1764690300
13,2009-09,0.0,0.0,1764690300
13,2009-10,0.1,0.0,1764690300
13,2009-11,0.2,0.0,1764690300
13,2009-12,5.5,0.3,1764690300
13,2010-01,62.0,16.7,1764690300
13,2010-02,69.4,12.5,1764690300
13,2010-03,74.4,7.6,1764690300
13,2010-04,48.1,38.0,1764690300
13,2010-05,12.8,9.6,1764690300
13,2010-06,0.6,0.0,1764690300
13,2010-07,0.0,0.0,1764690300
13,2010-08,0.0,0.0,1764690300
13,2010-09,0.0,0.0,1764690300
14,1999-10,2.4,0.0,1361188800
14,1999-11,14.4,0.1,1361188800
14,1999-12,2.7,0.0,1361188800
14,2000-01,49.4,35.9,1361188800
14,2000-02,87.1,105.1,1361188800
14,2000-03,68.2,5.0,1361188800
14,2000-04,110.8,22.7,1361188800
14,2000-05,63.4,77.3,1361188800
14,2000-06,31.3,9.3,1361188800
14,2000-07,0.0,0.0,1361188800
14,2000-08,0.0,0.0,1361188800
14,2000-09,0.1,0.1,1361188800
14,2000-10,6.2,2.8,1361188800
14,2000-11,3.3,0.0,1361188800
14,2000-12,7.7,0.0,1361188800
14,2001-01,19.1,0.3,1361188800
14,2001-02,45.1,6.2,1361188800
14,2001-03,96.0,10.1,1361188800
14,2001-04,57.9,29.4,1361188800
14,2001-05,70.2,25.6,1361188800
14,2001-06,2.6,0.3,1361188800
14,2001-07,0.0,0.0,1361188800
14,2001-08,0.0,0.0,1361188800
14,2001-09,0.0,0.0,1361188800
14,2001-10,0.3,0.0,1361188800
14,2001-11,14.5,6.8,1361188800
14,2001-12,29.3,16.4,1361188800
14,2002-01,33.7,0.5,1361188800
14,2002-02,71.5,5.0,1361188800
14,2002-03,88.6,19.5,1361188800
14,2002-04,92.1,15.9,1361188800
14,2002-05,80.3,30.0,1361188800
14,2002-06,31.1,9.6,1361188800
14,2002-07,0.1,0.0,1361188800
14,2002-08,0.0,0.0,1361188800
14,2002-09,0.0,0.0,1361188800
14,2002-10,0.0,0.0,1361188800
14,2002-11,7.7,1.7,1361188800
14,2002-12,26.5,15.3,1361188800
14,2003-01,56.3,1.5,1361188800
14,2003-02,41.5,0.4,1361188800
14,2003-03,73.8,1.8,1361188800
14,2003-04,70.8,55.7,1361188800
14,2003-05,60.3,65.3,1361188800
14,2003-06,50.8,24.9,1361188800
14,2003-07,0.1,0.0,1361188800
14,2003-08,0.0,0.0,1361188800
14,2003-09,0.0,0.0,1361188800
14,2003-10,0.0,0.0,1361188800
14,2003-11,0.0,0.0,1361188800
14,2003-12,18.0,9.7,1361188800
14,2004-01,39.9,1.0,1361188800
14,2004-02,58.2,24.5,1361188800
14,2004-03,68.0,9.7,1361188800
14,2004-04,60.8,9.8,1361188800
14,2004-05,80.6,36.5,1361188800
14,2004-06,25.2,8.9,1361188800
14,2004-07,0.0,0.0,1361188800
14,2004-08,0.0,0.0,1361188800
14,2004-09,0.0,0.0,1361188800
14,2004-10,20.9,10.8,1361188800
14,2004-11,20.5,0.0,1361188800
14,2004-12,73.7,7.2,1361188800
14,2005-01,74.9,62.8,1361188800
14,2005-02,78.0,9.9,1361188800
14,2005-03,93.0,75.7,1361188800
14,2005-04,69.1,5.0,1361188800
14,2005-05,75.5,95.7,1361188800
14,2005-06,34.6,43.8,1361188800
14,2005-07,5.2,1.9,1361188800
14,2005-08,0.0,0.0,1361188800
14,2005-09,0.2,0.0,1361188800
14,2005-10,1.3,0.0,1361188800
14,2005-11,9.5,0.1,1361188800
14,2005-12,80.4,61.5,1361188800
14,2006-01,65.4,38.3,1361188800
14,2006-02,75.8,5.2,1361188800
14,2006-03,51.6,54.4,1361188800
14,2006-04,108.8,138.2,1361188800
14,2006-05,129.7,83.5,1361188800
14,2006-06,89.0,94.4,1361188800
14,2006-07,10.4,4.2,1361188800
14,2006-08,0.0,0.0,1361188800
14,2006-09,0.0,0.0,1361188800
14,2006-10,0.4,0.0,1361188800
14,2006-11,9.8,0.1,1361188800
14,2006-12,15.0,0.1,1361188800
14,2007-01,7.0,0.0,1361188800
14,2007-02,66.0,48.2,1361188800
14,2007-03,59.6,0.8,1361188800
14,2007-04,72.9,7.5,1361188800
14,2007-05,40.2,9.1,1361188800
14,2007-06,0.6,0.0,1361188800
14,2007-07,0.0,0.0,1361188800
14,2007-08,0.0,0.0,1361188800
14,2007-09,0.0,0.0,1361188800
14,2007-10,0.2,0.0,1361188800
14,2007-11,0.3,0.0,1361188800
14,2007-12,2.4,0.0,1361188800
14,2008-01,14.1,7.8,1361188800
14,2008-02,49.6,9.3,1361188800
14,2008-03,43.3,3.5,1361188800
14,2008-04,57.6,6.0,1361188800
14,2008-05,82.9,34.1,1361188800
14,2008-06,21.3,4.8,1361188800
14,2008-07,0.0,0.0,1361188800
14,2008-08,0.0,0.0,1361188800
14,2008-09,0.0,0.0,1361188800
14,2008-10,0.0,0.0,1361188800
14,2008-11,15.4,0.3,1361188800
14,2008-12,15.4,0.3,1361188800
14,2009-01,52.6,1.2,1361188800
14,2009-02,65.4,16.4,1361188800
14,2009-03,85.0,19.0,1361188800
14,2009-04,68.9,6.3,1361188800
14,2009-05,61.2,90.0,1361188800
14,2009-06,9.3,5.3,1361188800
14,2009-07,0.1,0.0,1361188800
14,2009-08,0.0,0.0,1361188800
14,2009-09,0.0,0.0,1361188800
14,2009-10,5.1,2.3,1361188800
14,2009-11,8.5,0.1,1361188800
14,2009-12,14.7,0.4,1361188800
14,2010-01,69.4,12.7,1361188800
14,2010-02,70.6,7.1,1361188800
14,2010-03,79.0,3.0,1361188800
14,2010-04,65.5,38.9,1361188800
14,2010-05,43.5,29.9,1361188800
14,2010-06,73.1,47.1,1361188800
14,2010-07,5.8,1.5,1361188800
14,2010-08,0.0,0.0,1361188800
14,2010-09,0.0,0.0,1361188800
15,1999-10,0.0,0.0,846514800
15,1999-11,0.0,0.0,846514800
15,1999-12,0.0,0.0,846514800
15,2000-01,22.0,18.1,846514800
15,2000-02,70.8,176.5,846514800
15,2000-03,22.5,1.8,846514800
15,2000-04,9.0,0.1,846514800
15,2000-05,0.2,0.3,846514800
15,2000-06,0.0,0.0,846514800
15,2000-07,0.0,0.0,846514800
15,2000-08,0.0,0.0,846514800
15,2000-09,0.0,0.0,846514800
15,2000-10,0.0,0.0,846514800
15,2000-11,0.1,0.0,846514800
15,2000-12,0.2,0.0,846514800
15,2001-01,3.2,0.3,846514800
15,2001-02,18.2,6.7,846514800
15,2001-03,21.8,1.9,846514800
15,2001-04,12.5,6.7,846514800
15,2001-05,0.0,0.0,846514800
15,2001-06,0.0,0.0,846514800
15,2001-07,0.0,0.0,846514800
15,2001-08,0.0,0.0,846514800
15,2001-09,0.0,0.0,846514800
15,2001-10,0.0,0.0,846514800
15,2001-11,0.2,0.1,846514800
15,2001-12,10.9,6.7,846514800
15,2002-01,21.5,2.2,846514800
15,2002-02,33.1,4.4,846514800
15,2002-03,59.0,17.0,846514800
15,2002-04,0.6,0.0,846514800
15,2002-05,0.1,0.0,846514800
15,2002-06,0.0,0.0,846514800
15,2002-07,0.0,0.0,846514800
15,2002-08,0.0,0.0,846514800
15,2002-09,0.0,0.0,846514800
15,2002-10,0.0,0.0,846514800
15,2002-11,0.1,0.0,846514800
15,2002-12,12.1,7.3,846514800
15,2003-01,11.8,0.3,846514800
15,2003-02,20.7,1.0,846514800
15,2003-03,24.4,0.6,846514800
15,2003-04,33.6,46.1,846514800
15,2003-05,0.0,0.0,846514800
15,2003-06,0.0,0.0,846514800
15,2003-07,0.0,0.0,846514800
15,2003-08,0.0,0.0,846514800
15,2003-09,0.0,0.0,846514800
15,2003-10,0.0,0.0,846514800
15,2003-11,0.0,0.0,846514800
15,2003-12,4.4,2.5,846514800
15,2004-01,14.4,0.7,846514800
15,2004-02,46.4,29.3,846514800
15,2004-03,3.8,0.1,846514800
15,2004-04,0.0,0.0,846514800
15,2004-05,0.0,0.0,846514800
15,2004-06,0.0,0.0,846514800
15,2004-07,0.0,0.0,846514800
15,2004-08,0.0,0.0,846514800
15,2004-09,0.0,0.0,846514800
15,2004-10,0.1,0.1,846514800
15,2004-11,0.4,0.0,846514800
15,2004-12,10.8,2.6,846514800
15,2005-01,61.4,83.7,846514800
15,2005-02,66.6,25.0,846514800
15,2005-03,56.6,85.9,846514800
15,2005-04,2.3,0.0,846514800
15,2005-05,1.1,1.5,846514800
15,2005-06,0.0,0.0,846514800
15,2005-07,0.0,0.0,846514800
15,2005-08,0.0,0.0,846514800
15,2005-09,0.0,0.0,846514800
15,2005-10,0.0,0.0,846514800
15,2005-11,0.0,0.0,846514800
15,2005-12,14.8,12.1,846514800
15,2006-01,50.5,39.4,846514800
15,2006-02,47.2,5.1,846514800
15,2006-03,57.4,109.6,846514800
15,2006-04,41.7,115.5,846514800
15,2006-05,0.0,0.0,846514800
15,2006-06,0.0,0.0,846514800
15,2006-07,0.0,0.0,846514800
15,2006-08,0.0,0.0,846514800
15,2006-09,0.0,0.0,846514800
15,2006-10,0.0,0.0,846514800
15,2006-11,0.0,0.0,846514800
15,2006-12,0.3,0.0,846514800
15,2007-01,0.4,0.0,846514800
15,2007-02,18.5,16.8,846514800
15,2007-03,1.5,0.0,846514800
15,2007-04,5.8,0.0,846514800
15,2007-05,0.0,0.0,846514800
15,2007-06,0.0,0.0,846514800
15,2007-07,0.0,0.0,846514800
15,2007-08,0.0,0.0,846514800
15,2007-09,0.0,0.0,846514800
15,2007-10,0.0,0.0,846514800
15,2007-11,0.0,0.0,846514800
15,2007-12,0.3,0.0,846514800
15,2008-01,16.1,12.8,846514800
15,2008-02,44.3,16.5,846514800
15,2008-03,5.9,1.1,846514800
15,2008-04,0.4,0.0,846514800
15,2008-05,0.0,0.0,846514800
15,2008-06,0.0,0.0,846514800
15,2008-07,0.0,0.0,846514800
15,2008-08,0.0,0.0,846514800
15,2008-09,0.0,0.0,846514800
15,2008-10,0.0,0.0,846514800
15,2008-11,0.1,0.0,846514800
15,2008-12,0.8,0.1,846514800
15,2009-01,5.1,0.2,846514800
15,2009-02,22.9,10.0,846514800
15,2009-03,42.1,9.5,846514800
15,2009-04,0.8,0.0,846514800
15,2009-05,0.1,0.1,846514800
15,2009-06,0.0,0.0,846514800
15,2009-07,0.0,0.0,846514800
15,2009-08,0.0,0.0,846514800
15,2009-09,0.0,0.0,846514800
15,2009-10,0.0,0.0,846514800
15,2009-11,0.1,0.0,846514800
15,2009-12,2.1,0.2,846514800
15,2010-01,26.3,12.8,846514800
15,2010-02,51.7,21.5,846514800
15,2010-03,45.0,3.7,846514800
15,2010-04,33.6,37.0,846514800
15,2010-05,0.2,0.2,846514800
15,2010-06,0.0,0.0,846514800
15,2010-07,0.0,0.0,846514800
15,2010-08,0.0,0.0,846514800
15,2010-09,0.0,0.0,846514800
16,1999-10,2.2,0.0,2469414600
16,1999-11,13.2,0.3,2469414600
16,1999-12,0.8,0.0,2469414600
16,2000-01,22.8,12.4,2469414600
16,2000-02,72.0,78.2,2469414600
16,2000-03,67.6,4.1,2469414600
16,2000-04,119.5,28.4,2469414600
16,2000-05,71.7,89.3,2469414600
16,2000-06,29.1,43.6,2469414600
16,2000-07,1.6,0.2,2469414600
16,2000-08,0.0,0.0,2469414600
16,2000-09,0.1,0.0,2469414600
16,2000-10,4.9,2.2,2469414600
16,2000-11,1.1,0.0,2469414600
16,2000-12,2.9,0.0,2469414600
16,2001-01,5.0,0.2,2469414600
16,2001-02,22.0,2.7,2469414600
16,2001-03,89.2,8.6,2469414600
16,2001-04,55.8,31.6,2469414600
16,2001-05,78.5,34.4,2469414600
16,2001-06,11.8,3.0,2469414600
16,2001-07,0.0,0.0,2469414600
16,2001-08,0.0,0.0,2469414600
16,2001-09,0.0,0.0,2469414600
16,2001-10,1.2,0.0,2469414600
16,2001-11,9.8,4.5,2469414600
16,2001-12,13.4,6.9,2469414600
16,2002-01,18.0,0.7,2469414600
16,2002-02,52.9,2.8,2469414600
16,2002-03,76.3,12.3,2469414600
16,2002-04,94.2,19.7,2469414600
16,2002-05,88.6,29.8,2469414600
16,2002-06,43.6,24.8,2469414600
16,2002-07,2.0,0.3,2469414600
16,2002-08,0.0,0.0,2469414600
16,2002-09,0.2,0.0,2469414600
16,2002-10,0.0,0.0,2469414600
16,2002-11,7.1,2.4,2469414600
16,2002-12,12.0,6.4,2469414600
16,2003-01,38.8,1.0,2469414600
16,2003-02,31.1,0.9,2469414600
16,2003-03,65.3,2.9,2469414600
16,2003-04,62.6,45.9,2469414600
16,2003-05,65.3,84.3,2469414600
16,2003-06,55.9,39.4,2469414600
16,2003-07,2.2,2.3,2469414600
16,2003-08,0.0,0.0,2469414600
16,2003-09,0.1,0.0,2469414600
16,2003-10,0.0,0.0,2469414600
16,2003-11,0.0,0.0,2469414600
16,2003-12,6.4,3.1,2469414600
16,2004-01,19.1,0.5,2469414600
16,2004-02,35.6,13.2,2469414600
16,2004-03,64.5,7.3,2469414600
16,2004-04,71.5,13.6,2469414600
16,2004-05,87.4,31.9,2469414600
16,2004-06,35.7,20.4,2469414600
16,2004-07,0.9,0.1,2469414600
16,2004-08,0.0,0.0,2469414600
16,2004-09,0.0,0.0,2469414600
16,2004-10,21.7,12.7,2469414600
16,2004-11,16.8,0.2,2469414600
16,2004-12,55.8,3.5,2469414600
16,2005-01,60.6,50.5,2469414600
16,2005-02,67.2,11.5,2469414600
16,2005-03,82.6,65.2,2469414600
16,2005-04,68.6,9.8,2469414600
16,2005-05,77.5,110.0,2469414600
16,2005-06,32.7,51.0,2469414600
16,2005-07,21.6,15.0,2469414600
16,2005-08,0.0,0.0,2469414600
16,2005-09,0.1,0.0,2469414600
16,2005-10,1.3,0.0,2469414600
16,2005-11,10.2,0.2,2469414600
16,2005-12,55.2,30.2,2469414600
16,2006-01,47.5,24.3,2469414600
16,2006-02,61.0,3.5,2469414600
16,2006-03,34.7,42.2,2469414600
16,2006-04,99.7,123.0,2469414600
16,2006-05,139.7,102.4,2469414600
16,2006-06,103.9,88.1,2469414600
16,2006-07,19.4,13.0,2469414600
16,2006-08,0.0,0.0,2469414600
16,2006-09,0.0,0.0,2469414600
16,2006-10,0.4,0.0,2469414600
16,2006-11,6.9,0.1,2469414600
16,2006-12,6.8,0.1,2469414600
16,2007-01,2.2,0.0,2469414600
16,2007-02,46.5,26.2,2469414600
16,2007-03,58.1,2.8,2469414600
16,2007-04,75.5,9.4,2469414600
16,2007-05,40.5,13.8,2469414600
16,2007-06,2.7,0.4,2469414600
16,2007-07,0.0,0.0,2469414600
16,2007-08,0.0,0.0,2469414600
16,2007-09,0.0,0.0,2469414600
16,2007-10,0.6,0.0,2469414600
16,2007-11,0.2,0.0,2469414600
16,2007-12,0.2,0.0,2469414600
16,2008-01,5.4,3.8,2469414600
16,2008-02,25.2,6.2,2469414600
16,2008-03,29.8,1.6,2469414600
16,2008-04,56.3,6.4,2469414600
16,2008-05,96.9,38.7,2469414600
16,2008-06,35.5,17.6,2469414600
16,2008-07,0.2,0.0,2469414600
16,2008-08,0.0,0.0,2469414600
16,2008-09,0.0,0.0,2469414600
16,2008-10,0.1,0.0,2469414600
16,2008-11,14.2,0.7,2469414600
16,2008-12,8.8,0.2,2469414600
16,2009-01,42.2,1.1,2469414600
16,2009-02,49.9,10.0,2469414600
16,2009-03,77.0,16.3,2469414600
16,2009-04,71.9,11.0,2469414600
16,2009-05,65.0,105.2,2469414600
16,2009-06,13.2,18.4,2469414600
16,2009-07,0.6,0.3,2469414600
16,2009-08,0.0,0.0,2469414600
16,2009-09,0.0,0.0,2469414600
16,2009-10,3.2,1.5,2469414600
16,2009-11,6.2,0.1,2469414600
16,2009-12,4.1,0.1,2469414600
16,2010-01,42.2,6.2,2469414600
16,2010-02,59.4,8.0,2469414600
16,2010-03,69.4,3.9,2469414600
16,2010-04,61.8,40.6,2469414600
16,2010-05,47.7,37.7,2469414600
16,2010-06,77.4,52.3,2469414600
16,2010-07,20.4,10.8,2469414600
16,2010-08,0.0,0.0,2469414600
16,2010-09,0.0,0.0,2469414600
17,1999-10,2.3,0.0,4046387400
17,1999-11,13.8,0.3,4046387400
17,1999-12,0.5,0.0,4046387400
17,2000-01,18.6,10.0,4046387400
17,2000-02,61.5,79.9,4046387400
17,2000-03,52.1,8.0,4046387400
17,2000-04,94.8,13.7,4046387400
17,2000-05,91.4,50.0,4046387400
17,2000-06,45.2,45.4,4046387400
17,2000-07,1.4,0.3,4046387400
17,2000-08,0.0,0.0,4046387400
17,2000-09,0.1,0.0,4046387400
17,2000-10,5.9,2.6,4046387400
17,2000-11,1.4,0.0,4046387400
17,2000-12,3.0,0.0,4046387400
17,2001-01,4.1,0.2,4046387400
17,2001-02,17.5,2.0,4046387400
17,2001-03,58.3,8.6,4046387400
17,2001-04,35.7,21.6,4046387400
17,2001-05,101.8,18.8,4046387400
17,2001-06,18.8,3.4,4046387400
17,2001-07,0.2,0.1,4046387400
17,2001-08,0.0,0.0,4046387400
17,2001-09,0.0,0.0,4046387400
17,2001-10,1.4,0.0,4046387400
17,2001-11,10.0,4.5,4046387400
17,2001-12,10.8,6.0,4046387400
17,2002-01,18.5,0.8,4046387400
17,2002-02,37.5,4.0,4046387400
17,2002-03,56.9,10.0,4046387400
17,2002-04,66.5,7.3,4046387400
17,2002-05,89.0,9.1,4046387400
17,2002-06,68.2,24.8,4046387400
17,2002-07,2.5,0.5,4046387400
17,2002-08,0.0,0.0,4046387400
17,2002-09,0.2,0.0,4046387400
17,2002-10,0.0,0.0,4046387400
17,2002-11,11.8,5.3,4046387400
17,2002-12,18.3,9.8,4046387400
17,2003-01,30.0,2.2,4046387400
17,2003-02,25.2,1.6,4046387400
17,2003-03,43.7,4.2,4046387400
17,2003-04,49.4,41.1,4046387400
17,2003-05,69.7,44.3,4046387400
17,2003-06,88.8,39.6,4046387400
17,2003-07,3.0,2.4,4046387400
17,2003-08,0.0,0.0,4046387400
17,2003-09,0.1,0.0,4046387400
17,2003-10,0.0,0.0,4046387400
17,2003-11,0.4,0.0,4046387400
17,2003-12,4.7,2.4,4046387400
17,2004-01,14.0,0.7,4046387400
17,2004-02,31.8,13.8,4046387400
17,2004-03,55.7,9.8,4046387400
17,2004-04,50.4,4.6,4046387400
17,2004-05,92.7,10.3,4046387400
17,2004-06,58.2,18.9,4046387400
17,2004-07,0.8,0.1,4046387400
17,2004-08,0.0,0.0,4046387400
17,2004-09,0.0,0.0,4046387400
17,2004-10,32.3,16.0,4046387400
17,2004-11,12.3,0.5,4046387400
17,2004-12,49.5,10.3,4046387400
17,2005-01,59.2,60.7,4046387400
17,2005-02,60.9,16.1,4046387400
17,2005-03,66.2,62.0,4046387400
17,2005-04,46.1,5.6,4046387400
17,2005-05,86.1,66.9,4046387400
17,2005-06,80.8,31.5,4046387400
17,2005-07,49.3,25.3,4046387400
17,2005-08,0.6,0.5,4046387400
17,2005-09,0.1,0.0,4046387400
17,2005-10,1.3,0.0,4046387400
17,2005-11,10.3,0.2,4046387400
17,2005-12,39.8,23.4,4046387400
17,2006-01,45.6,26.7,4046387400
17,2006-02,48.7,5.9,4046387400
17,2006-03,33.8,38.8,4046387400
17,2006-04,82.6,106.1,4046387400
17,2006-05,142.5,45.0,4046387400
17,2006-06,125.7,80.1,4046387400
17,2006-07,30.7,22.7,4046387400
17,2006-08,0.0,0.0,4046387400
17,2006-09,0.0,0.0,4046387400
17,2006-10,0.2,0.0,4046387400
17,2006-11,5.8,0.1,4046387400
17,2006-12,5.3,0.1,4046387400
17,2007-01,1.6,0.0,4046387400
17,2007-02,30.0,16.5,4046387400
17,2007-03,36.7,3.3,4046387400
17,2007-04,52.0,2.3,4046387400
17,2007-05,57.8,7.7,4046387400
17,2007-06,5.3,1.3,4046387400
17,2007-07,0.0,0.0,4046387400
17,2007-08,0.0,0.0,4046387400
17,2007-09,0.0,0.0,4046387400
17,2007-10,0.3,0.0,4046387400
17,2007-11,0.2,0.0,4046387400
17,2007-12,0.3,0.0,4046387400
17,2008-01,6.5,4.1,4046387400
17,2008-02,32.5,11.1,4046387400
17,2008-03,33.2,4.7,4046387400
17,2008-04,46.2,6.6,4046387400
17,2008-05,92.9,13.9,4046387400
17,2008-06,71.7,22.4,4046387400
17,2008-07,2.4,1.1,4046387400
17,2008-08,0.0,0.0,4046387400
17,2008-09,0.0,0.0,4046387400
17,2008-10,0.2,0.0,4046387400
17,2008-11,16.4,0.6,4046387400
17,2008-12,8.1,0.2,4046387400
17,2009-01,37.4,2.9,4046387400
17,2009-02,42.8,16.7,4046387400
17,2009-03,65.3,12.6,4046387400
17,2009-04,49.5,5.1,4046387400
17,2009-05,86.4,76.1,4046387400
17,2009-06,27.9,24.6,4046387400
17,2009-07,3.1,1.2,4046387400
17,2009-08,0.0,0.0,4046387400
17,2009-09,0.0,0.0,4046387400
17,2009-10,6.9,3.3,4046387400
17,2009-11,6.2,0.1,4046387400
17,2009-12,4.6,0.7,4046387400
17,2010-01,36.7,7.5,4046387400
17,2010-02,54.6,11.8,4046387400
17,2010-03,58.0,7.5,4046387400
17,2010-04,48.3,34.4,4046387400
17,2010-05,37.4,22.6,4046387400
17,2010-06,113.8,48.7,4046387400
17,2010-07,40.5,13.7,4046387400
17,2010-08,0.0,0.0,4046387400
17,2010-09,0.0,0.0,4046387400
18,1999-10,0.7,0.0,2583357300
18,1999-11,4.4,0.1,2583357300
18,1999-12,0.1,0.0,2583357300
18,2000-01,11.4,5.9,2583357300
18,2000-02,56.1,90.0,2583357300
18,2000-03,47.4,2.5,2583357300
18,2000-04,86.5,12.7,2583357300
18,2000-05,84.7,31.6,2583357300
18,2000-06,18.2,21.0,2583357300
18,2000-07,0.0,0.0,2583357300
18,2000-08,0.0,0.0,2583357300
18,2000-09,0.0,0.0,2583357300
18,2000-10,2.5,1.1,2583357300
18,2000-11,0.7,0.0,2583357300
18,2000-12,1.9,0.0,2583357300
18,2001-01,3.8,0.1,2583357300
18,2001-02,15.2,3.2,2583357300
18,2001-03,48.3,3.3,2583357300
18,2001-04,30.6,15.1,2583357300
18,2001-05,76.3,16.9,2583357300
18,2001-06,5.9,2.1,2583357300
18,2001-07,0.1,0.0,2583357300
18,2001-08,0.0,0.0,2583357300
18,2001-09,0.0,0.0,2583357300
18,2001-10,0.5,0.0,2583357300
18,2001-11,7.2,3.3,2583357300
18,2001-12,11.6,6.6,2583357300
18,2002-01,17.2,0.9,2583357300
18,2002-02,31.6,1.1,2583357300
18,2002-03,43.4,3.0,2583357300
18,2002-04,60.6,4.3,2583357300
18,2002-05,69.6,14.2,2583357300
18,2002-06,35.7,13.2,2583357300
18,2002-07,0.3,0.0,2583357300
18,2002-08,0.0,0.0,2583357300
18,2002-09,0.0,0.0,2583357300
18,2002-10,0.0,0.0,2583357300
18,2002-11,11.7,5.6,2583357300
18,2002-12,19.5,10.1,2583357300
18,2003-01,22.7,0.2,2583357300
18,2003-02,25.2,0.7,2583357300
18,2003-03,40.8,1.1,2583357300
18,2003-04,44.3,30.6,2583357300
18,2003-05,70.1,42.6,2583357300
18,2003-06,60.1,25.7,2583357300
18,2003-07,0.4,0.3,2583357300
18,2003-08,0.0,0.0,2583357300
18,2003-09,0.0,0.0,2583357300
18,2003-10,0.0,0.0,2583357300
18,2003-11,0.1,0.0,2583357300
18,2003-12,2.0,1.0,2583357300
18,2004-01,8.9,0.1,2583357300
18,2004-02,27.2,15.6,2583357300
18,2004-03,42.3,4.1,2583357300
18,2004-04,52.8,3.7,2583357300
18,2004-05,76.4,12.6,2583357300
18,2004-06,25.5,9.3,2583357300
18,2004-07,0.0,0.0,2583357300
18,2004-08,0.0,0.0,2583357300
18,2004-09,0.0,0.0,2583357300
18,2004-10,26.6,14.3,2583357300
18,2004-11,12.5,0.1,2583357300
18,2004-12,57.4,14.0,2583357300
18,2005-01,64.0,82.4,2583357300
18,2005-02,64.1,21.5,2583357300
18,2005-03,67.3,61.1,2583357300
18,2005-04,44.8,3.0,2583357300
18,2005-05,78.0,71.0,2583357300
18,2005-06,61.6,17.9,2583357300
18,2005-07,23.3,14.5,2583357300
18,2005-08,0.1,0.1,2583357300
18,2005-09,0.0,0.0,2583357300
18,2005-10,0.1,0.0,2583357300
18,2005-11,1.8,0.0,2583357300
18,2005-12,23.4,11.3,2583357300
18,2006-01,42.7,30.4,2583357300
18,2006-02,50.9,3.6,2583357300
18,2006-03,32.7,41.1,2583357300
18,2006-04,83.0,98.1,2583357300
18,2006-05,125.5,49.9,2583357300
18,2006-06,91.2,54.4,2583357300
18,2006-07,7.9,11.6,2583357300
18,2006-08,0.0,0.0,2583357300
18,2006-09,0.0,0.0,2583357300
18,2006-10,0.0,0.0,2583357300
18,2006-11,1.1,0.0,2583357300
18,2006-12,2.8,0.0,2583357300
18,2007-01,0.6,0.0,2583357300
18,2007-02,19.4,5.6,2583357300
18,2007-03,31.7,0.7,2583357300
18,2007-04,39.6,1.5,2583357300
18,2007-05,22.3,4.8,2583357300
18,2007-06,0.9,0.3,2583357300
18,2007-07,0.0,0.0,2583357300
18,2007-08,0.0,0.0,2583357300
18,2007-09,0.0,0.0,2583357300
18,2007-10,0.0,0.0,2583357300
18,2007-11,0.0,0.0,2583357300
18,2007-12,0.1,0.0,2583357300
18,2008-01,5.3,3.9,2583357300
18,2008-02,26.8,18.1,2583357300
18,2008-03,23.0,1.2,2583357300
18,2008-04,33.3,2.7,2583357300
18,2008-05,85.4,13.4,2583357300
18,2008-06,43.4,15.9,2583357300
18,2008-07,1.1,0.5,2583357300
18,2008-08,0.0,0.0,2583357300
18,2008-09,0.0,0.0,2583357300
18,2008-10,0.1,0.0,2583357300
18,2008-11,8.3,0.5,2583357300
18,2008-12,6.7,0.1,2583357300
18,2009-01,32.3,1.0,2583357300
18,2009-02,40.1,19.9,2583357300
18,2009-03,57.4,4.3,2583357300
18,2009-04,47.8,2.3,2583357300
18,2009-05,64.1,67.3,2583357300
18,2009-06,9.3,11.6,2583357300
18,2009-07,0.8,0.3,2583357300
18,2009-08,0.0,0.0,2583357300
18,2009-09,0.0,0.0,2583357300
18,2009-10,7.3,3.8,2583357300
18,2009-11,0.7,0.0,2583357300
18,2009-12,7.5,2.8,2583357300
18,2010-01,41.3,7.0,2583357300
18,2010-02,57.5,20.2,2583357300
18,2010-03,50.5,2.6,2583357300
18,2010-04,49.1,32.0,2583357300
18,2010-05,44.6,25.8,2583357300
18,2010-06,88.0,42.1,2583357300
18,2010-07,18.0,7.9,2583357300
18,2010-08,0.0,0.0,2583357300
18,2010-09,0.0,0.0,2583357300
19,1999-10,0.0,0.0,725573700
19,1999-11,0.0,0.0,725573700
19,1999-12,0.0,0.0,725573700
19,2000-01,1.9,0.9,725573700
19,2000-02,54.3,49.1,725573700
19,2000-03,13.3,0.5,725573700
19,2000-04,3.0,0.4,725573700
19,2000-05,0.0,0.0,725573700
19,2000-06,0.0,0.0,725573700
19,2000-07,0.0,0.0,725573700
19,2000-08,0.0,0.0,725573700
19,2000-09,0.0,0.0,725573700
19,2000-10,0.0,0.0,725573700
19,2000-11,0.0,0.0,725573700
19,2000-12,0.0,0.0,725573700
19,2001-01,0.3,0.0,725573700
19,2001-02,3.4,0.4,725573700
19,2001-03,6.8,0.6,725573700
19,2001-04,2.3,1.3,725573700
19,2001-05,0.0,0.0,725573700
19,2001-06,0.0,0.0,725573700
19,2001-07,0.0,0.0,725573700
19,2001-08,0.0,0.0,725573700
19,2001-09,0.0,0.0,725573700
19,2001-10,0.0,0.0,725573700
19,2001-11,0.0,0.0,725573700
19,2001-12,3.1,1.5,725573700
19,2002-01,7.3,0.1,725573700
19,2002-02,11.4,0.2,725573700
19,2002-03,15.7,0.7,725573700
19,2002-04,0.4,0.0,725573700
19,2002-05,0.0,0.0,725573700
19,2002-06,0.0,0.0,725573700
19,2002-07,0.0,0.0,725573700
19,2002-08,0.0,0.0,725573700
19,2002-09,0.0,0.0,725573700
19,2002-10,0.0,0.0,725573700
19,2002-11,0.0,0.0,725573700
19,2002-12,3.5,1.8,725573700
19,2003-01,3.5,0.0,725573700
19,2003-02,9.9,0.2,725573700
19,2003-03,8.1,0.1,725573700
19,2003-04,10.4,6.9,725573700
19,2003-05,0.0,0.0,725573700
19,2003-06,0.0,0.0,725573700
19,2003-07,0.0,0.0,725573700
19,2003-08,0.0,0.0,725573700
19,2003-09,0.0,0.0,725573700
19,2003-10,0.0,0.0,725573700
19,2003-11,0.0,0.0,725573700
19,2003-12,0.2,0.1,725573700
19,2004-01,1.1,0.0,725573700
19,2004-02,13.6,3.4,725573700
19,2004-03,3.1,0.6,725573700
19,2004-04,0.1,0.0,725573700
19,2004-05,0.0,0.0,725573700
19,2004-06,0.0,0.0,725573700
19,2004-07,0.0,0.0,725573700
19,2004-08,0.0,0.0,725573700
19,2004-09,0.0,0.0,725573700
19,2004-10,0.2,0.1,725573700
19,2004-11,0.4,0.0,725573700
19,2004-12,6.7,1.3,725573700
19,2005-01,56.9,43.4,725573700
19,2005-02,55.5,6.3,725573700
19,2005-03,44.4,26.6,725573700
19,2005-04,0.5,0.0,725573700
19,2005-05,0.6,0.9,725573700
19,2005-06,0.0,0.0,725573700
19,2005-07,0.0,0.0,725573700
19,2005-08,0.0,0.0,725573700
19,2005-09,0.0,0.0,725573700
19,2005-10,0.0,0.0,725573700
19,2005-11,0.0,0.0,725573700
19,2005-12,1.1,0.6,725573700
19,2006-01,14.1,7.8,725573700
19,2006-02,16.6,0.8,725573700
19,2006-03,38.0,22.8,725573700
19,2006-04,40.1,30.1,725573700
19,2006-05,0.3,0.1,725573700
19,2006-06,0.0,0.0,725573700
19,2006-07,0.0,0.0,725573700
19,2006-08,0.0,0.0,725573700
19,2006-09,0.0,0.0,725573700
19,2006-10,0.0,0.0,725573700
19,2006-11,0.0,0.0,725573700
19,2006-12,0.0,0.0,725573700
19,2007-01,0.0,0.0,725573700
19,2007-02,1.5,0.4,725573700
19,2007-03,0.4,0.0,725573700
19,2007-04,0.0,0.0,725573700
19,2007-05,0.0,0.0,725573700
19,2007-06,0.0,0.0,725573700
19,2007-07,0.0,0.0,725573700
19,2007-08,0.0,0.0,725573700
19,2007-09,0.0,0.0,725573700
19,2007-10,0.0,0.0,725573700
19,2007-11,0.0,0.0,725573700
19,2007-12,0.0,0.0,725573700
19,2008-01,2.4,1.1,725573700
19,2008-02,25.7,4.8,725573700
19,2008-03,4.5,0.2,725573700
19,2008-04,1.0,0.2,725573700
19,2008-05,0.0,0.0,725573700
19,2008-06,0.0,0.0,725573700
19,2008-07,0.0,0.0,725573700
19,2008-08,0.0,0.0,725573700
19,2008-09,0.0,0.0,725573700
19,2008-10,0.0,0.0,725573700
19,2008-11,0.0,0.0,725573700
19,2008-12,0.2,0.0,725573700
19,2009-01,1.9,0.2,725573700
19,2009-02,19.7,5.8,725573700
19,2009-03,18.1,1.0,725573700
19,2009-04,0.4,0.0,725573700
19,2009-05,0.0,0.0,725573700
19,2009-06,0.0,0.0,725573700
19,2009-07,0.0,0.0,725573700
19,2009-08,0.0,0.0,725573700
19,2009-09,0.0,0.0,725573700
19,2009-10,0.0,0.0,725573700
19,2009-11,0.0,0.0,725573700
19,2009-12,0.8,0.3,725573700
19,2010-01,9.0,0.8,725573700
19,2010-02,36.2,10.4,725573700
19,2010-03,17.1,0.6,725573700
19,2010-04,16.7,9.8,725573700
19,2010-05,0.0,0.0,725573700
19,2010-06,0.0,0.0,725573700
19,2010-07,0.0,0.0,725573700
19,2010-08,0.0,0.0,725573700
19,2010-09,0.0,0.0,725573700
20,1999-10,0.0,0.0,886318200
20,1999-11,0.0,0.0,886318200
20,1999-12,0.0,0.0,886318200
20,2000-01,1.5,0.8,886318200
20,2000-02,47.2,41.3,886318200
20,2000-03,13.2,0.9,886318200
20,2000-04,4.4,0.5,886318200
20,2000-05,0.0,0.0,886318200
20,2000-06,0.0,0.0,886318200
20,2000-07,0.0,0.0,886318200
20,2000-08,0.0,0.0,886318200
20,2000-09,0.0,0.0,886318200
20,2000-10,0.0,0.0,886318200
20,2000-11,0.0,0.0,886318200
20,2000-12,0.0,0.0,886318200
20,2001-01,0.5,0.0,886318200
20,2001-02,4.5,0.8,886318200
20,2001-03,8.8,1.3,886318200
20,2001-04,4.2,2.0,886318200
20,2001-05,0.0,0.0,886318200
20,2001-06,0.0,0.0,886318200
20,2001-07,0.0,0.0,886318200
20,2001-08,0.0,0.0,886318200
20,2001-09,0.0,0.0,886318200
20,2001-10,0.0,0.0,886318200
20,2001-11,0.0,0.0,886318200
20,2001-12,3.2,1.6,886318200
20,2002-01,5.3,0.2,886318200
20,2002-02,9.0,0.6,886318200
20,2002-03,16.4,1.3,886318200
20,2002-04,1.2,0.2,886318200
20,2002-05,0.0,0.0,886318200
20,2002-06,0.0,0.0,886318200
20,2002-07,0.0,0.0,886318200
20,2002-08,0.0,0.0,886318200
20,2002-09,0.0,0.0,886318200
20,2002-10,0.0,0.0,886318200
20,2002-11,0.1,0.0,886318200
20,2002-12,3.9,2.2,886318200
20,2003-01,3.1,0.2,886318200
20,2003-02,8.5,0.7,886318200
20,2003-03,8.0,0.4,886318200
20,2003-04,13.2,7.3,886318200
20,2003-05,0.1,0.1,886318200
20,2003-06,0.0,0.0,886318200
20,2003-07,0.0,0.0,886318200
20,2003-08,0.0,0.0,886318200
20,2003-09,0.0,0.0,886318200
20,2003-10,0.0,0.0,886318200
20,2003-11,0.0,0.0,886318200
20,2003-12,0.3,0.1,886318200
20,2004-01,1.4,0.1,886318200
20,2004-02,10.6,1.4,886318200
20,2004-03,6.1,1.3,886318200
20,2004-04,0.5,0.0,886318200
20,2004-05,0.0,0.0,886318200
20,2004-06,0.0,0.0,886318200
20,2004-07,0.0,0.0,886318200
20,2004-08,0.0,0.0,886318200
20,2004-09,0.0,0.0,886318200
20,2004-10,0.2,0.1,886318200
20,2004-11,0.4,0.0,886318200
20,2004-12,6.2,1.6,886318200
20,2005-01,40.8,27.6,886318200
20,2005-02,47.3,9.2,886318200
20,2005-03,35.2,23.3,886318200
20,2005-04,1.4,0.2,886318200
20,2005-05,2.1,1.0,886318200
20,2005-06,0.0,0.0,886318200
20,2005-07,0.0,0.0,886318200
20,2005-08,0.0,0.0,886318200
20,2005-09,0.0,0.0,886318200
20,2005-10,0.0,0.0,886318200
20,2005-11,0.0,0.0,886318200
20,2005-12,1.2,0.6,886318200
20,2006-01,11.2,5.8,886318200
20,2006-02,16.7,1.4,886318200
20,2006-03,35.3,22.7,886318200
20,2006-04,41.0,37.3,886318200
20,2006-05,1.0,0.4,886318200
20,2006-06,0.0,0.0,886318200
20,2006-07,0.0,0.0,886318200
20,2006-08,0.0,0.0,886318200
20,2006-09,0.0,0.0,886318200
20,2006-10,0.0,0.0,886318200
20,2006-11,0.0,0.0,886318200
20,2006-12,0.0,0.0,886318200
20,2007-01,0.0,0.0,886318200
20,2007-02,1.8,0.4,886318200
20,2007-03,1.0,0.0,886318200
20,2007-04,0.0,0.0,886318200
20,2007-05,0.0,0.0,886318200
20,2007-06,0.0,0.0,886318200
20,2007-07,0.0,0.0,886318200
20,2007-08,0.0,0.0,886318200
20,2007-09,0.0,0.0,886318200
20,2007-10,0.0,0.0,886318200
20,2007-11,0.0,0.0,886318200
20,2007-12,0.0,0.0,886318200
20,2008-01,1.8,0.8,886318200
20,2008-02,17.6,3.9,886318200
20,2008-03,5.6,0.6,886318200
20,2008-04,2.6,0.5,886318200
20,2008-05,0.1,0.0,886318200
20,2008-06,0.0,0.0,886318200
20,2008-07,0.0,0.0,886318200
20,2008-08,0.0,0.0,886318200
20,2008-09,0.0,0.0,886318200
20,2008-10,0.0,0.0,886318200
20,2008-11,0.0,0.0,886318200
20,2008-12,0.3,0.0,886318200
20,2009-01,2.9,0.4,886318200
20,2009-02,15.7,4.9,886318200
20,2009-03,19.1,1.7,886318200
20,2009-04,1.3,0.1,886318200
20,2009-05,0.0,0.0,886318200
20,2009-06,0.0,0.0,886318200
20,2009-07,0.0,0.0,886318200
20,2009-08,0.0,0.0,886318200
20,2009-09,0.0,0.0,886318200
20,2009-10,0.0,0.0,886318200
20,2009-11,0.0,0.0,886318200
20,2009-12,1.0,0.5,886318200
20,2010-01,11.3,1.6,886318200
20,2010-02,34.7,12.5,886318200
20,2010-03,17.5,1.3,886318200
20,2010-04,19.3,11.4,886318200
20,2010-05,0.2,0.1,886318200
20,2010-06,0.0,0.0,886318200
20,2010-07,0.0,0.0,886318200
20,2010-08,0.0,0.0,886318200
20,2010-09,0.0,0.0,886318200
21,1999-10,1.2,0.0,4176878400
21,1999-11,3.6,0.1,4176878400
21,1999-12,0.0,0.0,4176878400
21,2000-01,8.5,3.9,4176878400
21,2000-02,55.7,36.0,4176878400
21,2000-03,39.5,0.9,4176878400
21,2000-04,77.9,12.8,4176878400
21,2000-05,89.9,30.2,4176878400
21,2000-06,22.1,45.1,4176878400
21,2000-07,0.3,0.0,4176878400
21,2000-08,0.0,0.0,4176878400
21,2000-09,0.0,0.0,4176878400
21,2000-10,2.9,1.3,4176878400
21,2000-11,0.1,0.0,4176878400
21,2000-12,0.7,0.0,4176878400
21,2001-01,4.3,0.0,4176878400
21,2001-02,11.8,1.2,4176878400
21,2001-03,37.2,1.7,4176878400
21,2001-04,31.2,15.0,4176878400
21,2001-05,85.6,28.1,4176878400
21,2001-06,30.4,16.4,4176878400
21,2001-07,1.7,5.0,4176878400
21,2001-08,0.1,0.0,4176878400
21,2001-09,0.0,0.0,4176878400
21,2001-10,1.6,0.0,4176878400
21,2001-11,4.3,1.9,4176878400
21,2001-12,9.7,4.4,4176878400
21,2002-01,10.4,0.1,4176878400
21,2002-02,18.4,0.2,4176878400
21,2002-03,32.9,0.7,4176878400
21,2002-04,56.2,6.5,4176878400
21,2002-05,58.9,19.0,4176878400
21,2002-06,58.1,35.0,4176878400
21,2002-07,10.4,6.2,4176878400
21,2002-08,0.0,0.0,4176878400
21,2002-09,0.0,0.0,4176878400
21,2002-10,0.0,0.0,4176878400
21,2002-11,9.1,4.3,4176878400
21,2002-12,15.4,7.0,4176878400
21,2003-01,13.9,0.1,4176878400
21,2003-02,24.9,0.4,4176878400
21,2003-03,35.0,0.8,4176878400
21,2003-04,39.9,19.4,4176878400
21,2003-05,70.6,36.2,4176878400
21,2003-06,66.2,39.4,4176878400
21,2003-07,3.4,9.7,4176878400
21,2003-08,0.0,0.0,4176878400
21,2003-09,0.0,0.0,4176878400
21,2003-10,0.0,0.0,4176878400
21,2003-11,0.0,0.0,4176878400
21,2003-12,2.0,0.9,4176878400
21,2004-01,6.8,0.1,4176878400
21,2004-02,17.8,0.9,4176878400
21,2004-03,36.6,2.0,4176878400
21,2004-04,43.1,4.4,4176878400
21,2004-05,55.9,14.3,4176878400
21,2004-06,35.0,21.8,4176878400
21,2004-07,1.2,0.3,4176878400
21,2004-08,0.0,0.0,4176878400
21,2004-09,0.0,0.0,4176878400
21,2004-10,16.2,10.1,4176878400
21,2004-11,7.4,0.0,4176878400
21,2004-12,39.5,9.5,4176878400
21,2005-01,51.5,25.9,4176878400
21,2005-02,55.0,2.6,4176878400
21,2005-03,56.8,28.9,4176878400
21,2005-04,46.7,3.6,4176878400
21,2005-05,83.7,81.9,4176878400
21,2005-06,83.7,40.8,4176878400
21,2005-07,52.0,59.3,4176878400
21,2005-08,4.4,8.3,4176878400
21,2005-09,0.6,0.0,4176878400
21,2005-10,0.4,0.0,4176878400
21,2005-11,1.1,0.0,4176878400
21,2005-12,10.1,4.6,4176878400
21,2006-01,26.9,12.3,4176878400
21,2006-02,35.6,0.8,4176878400
21,2006-03,30.0,14.7,4176878400
21,2006-04,90.6,77.2,4176878400
21,2006-05,118.9,71.3,4176878400
21,2006-06,109.5,88.8,4176878400
21,2006-07,18.2,57.6,4176878400
21,2006-08,2.1,0.9,4176878400
21,2006-09,0.0,0.0,4176878400
21,2006-10,0.1,0.0,4176878400
21,2006-11,0.1,0.0,4176878400
21,2006-12,0.3,0.0,4176878400
21,2007-01,0.2,0.0,4176878400
21,2007-02,9.5,0.8,4176878400
21,2007-03,15.3,0.5,4176878400
21,2007-04,22.8,2.5,4176878400
21,2007-05,35.3,10.9,4176878400
21,2007-06,8.9,3.0,4176878400
21,2007-07,0.0,0.0,4176878400
21,2007-08,0.0,0.0,4176878400
21,2007-09,0.0,0.0,4176878400
21,2007-10,0.0,0.0,4176878400
21,2007-11,0.0,0.0,4176878400
21,2007-12,0.0,0.0,4176878400
21,2008-01,2.3,1.1,4176878400
21,2008-02,20.3,3.4,4176878400
21,2008-03,17.4,0.3,4176878400
21,2008-04,29.4,2.0,4176878400
21,2008-05,60.4,15.4,4176878400
21,2008-06,65.9,42.7,4176878400
21,2008-07,10.5,6.6,4176878400
21,2008-08,0.0,0.0,4176878400
21,2008-09,0.0,0.0,4176878400
21,2008-10,0.0,0.0,4176878400
21,2008-11,8.0,2.2,4176878400
21,2008-12,5.4,0.0,4176878400
21,2009-01,27.4,0.4,4176878400
21,2009-02,33.9,6.6,4176878400
21,2009-03,38.2,1.1,4176878400
21,2009-04,45.8,3.2,4176878400
21,2009-05,66.1,80.3,4176878400
21,2009-06,17.9,29.7,4176878400
21,2009-07,9.6,5.8,4176878400
21,2009-08,0.0,0.0,4176878400
21,2009-09,0.0,0.0,4176878400
21,2009-10,8.5,4.7,4176878400
21,2009-11,0.3,0.0,4176878400
21,2009-12,9.4,3.7,4176878400
21,2010-01,34.3,7.9,4176878400
21,2010-02,49.0,13.0,4176878400
21,2010-03,39.2,0.8,4176878400
21,2010-04,48.2,24.7,4176878400
21,2010-05,53.5,9.8,4176878400
21,2010-06,108.2,62.9,4176878400
21,2010-07,47.6,40.6,4176878400
21,2010-08,3.1,1.2,4176878400
21,2010-09,0.0,0.0,4176878400
22,1999-10,0.9,0.0,3943817100
22,1999-11,4.5,0.1,3943817100
22,1999-12,0.0,0.0,3943817100
22,2000-01,4.9,2.4,3943817100
22,2000-02,32.9,23.1,3943817100
22,2000-03,31.3,1.8,3943817100
22,2000-04,69.1,10.3,3943817100
22,2000-05,109.0,31.3,3943817100
22,2000-06,38.9,46.3,3943817100
22,2000-07,0.1,0.0,3943817100
22,2000-08,0.0,0.0,3943817100
22,2000-09,0.0,0.0,3943817100
22,2000-10,4.9,2.2,3943817100
22,2000-11,0.3,0.0,3943817100
22,2000-12,1.3,0.0,3943817100
22,2001-01,3.4,0.2,3943817100
22,2001-02,7.1,0.8,3943817100
22,2001-03,22.2,1.3,3943817100
22,2001-04,23.8,12.7,3943817100
22,2001-05,114.9,34.1,3943817100
22,2001-06,46.1,30.2,3943817100
22,2001-07,1.9,5.3,3943817100
22,2001-08,0.1,0.0,3943817100
22,2001-09,0.1,0.0,3943817100
22,2001-10,2.6,0.0,3943817100
22,2001-11,6.7,3.1,3943817100
22,2001-12,6.9,3.5,3943817100
22,2002-01,11.8,0.6,3943817100
22,2002-02,14.4,0.5,3943817100
22,2002-03,29.2,1.9,3943817100
22,2002-04,48.0,4.6,3943817100
22,2002-05,70.4,9.3,3943817100
22,2002-06,75.5,47.7,3943817100
22,2002-07,8.7,5.5,3943817100
22,2002-08,0.0,0.0,3943817100
22,2002-09,0.0,0.0,3943817100
22,2002-10,0.0,0.0,3943817100
22,2002-11,15.2,7.3,3943817100
22,2002-12,11.3,5.4,3943817100
22,2003-01,10.2,0.2,3943817100
22,2003-02,25.6,1.7,3943817100
22,2003-03,34.7,2.1,3943817100
22,2003-04,24.7,13.0,3943817100
22,2003-05,57.0,48.0,3943817100
22,2003-06,90.5,52.2,3943817100
22,2003-07,4.0,15.3,3943817100
22,2003-08,0.0,0.0,3943817100
22,2003-09,0.0,0.0,3943817100
22,2003-10,0.0,0.0,3943817100
22,2003-11,0.0,0.0,3943817100
22,2003-12,2.9,1.5,3943817100
22,2004-01,5.0,0.2,3943817100
22,2004-02,12.3,2.2,3943817100
22,2004-03,29.5,2.7,3943817100
22,2004-04,33.0,2.7,3943817100
22,2004-05,64.2,9.2,3943817100
22,2004-06,43.0,24.6,3943817100
22,2004-07,0.7,0.1,3943817100
22,2004-08,0.0,0.0,3943817100
22,2004-09,0.0,0.0,3943817100
22,2004-10,11.4,5.5,3943817100
22,2004-11,4.2,0.0,3943817100
22,2004-12,22.2,1.5,3943817100
22,2005-01,39.3,23.2,3943817100
22,2005-02,36.8,3.9,3943817100
22,2005-03,44.5,26.5,3943817100
22,2005-04,33.3,2.6,3943817100
22,2005-05,68.2,65.7,3943817100
22,2005-06,101.2,47.8,3943817100
22,2005-07,57.8,64.8,3943817100
22,2005-08,3.0,7.5,3943817100
22,2005-09,0.8,0.1,3943817100
22,2005-10,2.2,0.0,3943817100
22,2005-11,0.6,0.0,3943817100
22,2005-12,6.5,2.9,3943817100
22,2006-01,21.2,11.2,3943817100
22,2006-02,26.3,1.5,3943817100
22,2006-03,18.8,13.1,3943817100
22,2006-04,59.8,57.9,3943817100
22,2006-05,104.5,68.3,3943817100
22,2006-06,138.7,106.5,3943817100
22,2006-07,18.0,66.9,3943817100
22,2006-08,1.9,0.8,3943817100
22,2006-09,0.0,0.0,3943817100
22,2006-10,0.8,0.0,3943817100
22,2006-11,0.1,0.0,3943817100
22,2006-12,0.6,0.0,3943817100
22,2007-01,0.2,0.0,3943817100
22,2007-02,6.0,0.6,3943817100
22,2007-03,13.9,0.6,3943817100
22,2007-04,24.5,1.3,3943817100
22,2007-05,41.1,11.1,3943817100
22,2007-06,7.8,2.4,3943817100
22,2007-07,0.0,0.0,3943817100
22,2007-08,0.0,0.0,3943817100
22,2007-09,0.0,0.0,3943817100
22,2007-10,0.0,0.0,3943817100
22,2007-11,0.0,0.0,3943817100
22,2007-12,0.0,0.0,3943817100
22,2008-01,2.2,1.3,3943817100
22,2008-02,13.0,5.0,3943817100
22,2008-03,14.1,0.7,3943817100
22,2008-04,25.3,2.3,3943817100
22,2008-05,59.8,9.1,3943817100
22,2008-06,76.1,45.5,3943817100
22,2008-07,5.8,4.4,3943817100
22,2008-08,0.0,0.0,3943817100
22,2008-09,0.0,0.0,3943817100
22,2008-10,0.0,0.0,3943817100
22,2008-11,10.8,1.0,3943817100
22,2008-12,4.6,0.1,3943817100
22,2009-01,23.4,0.9,3943817100
22,2009-02,22.9,5.7,3943817100
22,2009-03,23.1,0.9,3943817100
22,2009-04,36.8,2.5,3943817100
22,2009-05,71.2,73.3,3943817100
22,2009-06,15.4,26.3,3943817100
22,2009-07,5.8,3.3,3943817100
22,2009-08,0.0,0.0,3943817100
22,2009-09,0.0,0.0,3943817100
22,2009-10,15.0,7.4,3943817100
22,2009-11,0.1,0.0,3943817100
22,2009-12,8.1,3.2,3943817100
22,2010-01,30.4,7.0,3943817100
22,2010-02,33.4,17.2,3943817100
22,2010-03,29.5,1.5,3943817100
22,2010-04,32.7,18.5,3943817100
22,2010-05,48.5,6.5,3943817100
22,2010-06,134.7,73.9,3943817100
22,2010-07,54.1,43.9,3943817100
22,2010-08,1.4,0.5,3943817100
22,2010-09,0.0,0.0,3943817100
23,1999-10,0.0,0.0,2113735500
23,1999-11,0.2,0.0,2113735500
23,1999-12,0.0,0.0,2113735500
23,2000-01,2.5,0.9,2113735500
23,2000-02,32.9,28.1,2113735500
23,2000-03,30.3,3.2,2113735500
23,2000-04,40.0,10.3,2113735500
23,2000-05,30.8,17.7,2113735500
23,2000-06,5.8,4.5,2113735500
23,2000-07,0.0,0.0,2113735500
23,2000-08,0.0,0.0,2113735500
23,2000-09,0.0,0.0,2113735500
23,2000-10,2.4,1.1,2113735500
23,2000-11,0.2,0.0,2113735500
23,2000-12,0.2,0.0,2113735500
23,2001-01,3.1,0.1,2113735500
23,2001-02,10.0,1.4,2113735500
23,2001-03,17.9,1.5,2113735500
23,2001-04,21.3,15.4,2113735500
23,2001-05,35.5,15.5,2113735500
23,2001-06,3.6,1.1,2113735500
23,2001-07,0.0,0.0,2113735500
23,2001-08,0.0,0.0,2113735500
23,2001-09,0.0,0.0,2113735500
23,2001-10,0.0,0.0,2113735500
23,2001-11,4.7,2.1,2113735500
23,2001-12,13.9,7.1,2113735500
23,2002-01,18.3,1.4,2113735500
23,2002-02,15.0,1.0,2113735500
23,2002-03,35.2,4.4,2113735500
23,2002-04,31.4,4.0,2113735500
23,2002-05,25.2,9.9,2113735500
23,2002-06,11.2,7.8,2113735500
23,2002-07,0.0,0.0,2113735500
23,2002-08,0.0,0.0,2113735500
23,2002-09,0.0,0.0,2113735500
23,2002-10,0.0,0.0,2113735500
23,2002-11,17.8,8.9,2113735500
23,2002-12,16.3,3.7,2113735500
23,2003-01,9.0,0.2,2113735500
23,2003-02,24.5,2.7,2113735500
23,2003-03,33.7,2.8,2113735500
23,2003-04,20.9,11.8,2113735500
23,2003-05,18.0,30.9,2113735500
23,2003-06,17.4,12.1,2113735500
23,2003-07,0.1,0.1,2113735500
23,2003-08,0.0,0.0,2113735500
23,2003-09,0.0,0.0,2113735500
23,2003-10,0.0,0.0,2113735500
23,2003-11,0.0,0.0,2113735500
23,2003-12,3.6,1.7,2113735500
23,2004-01,9.1,0.4,2113735500
23,2004-02,18.5,4.5,2113735500
23,2004-03,27.2,4.2,2113735500
23,2004-04,24.7,2.6,2113735500
23,2004-05,20.6,5.9,2113735500
23,2004-06,6.9,3.9,2113735500
23,2004-07,0.0,0.0,2113735500
23,2004-08,0.0,0.0,2113735500
23,2004-09,0.0,0.0,2113735500
23,2004-10,3.1,1.4,2113735500
23,2004-11,1.9,0.0,2113735500
23,2004-12,12.4,0.4,2113735500
23,2005-01,37.5,26.1,2113735500
23,2005-02,27.2,2.7,2113735500
23,2005-03,46.6,35.4,2113735500
23,2005-04,24.0,3.2,2113735500
23,2005-05,19.5,34.8,2113735500
23,2005-06,17.4,11.6,2113735500
23,2005-07,2.7,1.0,2113735500
23,2005-08,0.0,0.0,2113735500
23,2005-09,0.1,0.0,2113735500
23,2005-10,0.2,0.0,2113735500
23,2005-11,0.1,0.0,2113735500
23,2005-12,2.8,0.5,2113735500
23,2006-01,21.6,12.5,2113735500
23,2006-02,24.0,2.2,2113735500
23,2006-03,25.8,16.8,2113735500
23,2006-04,46.4,50.3,2113735500
23,2006-05,43.2,38.3,2113735500
23,2006-06,26.6,20.5,2113735500
23,2006-07,0.6,0.9,2113735500
23,2006-08,0.0,0.0,2113735500
23,2006-09,0.0,0.0,2113735500
23,2006-10,0.0,0.0,2113735500
23,2006-11,0.0,0.0,2113735500
23,2006-12,0.1,0.0,2113735500
23,2007-01,0.1,0.0,2113735500
23,2007-02,7.5,0.3,2113735500
23,2007-03,13.3,0.4,2113735500
23,2007-04,14.8,0.8,2113735500
23,2007-05,5.5,2.2,2113735500
23,2007-06,0.0,0.0,2113735500
23,2007-07,0.0,0.0,2113735500
23,2007-08,0.0,0.0,2113735500
23,2007-09,0.0,0.0,2113735500
23,2007-10,0.0,0.0,2113735500
23,2007-11,0.0,0.0,2113735500
23,2007-12,0.0,0.0,2113735500
23,2008-01,3.8,1.9,2113735500
23,2008-02,22.1,14.1,2113735500
23,2008-03,16.1,1.6,2113735500
23,2008-04,24.5,3.2,2113735500
23,2008-05,27.8,7.0,2113735500
23,2008-06,8.2,4.4,2113735500
23,2008-07,0.0,0.0,2113735500
23,2008-08,0.0,0.0,2113735500
23,2008-09,0.0,0.0,2113735500
23,2008-10,0.0,0.0,2113735500
23,2008-11,2.3,0.1,2113735500
23,2008-12,2.1,0.0,2113735500
23,2009-01,17.6,0.6,2113735500
23,2009-02,23.5,6.3,2113735500
23,2009-03,18.0,0.9,2113735500
23,2009-04,24.2,2.0,2113735500
23,2009-05,15.2,14.5,2113735500
23,2009-06,0.9,0.7,2113735500
23,2009-07,0.0,0.0,2113735500
23,2009-08,0.0,0.0,2113735500
23,2009-09,0.0,0.0,2113735500
23,2009-10,2.8,1.3,2113735500
23,2009-11,0.1,0.0,2113735500
23,2009-12,6.2,2.3,2113735500
23,2010-01,27.4,4.6,2113735500
23,2010-02,34.2,21.3,2113735500
23,2010-03,27.4,2.3,2113735500
23,2010-04,29.0,22.1,2113735500
23,2010-05,29.2,9.4,2113735500
23,2010-06,33.8,22.9,2113735500
23,2010-07,3.5,1.4,2113735500
23,2010-08,0.0,0.0,2113735500
23,2010-09,0.0,0.0,2113735500
24,1999-10,0.0,0.0,725865300
24,1999-11,0.0,0.0,725865300
24,1999-12,0.0,0.0,725865300
24,2000-01,0.0,0.3,725865300
24,2000-02,1.0,5.2,725865300
24,2000-03,0.4,0.3,725865300
24,2000-04,0.0,0.0,725865300
24,2000-05,0.0,0.0,725865300
24,2000-06,0.0,0.0,725865300
24,2000-07,0.0,0.0,725865300
24,2000-08,0.0,0.0,725865300
24,2000-09,0.0,0.0,725865300
24,2000-10,0.0,0.0,725865300
24,2000-11,0.0,0.0,725865300
24,2000-12,0.0,0.0,725865300
24,2001-01,0.0,0.0,725865300
24,2001-02,0.1,0.6,725865300
24,2001-03,0.1,0.2,725865300
24,2001-04,0.0,0.1,725865300
24,2001-05,0.0,0.0,725865300
24,2001-06,0.0,0.0,725865300
24,2001-07,0.0,0.0,725865300
24,2001-08,0.0,0.0,725865300
24,2001-09,0.0,0.0,725865300
24,2001-10,0.0,0.0,725865300
24,2001-11,0.0,0.0,725865300
24,2001-12,0.1,0.6,725865300
24,2002-01,0.1,0.6,725865300
24,2002-02,0.1,0.6,725865300
24,2002-03,0.2,1.0,725865300
24,2002-04,0.0,0.0,725865300
24,2002-05,0.0,0.0,725865300
24,2002-06,0.0,0.0,725865300
24,2002-07,0.0,0.0,725865300
24,2002-08,0.0,0.0,725865300
24,2002-09,0.0,0.0,725865300
24,2002-10,0.0,0.0,725865300
24,2002-11,0.0,0.0,725865300
24,2002-12,0.1,1.2,725865300
24,2003-01,0.1,0.5,725865300
24,2003-02,0.2,0.7,725865300
24,2003-03,0.1,0.1,725865300
24,2003-04,0.1,0.8,725865300
24,2003-05,0.0,0.0,725865300
24,2003-06,0.0,0.0,725865300
24,2003-07,0.0,0.0,725865300
24,2003-08,0.0,0.0,725865300
24,2003-09,0.0,0.0,725865300
24,2003-10,0.0,0.0,725865300
24,2003-11,0.0,0.0,725865300
24,2003-12,0.0,0.1,725865300
24,2004-01,0.0,0.3,725865300
24,2004-02,0.4,2.8,725865300
24,2004-03,0.0,0.0,725865300
24,2004-04,0.0,0.0,725865300
24,2004-05,0.0,0.0,725865300
24,2004-06,0.0,0.0,725865300
24,2004-07,0.0,0.0,725865300
24,2004-08,0.0,0.0,725865300
24,2004-09,0.0,0.0,725865300
24,2004-10,0.0,0.0,725865300
24,2004-11,0.0,0.0,725865300
24,2004-12,0.1,0.2,725865300
24,2005-01,0.5,1.3,725865300
24,2005-02,1.8,2.5,725865300
24,2005-03,1.5,3.4,725865300
24,2005-04,0.0,0.0,725865300
24,2005-05,0.0,0.0,725865300
24,2005-06,0.0,0.0,725865300
24,2005-07,0.0,0.0,725865300
24,2005-08,0.0,0.0,725865300
24,2005-09,0.0,0.0,725865300
24,2005-10,0.0,0.0,725865300
24,2005-11,0.0,0.0,725865300
24,2005-12,0.0,0.1,725865300
24,2006-01,0.2,1.5,725865300
24,2006-02,0.3,0.8,725865300
24,2006-03,1.5,5.3,725865300
24,2006-04,0.8,2.9,725865300
24,2006-05,0.0,0.0,725865300
24,2006-06,0.0,0.0,725865300
24,2006-07,0.0,0.0,725865300
24,2006-08,0.0,0.0,725865300
24,2006-09,0.0,0.0,725865300
24,2006-10,0.0,0.0,725865300
24,2006-11,0.0,0.0,725865300
24,2006-12,0.0,0.0,725865300
24,2007-01,0.0,0.0,725865300
24,2007-02,0.0,0.7,725865300
24,2007-03,0.0,0.0,725865300
24,2007-04,0.0,0.0,725865300
24,2007-05,0.0,0.0,725865300
24,2007-06,0.0,0.0,725865300
24,2007-07,0.0,0.0,725865300
24,2007-08,0.0,0.0,725865300
24,2007-09,0.0,0.0,725865300
24,2007-10,0.0,0.0,725865300
24,2007-11,0.0,0.0,725865300
24,2007-12,0.0,0.0,725865300
24,2008-01,0.1,0.8,725865300
24,2008-02,0.1,1.1,725865300
24,2008-03,0.0,0.0,725865300
24,2008-04,0.0,0.0,725865300
24,2008-05,0.0,0.0,725865300
24,2008-06,0.0,0.0,725865300
24,2008-07,0.0,0.0,725865300
24,2008-08,0.0,0.0,725865300
24,2008-09,0.0,0.0,725865300
24,2008-10,0.0,0.0,725865300
24,2008-11,0.0,0.0,725865300
24,2008-12,0.0,0.0,725865300
24,2009-01,0.0,0.0,725865300
24,2009-02,0.1,0.7,725865300
24,2009-03,0.1,0.7,725865300
24,2009-04,0.0,0.0,725865300
24,2009-05,0.0,0.0,725865300
24,2009-06,0.0,0.0,725865300
24,2009-07,0.0,0.0,725865300
24,2009-08,0.0,0.0,725865300
24,2009-09,0.0,0.0,725865300
24,2009-10,0.0,0.0,725865300
24,2009-11,0.0,0.0,725865300
24,2009-12,0.0,0.1,725865300
24,2010-01,0.1,1.5,725865300
24,2010-02,0.3,1.5,725865300
24,2010-03,0.3,0.9,725865300
24,2010-04,0.1,0.7,725865300
24,2010-05,0.0,0.0,725865300
24,2010-06,0.0,0.0,725865300
24,2010-07,0.0,0.0,725865300
24,2010-08,0.0,0.0,725865300
24,2010-09,0.0,0.0,725865300
26,1999-10,0.3,0.1,399931514100
26,1999-11,3.6,3.6,399931514100
26,1999-12,4.6,3.2,399931514100
26,2000-01,8.0,21.5,399931514100
26,2000-02,14.0,41.3,399931514100
26,2000-03,13.8,6.2,399931514100
26,2000-04,13.4,12.1,399931514100
26,2000-05,5.5,6.0,399931514100
26,2000-06,1.4,1.4,399931514100
26,2000-07,0.0,0.0,399931514100
26,2000-08,0.0,0.0,399931514100
26,2000-09,0.0,0.0,399931514100
26,2000-10,0.7,0.5,399931514100
26,2000-11,1.7,0.6,399931514100
26,2000-12,3.4,1.7,399931514100
26,2001-01,5.3,3.4,399931514100
26,2001-02,9.6,13.4,399931514100
26,2001-03,12.0,7.5,399931514100
26,2001-04,5.5,1.7,399931514100
26,2001-05,3.3,1.8,399931514100
26,2001-06,0.6,0.3,399931514100
26,2001-07,0.0,0.1,399931514100
26,2001-08,0.0,0.0,399931514100
26,2001-09,0.0,0.0,399931514100
26,2001-10,0.3,0.1,399931514100
26,2001-11,4.3,7.4,399931514100
26,2001-12,8.6,24.8,399931514100
26,2002-01,10.6,12.9,399931514100
26,2002-02,11.2,12.3,399931514100
26,2002-03,12.6,7.9,399931514100
26,2002-04,10.6,9.9,399931514100
26,2002-05,5.6,4.5,399931514100
26,2002-06,2.1,1.7,399931514100
26,2002-07,0.2,0.1,399931514100
26,2002-08,0.0,0.0,399931514100
26,2002-09,0.0,0.0,399931514100
26,2002-10,0.0,0.0,399931514100
26,2002-11,1.0,0.4,399931514100
26,2002-12,10.8,39.8,399931514100
26,2003-01,14.7,23.0,399931514100
26,2003-02,12.5,7.3,399931514100
26,2003-03,15.3,16.1,399931514100
26,2003-04,11.2,25.8,399931514100
26,2003-05,6.3,6.9,399931514100
26,2003-06,3.1,3.5,399931514100
26,2003-07,0.2,0.3,399931514100
26,2003-08,0.0,0.0,399931514100
26,2003-09,0.0,0.0,399931514100
26,2003-10,0.0,0.0,399931514100
26,2003-11,0.5,0.3,399931514100
26,2003-12,6.4,18.9,399931514100
26,2004-01,9.8,11.9,399931514100
26,2004-02,12.8,33.4,399931514100
26,2004-03,11.7,9.7,399931514100
26,2004-04,10.1,9.0,399931514100
26,2004-05,5.3,5.3,399931514100
26,2004-06,2.1,2.0,399931514100
26,2004-07,0.1,0.0,399931514100
26,2004-08,0.0,0.0,399931514100
26,2004-09,0.0,0.0,399931514100
26,2004-10,1.7,1.7,399931514100
26,2004-11,1.9,0.3,399931514100
26,2004-12,10.6,17.0,399931514100
26,2005-01,17.9,30.2,399931514100
26,2005-02,18.1,20.7,399931514100
26,2005-03,18.1,23.0,399931514100
26,2005-04,9.5,6.7,399931514100
26,2005-05,7.7,12.8,399931514100
26,2005-06,2.3,2.1,399931514100
26,2005-07,0.9,1.0,399931514100
26,2005-08,0.1,0.1,399931514100
26,2005-09,0.0,0.0,399931514100
26,2005-10,0.3,0.1,399931514100
26,2005-11,4.1,5.0,399931514100
26,2005-12,11.5,49.4,399931514100
26,2006-01,12.8,28.7,399931514100
26,2006-02,13.8,12.5,399931514100
26,2006-03,12.7,29.0,399931514100
26,2006-04,17.4,36.1,399931514100
26,2006-05,13.3,17.1,399931514100
26,2006-06,5.3,7.1,399931514100
26,2006-07,0.7,1.1,399931514100
26,2006-08,0.0,0.0,399931514100
26,2006-09,0.0,0.0,399931514100
26,2006-10,0.0,0.0,399931514100
26,2006-11,2.7,5.5,399931514100
26,2006-12,6.4,15.3,399931514100
26,2007-01,4.8,0.9,399931514100
26,2007-02,9.8,24.1,399931514100
26,2007-03,9.5,5.8,399931514100
26,2007-04,9.4,4.2,399931514100
26,2007-05,3.5,2.4,399931514100
26,2007-06,0.6,0.5,399931514100
26,2007-07,0.0,0.0,399931514100
26,2007-08,0.0,0.0,399931514100
26,2007-09,0.0,0.0,399931514100
26,2007-10,0.9,0.8,399931514100
26,2007-11,2.8,1.7,399931514100
26,2007-12,3.8,4.6,399931514100
26,2008-01,9.0,20.4,399931514100
26,2008-02,12.9,14.4,399931514100
26,2008-03,8.5,7.1,399931514100
26,2008-04,9.8,8.3,399931514100
26,2008-05,7.7,8.4,399931514100
26,2008-06,2.2,1.7,399931514100
26,2008-07,0.2,0.1,399931514100
26,2008-08,0.0,0.0,399931514100
26,2008-09,0.0,0.0,399931514100
26,2008-10,0.1,0.0,399931514100
26,2008-11,2.4,2.2,399931514100
26,2008-12,4.0,6.8,399931514100
26,2009-01,5.0,1.6,399931514100
26,2009-02,9.9,17.9,399931514100
26,2009-03,11.2,11.5,399931514100
26,2009-04,6.7,3.6,399931514100
26,2009-05,5.0,8.1,399931514100
26,2009-06,0.7,1.2,399931514100
26,2009-07,0.1,0.1,399931514100
26,2009-08,0.0,0.0,399931514100
26,2009-09,0.0,0.0,399931514100
26,2009-10,0.6,0.4,399931514100
26,2009-11,2.2,1.2,399931514100
26,2009-12,4.2,3.6,399931514100
26,2010-01,12.5,33.9,399931514100
26,2010-02,15.9,19.7,399931514100
26,2010-03,12.9,11.7,399931514100
26,2010-04,11.4,20.6,399931514100
26,2010-05,4.5,5.3,399931514100
26,2010-06,4.0,5.7,399931514100
26,2010-07,1.0,0.9,399931514100
26,2010-08,0.0,0.0,399931514100
26,2010-09,0.1,0.0,399931514100
