sheet,source,basin_no,name,station_id,measured_station,cdec_site,area_m2,surface_scale,surface_exp,shallow_scale,shallow_exp,deep_scale,deep_exp,aquifer_rch,antecedent_m3,peak_lag,recession_lag,cal_start,cal_end,stat_start,stat_end,r2,nse,pbias
6,workbook,6,6-pit,PIT,SIS,SHA,17478941400.0,1.0,0.99,1.0,0.85,1.0,0.9,1.1,2000000000.0,1,2,1999-10,2010-09,1999-11,2010-09,0.7482651770498419,0.7459723349034924,0.4911261469487368
8,workbook,8,8-Feather,FTH,FTO,ORO,9054325800.0,1.0,0.99,1.0,0.95,1.0,0.91,1.0,400000000.0,1,2,1999-10,2010-09,1999-10,2010-09,0.8405181239014573,0.8069769429353468,-0.2703094095656958
9,workbook,9,9-Yuba,YBA,YRS,YRS,3174284700.0,1.0,0.999,1.0,0.97,1.0,0.89,0.84,150000000.0,1,1,1999-10,2010-09,1999-10,2010-09,0.8661904543821973,0.8662737417940227,-0.3312476054599829
11,workbook,11,11-American,AMR,AMF,FOL,4724867700.0,1.0,0.999,1.0,0.98,1.0,0.6,0.94,50000000.0,1,1,1999-10,2010-09,1999-10,2010-09,0.8560449058363643,0.8569839590608737,0.5559461581801726
13,workbook,13,13-Cosumnes,CMS,CSN,CSN,1764690300.0,1.0,0.98,1.0,0.97,1.0,0.95,0.6,3000000.0,1,1,1999-10,2010-09,1999-10,2010-09,0.8264711453067276,0.8235057181966631,-0.6132571050405791
14,workbook,14,14-Mokelumne,MOK,MKM,MKM,1361188800.0,1.0,0.99,1.0,0.97,1.0,0.9,1.07,4000000.0,1,1,1999-10,2010-09,1999-10,2010-09,0.8258263847500164,0.8089163682812085,0.86145664489856
16,workbook,16,16-Stanislaus,STN,SNS,NML,2469414600.0,1.0,0.999,1.0,0.999,1.0,0.88,0.955,150000000.0,1,1,1999-10,2010-09,1999-10,2010-09,0.8697351773194704,0.8704240707450452,0.44929147375877865
17,workbook,17,17-Tuolumne,TUM,TLG,TLG,4046387400.0,1.0,0.999,1.0,0.99,1.0,0.5,1.06,10000000.0,1,1,1999-10,2010-09,1999-10,2010-09,0.8657973451344255,0.8667120718771715,-0.05539053465883712
18,workbook,18,18-Merced,MCD,MRC,MRC,2583357300.0,1.0,0.99,1.0,0.99,1.0,0.9,1.04,15000000.0,1,1,1999-10,2010-09,1999-10,2010-09,0.8589162170890381,0.8599605364548841,-0.3563156875709312
21,workbook,21,21-SanJoaquin,SJN,SBF,MIL,4176878400.0,1.0,0.9999,1.0,0.99,1.0,0.91,1.17,40000000.0,1,1,1999-10,2010-09,1999-10,2010-09,0.8905430341154106,0.8893706280765281,-1.1342060997650265
23,workbook,23,23-Kings,KNG,KGF,PNF,2113735500.0,1.0,0.9999,1.0,0.96,1.0,0.9,4.65,5000000.0,0,1,1999-10,2010-09,1999-10,2010-09,0.6223984859998712,0.62513730114038,-0.8896416430246524
22,refit,22,22-Kings (refit),,KGF,PNF,3943817100.0,1.0,0.9795330947615299,1.0,0.9998999999993298,1.0,0.5168285149645332,1.181220011454921,78733313.26741734,1,1,1999-10,2010-09,1999-10,2010-09,0.8590166556568231,0.8586734364831653,1.0030049185568257
