epoch,loss,cal_kge,lr,spinup_s,epoch_s,peak_vram_mb,skipped_steps,sel3,logit_pen
0,0.547942270586888,0.4650838954815154,0.000325,12.6,380.0,3175,0,0.4719004265385798,0.0
1,0.4763796053826808,0.4812195425675575,0.00055,13.8,868.6,3174,0,0.4886779510821197,0.0
2,0.2536478668606529,0.6439998423350854,0.000775,18.3,3223.2,3175,0,0.6567388760726165,0.0
3,0.215448758409669,0.7036251675420173,0.001,11.9,577.2,3174,0,0.7170199780803274,0.0
4,0.204507549572736,0.7140271530246292,0.0009998184766805,10.0,501.1,3175,0,0.7271445548606171,1.4814701423734341e-08
5,0.1983573982181648,0.7162136229663104,0.0009992740398563,11.7,425.0,3175,0,0.728580621049449,4.6573861932815616e-08
6,0.1936729392657677,0.7225997346883193,0.0009983670888323,12.4,397.6,3175,0,0.7347279097687645,7.142277069031403e-07
7,0.189619143664216,0.72642859249268,0.0009970982887914,14.0,403.1,3175,0,0.7382416565075267,3.5599487906286714e-06
8,0.1853595813736319,0.7289474829291168,0.0009954685703065,12.0,395.8,3173,0,0.7405931827940547,6.404546350798531e-06
9,0.1810447563262035,0.7326959970483607,0.000993479128658,12.3,450.2,3174,0,0.7442757759569176,7.744842408404414e-06
10,0.1771757634744669,0.7358446328231016,0.0009911314229573,14.1,531.4,3175,0,0.7472030279163453,7.938007358158454e-06
11,0.1741128003535171,0.7403415265176007,0.0009884271750764,13.9,531.8,3174,0,0.7516200667631256,7.059926417696261e-06
12,0.1712681545953576,0.7418129240528863,0.0009853683683853,10.0,505.0,3176,0,0.7529620321408079,6.115536215626586e-06
13,0.1689864357622961,0.7441124973707585,0.000981957246297,9.9,540.8,3175,0,0.7552581268226334,5.465506376367557e-06
14,0.1669638292553524,0.7461732529855641,0.0009781963106224,10.5,606.9,3175,0,0.7572536285536173,5.32559703666872e-06
15,0.1652368272577102,0.7478918024047244,0.0009740883197354,12.7,476.3,3174,0,0.7589309985619184,5.260660930161975e-06
16,0.1637506253474081,0.7494381824944093,0.0009696362865498,15.1,588.5,3175,0,0.7604571156102538,5.210292897572799e-06
17,0.1622731602517887,0.7515839288169232,0.0009648434763093,16.4,606.5,3175,0,0.7626132298539974,5.32317363877155e-06
18,0.1609980293006326,0.7527162132547205,0.0009597134041929,14.5,543.9,3176,0,0.7636912056100867,5.7123184395398615e-06
19,0.1599345119359592,0.7549176543898296,0.0009542498327371,14.9,574.3,3175,0,0.765926786576824,5.7475523855525046e-06
20,0.1587685031971583,0.7565880449691599,0.0009484567690755,12.8,583.8,3174,0,0.767590146822939,6.057786405714675e-06
21,0.1577499790582806,0.7589451330222295,0.0009423384620007,14.7,518.0,3174,0,0.7699519900921306,6.270741649435271e-06
22,0.1569379355913649,0.761301073451544,0.0009358993988478,15.1,545.5,3175,0,0.7723694401724497,6.49436586096878e-06
23,0.1560648910701275,0.7627962541134194,0.0009291443022029,14.5,506.0,3173,0,0.7738654203351357,7.229183089899985e-06
24,0.1552102858899161,0.7652162526983504,0.0009220781264402,14.4,505.3,3174,0,0.7763264261961521,7.792391375005537e-06
25,0.1544721480769415,0.7672932518959052,0.0009147060540876,14.3,554.1,3174,0,0.7784707542615614,8.168333139716804e-06
26,0.1537926702294498,0.767457540878287,0.0009070334920262,12.4,550.1,3175,0,0.7785789826005634,8.945792509014912e-06
27,0.1530368336165944,0.7707658504460387,0.0008990660675242,11.5,566.1,3175,0,0.7819776422030522,9.459298091011683e-06
28,0.1524370155995711,0.771764960152914,0.0008908096241105,11.5,565.1,3176,0,0.7829648933041405,9.741435034508565e-06
29,0.1517031423437098,0.7724509537740425,0.0008822702172881,13.3,528.7,3175,0,0.7836389830848995,1.0369441459564165e-05
30,0.1509642441834633,0.7757674547612007,0.0008734541100933,14.2,523.9,3175,0,0.7870509175821973,1.0796708428036558e-05
31,0.1505173765743772,0.7744453874567859,0.0008643677685019,13.8,519.5,3174,0,0.7856178697168488,1.0898637484994347e-05
32,0.1497623295368005,0.7778166038580214,0.0008550178566873,14.2,602.0,3175,0,0.7891318815501175,1.1332624823504982e-05
33,0.1489791273449858,0.778598949978445,0.0008454112321324,18.5,626.7,3175,0,0.7899235089749282,1.2248099665157495e-05
34,0.1482526523449147,0.7806237965500541,0.0008355549406004,18.2,647.8,3175,0,0.7920317125756708,1.4001141986833924e-05
35,0.1476424053466568,0.7807827336541834,0.000825456210967,18.9,632.4,3175,0,0.7921834610838288,1.675863645687059e-05
36,0.1471016361533353,0.7826781306546459,0.0008151224499188,9.5,511.4,3175,0,0.7941330113190139,2.1255902538541704e-05
37,0.1465771327648933,0.7835606008724166,0.0008045612365209,14.7,486.3,3174,0,0.7950353487000368,2.4340899077894088e-05
38,0.146007624726432,0.7845586340455278,0.0007937803166582,13.8,560.8,3175,0,0.7960455443317389,2.8261315825754237e-05
39,0.1454124822281301,0.7862894666728683,0.0007827875973543,14.5,521.9,3174,0,0.7978326822388423,2.869105574063724e-05
40,0.1449579333032792,0.7878785025441278,0.0007715911409726,13.9,557.0,3175,0,0.7994501377436937,3.096802644601363e-05
41,0.1444171162244553,0.7893030454737632,0.0007601991593026,13.8,587.7,3175,0,0.8009303124683641,3.0846016973858546e-05
42,0.1439463156197841,0.7898341873180218,0.0007486200075375,12.9,500.8,3175,0,0.801488720584493,3.218917011812058e-05
43,0.1433857602300122,0.7916600191815443,0.0007368621781463,13.8,478.1,3175,0,0.8033850261189299,3.379898438045833e-05
44,0.1429888314877947,0.7924417787701367,0.0007249342946451,12.3,504.2,3174,0,0.8041999849917281,3.322599577586516e-05
45,0.1425164732849225,0.793670410447153,0.0007128451052723,14.0,569.2,3174,0,0.8054592873906314,3.36150337413225e-05
46,0.1421113618804762,0.794967037533534,0.0007006034765724,13.7,542.9,3175,0,0.8067915850307628,3.4435170103582395e-05
47,0.1416504064186786,0.7957164425470151,0.0006882183868932,13.6,504.2,3174,0,0.8075590361649464,3.418050885860187e-05
48,0.1413266476864616,0.7963346046594729,0.0006756989198008,12.8,547.9,3176,0,0.8082163246901588,3.5459767423162704e-05
49,0.1409153886217003,0.7977999923810967,0.0006630542574173,12.7,574.0,3175,0,0.8097272782597654,3.542953227224644e-05
50,0.1404824630978206,0.7996184347543982,0.0006502936736864,14.4,584.1,3175,0,0.81160730181144,3.769963650483988e-05
51,0.1402312197800105,0.7994676955217475,0.0006374265275719,15.2,524.8,3174,0,0.8114518366923413,3.710897165850232e-05
52,0.1398714224109426,0.8011474959619161,0.0006244622561933,14.7,573.5,3175,0,0.8131658648963795,3.7821489543906256e-05
53,0.1392556597711518,0.8022042594056628,0.0006114103679044,14.1,549.2,3175,0,0.8142574822045936,3.881178363371873e-05
54,0.1389230779760207,0.8030845048325795,0.0005982804353197,14.4,489.2,3176,0,0.8151844210803568,3.904964150933665e-05
55,0.1387218948376054,0.8035004553131257,0.0005850820882936,14.3,565.1,3176,0,0.815611691950976,3.883150999778688e-05
56,0.1384736490591119,0.8046784491383583,0.0005718250068573,13.3,575.9,3174,0,0.8168356135888879,3.74378202650405e-05
57,0.1380126622195045,0.8055770465836233,0.0005585189141198,14.4,562.4,3174,0,0.817762030241741,3.731586378611003e-05
58,0.1377195074999084,0.8059819897945274,0.000545173569136,14.3,575.7,3175,0,0.8181828548897667,3.722144638231839e-05
59,0.1373557908693328,0.8072508823415196,0.0005317987597497,13.9,550.9,3173,0,0.8194798477645404,3.840586929679072e-05
60,0.1370962323465695,0.8076131487169351,0.0005184042954146,14.1,607.9,3174,0,0.8198649367687405,3.9999021585875503e-05
61,0.1368035867732639,0.8087982322012962,0.0005049999999999,12.8,578.7,3174,0,0.8210843611286559,4.02026854014063e-05
62,0.1363584733568132,0.8101106889292521,0.0004915957045853,13.6,515.3,3175,0,0.8224576283862721,4.0315197838936e-05
63,0.1361102455916504,0.8094718302530445,0.0004782012402502,14.1,587.5,3175,0,0.8217813166306882,4.074899764721825e-05
64,0.1358558111668874,0.810512783018593,0.0004648264308639,13.6,571.9,3176,0,0.8228649172427561,4.019201569462894e-05
65,0.1356161302498852,0.8112504780750515,0.0004514810858801,14.1,593.5,3175,0,0.8236341570848824,4.1040061114472336e-05
66,0.1353953067989399,0.8121008637344304,0.0004381749931426,14.0,564.9,3175,0,0.8245269460493845,4.117494572710712e-05
67,0.1351078884288047,0.8120681458789267,0.0004249179117063,14.4,560.9,3174,0,0.8244522010943912,4.208474092592951e-05
68,0.1348798263041923,0.8125500976969129,0.0004117195646802,14.0,592.6,3175,0,0.8249447343291766,4.183637878062048e-05
69,0.1346279059459144,0.8132576741757341,0.0003985896320955,13.9,546.2,3175,0,0.8256695815179799,4.198110066984858e-05
70,0.1343740557165195,0.8135745906617988,0.0003855377438066,13.9,536.4,3175,0,0.8259864588242947,4.276486154897914e-05
71,0.1342156783522417,0.8141825083116035,0.000372573472428,13.0,617.4,3175,0,0.8266189916014222,4.363647428059873e-05
72,0.1340174330941712,0.8138078928125079,0.0003597063263135,12.9,564.6,3174,0,0.8262015303163339,4.3866057058039584e-05
73,0.1337020447788139,0.8148648752687344,0.0003469457425826,13.8,490.1,3176,0,0.8272992891575246,4.352494731089488e-05
74,0.1335278998827561,0.8154703473968195,0.0003343010801991,14.0,493.8,3174,0,0.8279335057060255,4.391717411635909e-05
75,0.1333260095367829,0.8155532005770478,0.0003217816131067,14.3,483.8,3174,0,0.8279919518712247,4.460407168759654e-05
76,0.1332330823022251,0.815656151919117,0.0003093965234275,13.1,518.5,3176,0,0.8280802039213183,4.5084895524875417e-05
77,0.1330045637131358,0.8163451422796264,0.0002971548947276,12.8,549.0,3175,0,0.8287628010158361,4.50049520926162e-05
78,0.1327670312176148,0.8172558475103566,0.0002850657053548,14.2,525.6,3174,0,0.8296980716935694,4.547587729272588e-05
79,0.1326099875227858,0.8178072301555013,0.0002731378218536,13.2,484.0,3174,0,0.8302584808464186,4.5363356791009815e-05
80,0.1324338627901549,0.8182754805640345,0.0002613799924624,13.3,559.1,3174,0,0.830733237736069,4.5343115561991e-05
81,0.1322169335170959,0.819228016011964,0.0002498008406973,13.3,562.9,3175,0,0.8317193456165662,4.498308935581008e-05
82,0.1320167949656024,0.8195277850345704,0.0002384088590273,14.5,565.6,3173,0,0.832008232549071,4.520192887866869e-05
83,0.1319187396205961,0.8202624501639697,0.0002272124026456,13.6,574.5,3176,0,0.8327716735133114,4.5272444003785496e-05
84,0.1317152783352261,0.8210541163631452,0.0002162196833417,13.9,556.7,3175,0,0.8335739984008838,4.59091718463848e-05
85,0.1315730198053643,0.8217712153770733,0.000205438763479,13.4,560.3,3174,0,0.8343058577409672,4.58433230354179e-05
86,0.131428979562285,0.822276415969016,0.0001948775500811,14.0,509.8,3175,0,0.8348149394505822,4.55638986750273e-05
87,0.1312975966604426,0.8228946864610406,0.0001845437890329,14.6,480.2,3174,0,0.8354465974432995,4.5723074981651736e-05
88,0.1311838178196921,0.8233921479460642,0.0001744450593995,14.0,526.6,3174,0,0.8359375415005916,4.5922611146428e-05
89,0.1310356593535592,0.8238770166810188,0.0001645887678675,14.3,554.2,3174,0,0.8364233368449698,4.582156677012487e-05
90,0.1308620230527594,0.8245959586930081,0.0001549821433126,14.7,595.6,3176,0,0.8371528325704127,4.602615111555982e-05
91,0.1307318429695442,0.8249071853931862,0.000145632231498,13.6,586.3,3175,0,0.837455801317943,4.541179284084744e-05
92,0.1305934281786903,0.8254466495778957,0.0001365458899066,14.0,563.4,3174,0,0.8380118933893135,4.547016239181782e-05
93,0.1304539070775111,0.8261349723662134,0.0001277297827118,14.4,587.9,3176,0,0.8387198655955229,4.558955921917611e-05
94,0.1303522486627722,0.8266080290386706,0.0001191903758894,13.7,644.3,3174,0,0.8392042556352856,4.591905120226632e-05
95,0.1302700987396141,0.8268149808699501,0.0001109339324757,12.8,506.2,3174,0,0.8394064346540481,4.581914163281908e-05
96,0.1301596012897789,0.8273009706363947,0.0001029665079737,13.6,545.0,3174,0,0.8399083426068614,4.621291761092531e-05
97,0.1300764626357704,0.8275520787902728,9.529394591233924e-05,12.9,581.3,3174,0,0.8401572358302449,4.6449667994844886e-05
98,0.1300053588192289,0.8277232754079012,8.792187355975874e-05,12.4,531.9,3175,0,0.8403288216255563,4.639175501021479e-05
99,0.1298897340350474,0.8280777299855557,8.085569779704333e-05,12.9,562.7,3174,0,0.8406957718142694,4.6636095612484495e-05
100,0.1298246192513033,0.8282060162818221,7.410060115219489e-05,12.7,595.8,3174,0,0.8408230235740659,4.6768269324578186e-05
101,0.1297349273770426,0.8284601427680267,6.766153799921873e-05,12.4,521.4,3175,0,0.8410874522436735,4.6678245962539225e-05
102,0.1296636164576436,0.8286641828707466,6.154323092444949e-05,11.9,521.0,3174,0,0.8412879740139184,4.685236393318822e-05
103,0.129579395839634,0.8288970223761435,5.575016726287626e-05,12.3,520.8,3175,0,0.841521217352364,4.695848516954963e-05
104,0.1295244225611289,0.8289685381766735,5.028659580700727e-05,11.9,542.6,3174,0,0.8415931652032577,4.690468091818427e-05
105,0.1294751876654724,0.8290187576361082,4.515652369068827e-05,13.4,562.6,3174,0,0.8416388203867556,4.697622559130347e-05
106,0.1294164334967111,0.8292119771224311,4.036371345016058e-05,13.4,460.9,3174,0,0.8418388924058402,4.717156122448311e-05
107,0.1293600396097948,0.8293141615758602,3.5911680264512806e-05,12.4,515.8,3174,0,0.8419427498312415,4.719912515914378e-05
108,0.1293186378277217,0.829371341523704,3.1803689377552304e-05,13.8,580.7,3175,0,0.8420011263052023,4.725580662731469e-05
109,0.1292740404838696,0.8294918922112651,2.8042753702984674e-05,12.8,532.5,3175,0,0.8421241209376871,4.7337080225891744e-05
110,0.1292396953950325,0.8295498043914419,2.4631631614660383e-05,12.8,587.8,3174,0,0.8421829387374455,4.735795816183478e-05
111,0.1292068938026204,0.829617257150265,2.1572824923507117e-05,12.3,543.1,3175,0,0.8422517590370407,4.740934964502231e-05
112,0.1291782217643534,0.8296835734773884,1.8868577042632864e-05,12.8,584.4,3175,0,0.8423167910563087,4.746709716224965e-05
113,0.1291542016047363,0.8297456228130218,1.6520871341944565e-05,12.2,548.8,3174,0,0.8423799169875512,4.752670368664743e-05
114,0.1291199839441105,0.8297991598211135,1.453142969349065e-05,13.3,486.0,3176,0,0.8424347491036813,4.755461565461398e-05
115,0.1291032379881168,0.8298250512678015,1.2901711208592005e-05,13.3,483.0,3174,0,0.8424601929904487,4.760354883425559e-05
116,0.1290851007448509,0.8298700815363692,1.163291116768977e-05,12.4,532.4,3174,0,0.8425056817465009,4.761779327964177e-05
117,0.1290700010101621,0.8299048868904569,1.0725960143693713e-05,13.4,484.6,3175,0,0.8425423149183437,4.765580542880344e-05
118,0.1290688159021859,0.8299371164925153,1.0181523319474445e-05,12.3,556.6,3175,0,0.8425748529174236,4.767248246935196e-05
119,0.1290616890027498,0.8299497915862403,1e-05,12.8,525.5,3174,0,0.8425875705845116,4.767758467399593e-05
