set_id,name,entity_id,ref_kind,system,window,win_start,win_end,volume_scored,nested_in,area_set_mi2,area_sim_mi2,cover_frac,n_arcs,n_arcs_missing,n_months,kge,nse,pbias,r,alpha,beta,seas_mismatch,ct_diff,sim_taf_yr,ref_taf_yr,note
SHA,Sacramento R. at Shasta (cdec_SHA: CDEC SIS daily FNF),cdec_SHA,anchor,SHAS,WY1950-84,1949-10,1984-09,True,UF6,6588.45234035,6588.45234035,1.0,1,0,420,0.8779234836150631,0.9078879401566516,-11.55200929928473,0.9646907610012808,0.9823636282377306,0.8844799070071526,0.049889514290445594,0.08122027788214314,5592.272051718541,6322.66714869908,nested in UF6 (I_SHSTA is one of Red Bluff's arcs): skill scored; left out of the volume totals; anchor equals the 11obs SHA training target (temporal holdout)
SHA,Sacramento R. at Shasta (cdec_SHA: CDEC SIS daily FNF),cdec_SHA,anchor,SHAS,train,1987-10,2018-12,True,UF6,6588.45234035,6588.45234035,1.0,1,0,375,0.8879394923980264,0.8808118303605378,-5.166983833084627,0.9502157930711375,1.0860773948916926,0.9483301616691537,0.060777428716500756,0.12690866002411205,5213.407706143139,5497.460606933593,nested in UF6 (I_SHSTA is one of Red Bluff's arcs): skill scored; left out of the volume totals; anchor equals the 11obs SHA training target (temporal holdout)
SHA,Sacramento R. at Shasta (cdec_SHA: CDEC SIS daily FNF),cdec_SHA,anchor,SHAS,trimmed,1949-10,1969-09,True,UF6,6588.45234035,6588.45234035,1.0,1,0,240,0.8840405724431262,0.8886055439743665,-10.481333915462152,0.9545068134625959,0.9802231763609748,0.8951866608453785,0.052378942668419796,0.08860509635968139,5483.788168314273,6125.860011291505,nested in UF6 (I_SHSTA is one of Red Bluff's arcs): skill scored; left out of the volume totals; anchor equals the 11obs SHA training target (temporal holdout)
CLE,Trinity R. at Trinity Dam (cdec_CLE: CDEC CLE daily FNF),cdec_CLE,anchor,TRIN,WY1950-84,1949-10,1984-09,True,,692.855878007,692.855878007,1.0,1,0,420,0.6528001763755609,0.7096676592796751,26.916578309210188,0.9275432713522821,1.206996428014901,1.269165783092102,0.05651589617788275,-0.24617597330114727,1797.2032956534931,1416.0508576546395,the daily training target is the Trinity Lake full natural flow at Trinity Dam (CalSim3 I_TRNTY = FLOW-UNIMPAIRED TRIN); the monthly record at Lewiston (CDEC TNL) is the two-arc sum I_TRNTY + I_LWSTN (719 mi2) and is not a registry target
CLE,Trinity R. at Trinity Dam (cdec_CLE: CDEC CLE daily FNF),cdec_CLE,anchor,TRIN,train,1986-04,2018-12,True,,692.855878007,692.855878007,1.0,1,0,393,0.9044618375508151,0.89948028848722,8.087028415776057,0.9516751951331188,0.9841175927835938,1.0808702841577607,0.04163687544274717,-0.10666662342557487,1325.8123208550494,1226.6155710702633,the daily training target is the Trinity Lake full natural flow at Trinity Dam (CalSim3 I_TRNTY = FLOW-UNIMPAIRED TRIN); the monthly record at Lewiston (CDEC TNL) is the two-arc sum I_TRNTY + I_LWSTN (719 mi2) and is not a registry target
CLE,Trinity R. at Trinity Dam (cdec_CLE: CDEC CLE daily FNF),cdec_CLE,anchor,TRIN,trimmed,1961-10,1984-09,True,,692.855878007,692.855878007,1.0,1,0,276,0.749110185257915,0.7858754551611254,20.393134690139696,0.9307278207626691,1.1286820503256416,1.203931346901397,0.0591242253319186,-0.2555338447538089,1718.940203052875,1427.7726113511167,the daily training target is the Trinity Lake full natural flow at Trinity Dam (CalSim3 I_TRNTY = FLOW-UNIMPAIRED TRIN); the monthly record at Lewiston (CDEC TNL) is the two-arc sum I_TRNTY + I_LWSTN (719 mi2) and is not a registry target
UF6,Sacramento R. near Red Bluff (uf_06: DWR UF 6 monthly),uf_06,anchor,SRBB,WY1950-84,1949-10,1984-09,True,,9083.7152350753,9083.7152350753,1.0,9,0,420,0.8778994566178823,0.9444070892596271,-11.457159730983909,0.980731368224435,0.9624418901756469,0.8854284026901609,0.03825298710894183,0.004569130190147597,8155.129256889686,9210.376843697684,UNIMP SRBB only - the arc sum lacks the series-less valley node I_SRBB_VAL (11% of the volume)
UF6,Sacramento R. near Red Bluff (uf_06: DWR UF 6 monthly),uf_06,anchor,SRBB,train,1984-10,2014-09,True,,9083.7152350753,9083.7152350753,1.0,9,0,360,0.9067042749212638,0.9307105205550609,-6.0765330060151665,0.9713870127914158,1.0647530998767578,0.9392346699398485,0.05618287123936106,0.022746296717786052,7491.788529050316,7976.482096354166,UNIMP SRBB only - the arc sum lacks the series-less valley node I_SRBB_VAL (11% of the volume)
UF6,Sacramento R. near Red Bluff (uf_06: DWR UF 6 monthly),uf_06,anchor,SRBB,trimmed,1964-10,1984-09,True,,9083.7152350753,9083.7152350753,1.0,9,0,240,0.8811010107933102,0.9517095099667343,-11.621782335315675,0.9842631886980373,0.9804362595735527,0.8837821766468432,0.03944495890540279,-0.0022785766631709947,8522.480325382176,9643.190992736816,UNIMP SRBB only - the arc sum lacks the series-less valley node I_SRBB_VAL (11% of the volume)
UF7,Sacramento Valley east-side minor streams (uf_07: DWR UF 7 monthly),uf_07,arcsum,,WY1950-84,1949-10,1984-09,True,,1035.9007577909001,1035.9007577909001,1.0,8,0,420,0.7583293245185007,0.8588289026601819,-10.056189504961464,0.9449240531962385,0.787259170032211,0.8994381049503853,0.06955326718521035,0.2749747321764966,1194.3132330158317,1327.8437131387848,DWR's UF 7 also carries valley-floor runoff no rim arc holds (about 4% of volume); the arc sum is the consistent reference
UF7,Sacramento Valley east-side minor streams (uf_07: DWR UF 7 monthly),uf_07,arcsum,,train,1984-10,2014-09,True,,1035.9007577909001,1035.9007577909001,1.0,8,0,360,0.9011902835237796,0.9275803862667015,0.8797941334020618,0.9648071954115638,0.9080901376151921,1.0087979413340207,0.05466040568831406,0.2191544417315523,1136.3422828091918,1126.432000155064,DWR's UF 7 also carries valley-floor runoff no rim arc holds (about 4% of volume); the arc sum is the consistent reference
UF7,Sacramento Valley east-side minor streams (uf_07: DWR UF 7 monthly),uf_07,arcsum,,trimmed,1964-10,1984-09,True,,1035.9007577909001,1035.9007577909001,1.0,8,0,240,0.7823796597311736,0.8737589286180916,-8.758025416426042,0.948918105069114,0.8074410438605536,0.9124197458357395,0.07157583200413128,0.2762561594774402,1286.918323381295,1410.4454986367375,DWR's UF 7 also carries valley-floor runoff no rim arc holds (about 4% of volume); the arc sum is the consistent reference
UF8,Feather R. near Oroville (cdec_ORO: CDEC FTO daily FNF),cdec_ORO,anchor,OROV,WY1950-84,1949-10,1984-09,True,,3601.62097369545,3601.62097369545,1.0,21,0,420,0.9018515971251451,0.9290461791369025,-7.095921557924743,0.9670070868097854,0.9407600946111012,0.9290407844207526,0.0496517141503091,-0.14466822512691824,4590.6442757010755,4941.273141806466,
UF8,Feather R. near Oroville (cdec_ORO: CDEC FTO daily FNF),cdec_ORO,anchor,OROV,train,1987-10,2018-12,True,,3601.62097369545,3601.62097369545,1.0,21,0,375,0.9703226061208239,0.9624488965960267,-1.0001571687479824,0.9810850904679494,0.9794344348817178,0.9899984283125203,0.03174144322661619,-0.03899912959379659,4120.302708795416,4161.9285354003905,
UF8,Feather R. near Oroville (cdec_ORO: CDEC FTO daily FNF),cdec_ORO,anchor,OROV,trimmed,1949-10,1969-09,True,,3601.62097369545,3601.62097369545,1.0,21,0,240,0.845846202815501,0.9133424375480372,-9.143764128971286,0.9641177544592365,0.8811933697274188,0.9085623587102872,0.05249578208459355,-0.1526010470498651,4351.173281506359,4789.075003814697,
UF4,Stony Creek at Black Butte (uf_04: DWR UF 4 monthly),uf_04,arcsum,,WY1950-84,1949-10,1984-09,True,,744.9371658076,744.9371658076,1.0,3,0,420,0.750345706839586,0.8827504298096772,-20.775044628019952,0.9518337510276114,0.8702038882564899,0.7922495537198005,0.06211861156735984,-0.09813795698803673,399.78927136227844,504.62542955710416,
UF4,Stony Creek at Black Butte (uf_04: DWR UF 4 monthly),uf_04,arcsum,,train,1984-10,2014-09,True,,744.9371658076,744.9371658076,1.0,3,0,360,0.9294622425424368,0.9237002562687043,-5.34168912288053,0.9615797534599774,0.9745815890662717,0.9465831087711948,0.04115145249818795,-0.11379894800814583,407.2686439502754,430.25133258396136,
UF11,American R. at Fair Oaks (cdec_FOL: CDEC AMF daily FNF),cdec_FOL,anchor,FOLS,WY1950-84,1949-10,1984-09,True,,1863.78155589715,1863.78155589715,1.0,46,0,420,0.9461804982302506,0.9582450405730699,1.5519421888041445,0.9793560519199392,0.9527822732157425,1.0155194218880415,0.036771391824739035,0.04382516012625004,2967.5800425366315,2922.228741838677,I_RUB002 has no polygon of its own (dissolved into I_MFA025)
UF11,American R. at Fair Oaks (cdec_FOL: CDEC AMF daily FNF),cdec_FOL,anchor,FOLS,train,1987-10,2018-12,True,,1863.78155589715,1863.78155589715,1.0,46,0,375,0.9766017360257091,0.9592190644235566,1.1485400691195922,0.9796807965378951,1.001641431886755,1.011485400691196,0.057132187710925646,-0.15251337260981668,2571.1436260493333,2541.9483309322595,I_RUB002 has no polygon of its own (dissolved into I_MFA025)
UF11,American R. at Fair Oaks (cdec_FOL: CDEC AMF daily FNF),cdec_FOL,anchor,FOLS,trimmed,1964-10,1984-09,True,,1863.78155589715,1863.78155589715,1.0,46,0,240,0.9404008163841941,0.9592961790106259,-0.36366511961423015,0.9801098194655764,0.9439355890599377,0.9963633488038576,0.033473394617922994,0.048796306548735124,3074.587786304395,3085.8098002053803,I_RUB002 has no polygon of its own (dissolved into I_MFA025)
UF9,Yuba R. at Smartville (cdec_YRS: CDEC YRS daily FNF),cdec_YRS,anchor,YUBA,WY1950-84,1949-10,1984-09,True,,1193.4312608042,1129.2539968792,0.9462245828203345,18,2,420,0.8753026601506854,0.9519523626606392,-5.505525342284045,0.9813089594514354,0.8896868519202983,0.9449447465771597,0.026198446735050725,0.06826664519595482,2405.934347520795,2546.111141668047,registry entity cdec_YRS omits the Deer Creek arcs I_DER001/I_DER004 (64 mi2); scored on its covered arcs as well
UF9,Yuba R. at Smartville (cdec_YRS: CDEC YRS daily FNF),cdec_YRS,anchor,YUBA,train,1987-10,2018-12,True,,1193.4312608042,1129.2539968792,0.9462245828203345,18,2,375,0.9300412555891934,0.9521678685088578,0.5619538025768464,0.9767246787084773,0.9342664002911,1.0056195380257684,0.022666442860081612,0.06600065106640329,2198.5172285865315,2186.2316168823245,registry entity cdec_YRS omits the Deer Creek arcs I_DER001/I_DER004 (64 mi2); scored on its covered arcs as well
UF9,Yuba R. at Smartville (cdec_YRS: CDEC YRS daily FNF),cdec_YRS,anchor,YUBA,trimmed,1964-10,1984-09,True,,1193.4312608042,1129.2539968792,0.9462245828203345,18,2,240,0.8834018661443279,0.9528152182556812,-5.26857220291937,0.9808673086839211,0.8977587185336011,0.9473142779708064,0.032491250176019414,0.07479772625112524,2524.419189034212,2664.816996574402,registry entity cdec_YRS omits the Deer Creek arcs I_DER001/I_DER004 (64 mi2); scored on its covered arcs as well
UF9,Yuba R. at Smartville (cdec_YRS: CDEC YRS daily FNF),cdec_YRS,arcsum_covered,,WY1950-84,1949-10,1984-09,False,,1193.4312608042,1129.2539968792,0.9462245828203345,18,2,420,0.9117854321682375,0.960025504948074,-4.321660915028111,0.9823438570521734,0.9251508497877071,0.9567833908497189,0.02071338995950649,0.004425597660456582,2405.934347520795,2514.607141522478,registry entity cdec_YRS omits the Deer Creek arcs I_DER001/I_DER004 (64 mi2); scored on its covered arcs as well
UF9,Yuba R. at Smartville (cdec_YRS: CDEC YRS daily FNF),cdec_YRS,arcsum_covered,,train,1987-10,2018-12,False,,1193.4312608042,1129.2539968792,0.9462245828203345,18,2,375,0.9559841822968671,0.9567133677829103,-0.3138807603852581,0.9782582759337023,0.9618576674870769,0.9968611923961473,0.017223250619344984,-0.012040389382501182,2198.5172285865315,2205.43967942214,registry entity cdec_YRS omits the Deer Creek arcs I_DER001/I_DER004 (64 mi2); scored on its covered arcs as well
UF9,Yuba R. at Smartville (cdec_YRS: CDEC YRS daily FNF),cdec_YRS,arcsum_covered,,trimmed,1964-10,1984-09,False,,1193.4312608042,1129.2539968792,0.9462245828203345,18,2,240,0.9132377456440626,0.960278331898792,-4.435851948537528,0.9823707704317476,0.9275484934951672,0.9556414805146247,0.023797905347682728,-0.00042994530033091394,2524.419189034212,2641.596498798672,registry entity cdec_YRS omits the Deer Creek arcs I_DER001/I_DER004 (64 mi2); scored on its covered arcs as well
UF10,Bear R. near Wheatland (uf_10: DWR UF 10 monthly),uf_10,arcsum,,WY1950-84,1949-10,1984-09,True,,281.9647162872,281.9647162872,1.0,5,0,420,0.8942740109250044,0.9411162820552855,-3.6469555672265983,0.9777694147791847,1.0967148249013234,0.9635304443277339,0.08193968047676436,0.023887723465963795,369.57036128246193,383.55857197674254,CalSim3 arcs carry Jul-Sep baseflow the DWR unimpaired series does not; low-flow months disagree by construction
UF10,Bear R. near Wheatland (uf_10: DWR UF 10 monthly),uf_10,arcsum,,train,1984-10,2014-09,True,,281.9647162872,281.9647162872,1.0,5,0,360,0.890673342636046,0.9587338864255239,-9.625499344285846,0.9834233052439021,1.0491172824844153,0.9037450065571416,0.07611059020012104,0.07669722117121847,295.3658596889087,326.8243337953463,CalSim3 arcs carry Jul-Sep baseflow the DWR unimpaired series does not; low-flow months disagree by construction
UF3,Cache Creek above Rumsey (uf_03: DWR UF 3 monthly),uf_03,arcsum,,WY1950-84,1949-10,1984-09,True,,953.3664189313,953.3664189313,1.0,4,0,420,0.8677355348185614,0.9307407036599049,-7.28419407530202,0.9686585870959958,0.8941432276410894,0.9271580592469798,0.05162700224627605,0.05943325795775323,665.4910132147436,717.7751480208701,the arcs are the Clear Lake / Indian Valley inflows while the DWR record is the routed outflow at Rumsey
UF3,Cache Creek above Rumsey (uf_03: DWR UF 3 monthly),uf_03,arcsum,,train,1984-10,2014-09,True,,953.3664189313,953.3664189313,1.0,4,0,360,0.9083861292322457,0.9474905225300932,8.800435964317446,0.9747213024019061,0.9969468952540512,1.0880043596431743,0.03999894827235869,0.1410970069865023,662.0066931197135,608.4595960045855,the arcs are the Clear Lake / Indian Valley inflows while the DWR record is the routed outflow at Rumsey
UF3,Cache Creek above Rumsey (uf_03: DWR UF 3 monthly),uf_03,arcsum,,trimmed,1949-10,1969-09,True,,953.3664189313,953.3664189313,1.0,4,0,240,0.8875139123669491,0.9358281609673155,-4.917364326477597,0.97016921270505,0.9033294416669563,0.950826356735224,0.05118701940039998,0.16780472618539566,629.9835446326274,662.5642423246987,the arcs are the Clear Lake / Indian Valley inflows while the DWR record is the routed outflow at Rumsey
UF2,Putah Creek near Winters (uf_02: DWR UF 2 monthly),uf_02,arcsum,,WY1950-84,1949-10,1984-09,True,,567.457149998,567.457149998,1.0,1,0,420,0.9564519987980901,0.9642715742984505,-0.2104904540459253,0.982218498410279,0.9603034511982231,0.9978950954595408,0.042541785658806425,0.054629294323066624,423.86078754118387,424.754855966089,
UF2,Putah Creek near Winters (uf_02: DWR UF 2 monthly),uf_02,arcsum,,train,1984-10,2014-09,True,,567.457149998,567.457149998,1.0,1,0,360,0.964601395551776,0.9635116575867565,1.3260348503247956,0.9816450361318103,0.9727911842254816,1.0132603485032479,0.05089325228566811,0.08586200914561015,361.7163815514871,356.9826669777433,
UF13,Cosumnes R. at Michigan Bar (uf_13: DWR UF 13 monthly),uf_13,arcsum,,WY1950-84,1949-10,1984-09,True,,539.113324191,539.113324191,1.0,4,0,420,0.8668626439484733,0.9242813119643365,-7.345263945259716,0.9653582381733365,0.8945001721736833,0.9265473605474028,0.035386496144014755,0.01893361003299443,390.4137009109208,421.3639987925333,
UF13,Cosumnes R. at Michigan Bar (uf_13: DWR UF 13 monthly),uf_13,arcsum,,train,1984-10,2014-09,True,,539.113324191,539.113324191,1.0,4,0,360,0.912210637276859,0.9470330650268165,-2.6587891372833177,0.9747945786481549,0.9202206607312546,0.9734121086271668,0.021829429357478888,-0.10294235020418796,333.7236341820181,342.8390002798289,
UF13,Cosumnes R. at Michigan Bar (uf_13: DWR UF 13 monthly),uf_13,arcsum,,trimmed,1949-10,1969-09,True,,539.113324191,539.113324191,1.0,4,0,240,0.8454689851735258,0.9022702722260796,-8.96686723037571,0.9546205346735617,0.882611466159305,0.9103313276962428,0.05238983419659972,0.016095648444125032,354.4356815557407,389.34799975818026,
UF14,Mokelumne R. at Pardee (cdec_MKM: CDEC MKM daily FNF),cdec_MKM,arcsum,,WY1950-84,1949-10,1984-09,True,,543.8979574854,543.8979574854,1.0,8,0,420,0.9291685381301407,0.9087450085826572,2.928969377868926,0.9536043585302107,0.955204305099946,1.0292896937786893,0.08090896748179163,0.20668610330984638,835.0386138426325,811.2765714937555,
UF14,Mokelumne R. at Pardee (cdec_MKM: CDEC MKM daily FNF),cdec_MKM,arcsum,,train,1988-10,2018-12,True,,543.8979574854,543.8979574854,1.0,8,0,363,0.8957950674648872,0.9118132130942537,-6.754862811465964,0.9565736181853783,0.933592167879342,0.9324513718853403,0.07046104420128448,-0.32548420053378635,689.1666399856306,739.0912392484255,
UF14,Mokelumne R. at Pardee (cdec_MKM: CDEC MKM daily FNF),cdec_MKM,arcsum,,trimmed,1949-10,1969-09,True,,543.8979574854,543.8979574854,1.0,8,0,240,0.9158809716874515,0.9011171627515386,2.6035435603587347,0.9495803442547768,0.9379030972454184,1.0260354356035875,0.08851004844603652,0.24312358836144643,796.4805277686874,776.2700001683086,
UF16,Stanislaus R. at Melones (cdec_NML: CDEC NML daily FNF),cdec_NML,anchor,ST,WY1950-84,1949-10,1984-09,True,,903.73538596551,903.73538596551,1.0,19,0,420,0.893466064756123,0.9084593992134139,8.241971775233473,0.9557389672409107,0.9490350074730617,1.0824197177523347,0.09088806217532486,0.22454971656072953,1331.9851910105417,1230.5625712144588,
UF16,Stanislaus R. at Melones (cdec_NML: CDEC NML daily FNF),cdec_NML,anchor,ST,train,1987-10,2018-12,True,,903.73538596551,903.73538596551,1.0,19,0,375,0.9003719366678308,0.9385480513047466,0.8883591034967399,0.9710550536399692,0.9050841272818023,1.0088835910349674,0.0586276152567443,0.022959819238802304,1114.1506039053256,1104.340098110199,
UF16,Stanislaus R. at Melones (cdec_NML: CDEC NML daily FNF),cdec_NML,anchor,ST,trimmed,1949-10,1969-09,True,,903.73538596551,903.73538596551,1.0,19,0,240,0.8802150932498124,0.9127013632175959,7.012161082608196,0.958156290434469,0.9123616091538524,1.070121610826082,0.09144331742196234,0.1897304082072484,1252.5837666068787,1170.5060003787278,
UF15,Calaveras R. at Jenny Lind (cdec_NHG: CDEC NHG daily FNF),cdec_NHG,arcsum,,WY1950-84,1949-10,1984-09,True,,361.610671554,361.610671554,1.0,1,0,420,0.8381307392121278,0.9257620575143255,-12.157839319059477,0.9669789784047664,0.8983635693758756,0.8784216068094053,0.049545228008676605,-0.1738700163769975,156.7651275347206,178.46228544414043,
UF15,Calaveras R. at Jenny Lind (cdec_NHG: CDEC NHG daily FNF),cdec_NHG,arcsum,,train,1987-10,2018-12,True,,361.610671554,361.610671554,1.0,1,0,375,0.9017965885045434,0.9400898327888066,-5.357438728813435,0.9710587053227355,0.9229539324919777,0.9464256127118658,0.03556509230322593,-0.25980105057302705,145.10536853316538,153.31935926520822,
UF18,Tuolumne R. at Don Pedro (cdec_TLG: CDEC TLG daily FNF),cdec_TLG,anchor,TU,WY1950-84,1949-10,1984-09,True,,1531.573174657,1531.573174657,1.0,4,0,420,0.9238955116541412,0.937730423072966,-3.026962823706028,0.9692704953701906,0.9372995989009509,0.9697303717629396,0.05720278542283194,0.14802610767432078,1940.6684461029029,2001.2454003836428,
UF18,Tuolumne R. at Don Pedro (cdec_TLG: CDEC TLG daily FNF),cdec_TLG,anchor,TU,train,1986-10,2018-12,True,,1531.573174657,1531.573174657,1.0,4,0,387,0.9222133840973975,0.9622767645450437,-2.1261986621448776,0.9826735702758813,0.9272093387067851,0.9787380133785513,0.039178570343783886,-0.0485179633976891,1771.5237846681925,1810.008153819414,
UF18,Tuolumne R. at Don Pedro (cdec_TLG: CDEC TLG daily FNF),cdec_TLG,anchor,TU,trimmed,1949-10,1969-09,True,,1531.573174657,1531.573174657,1.0,4,0,240,0.8940898533888167,0.9286727641635143,-3.369598411649036,0.9660122929524536,0.9055205018044987,0.9663040158835097,0.060895157800893565,0.13347903244616965,1836.4946051721954,1900.5350024268032,
UF19,Merced R. at Exchequer (cdec_MRC: CDEC MRC daily FNF),cdec_MRC,anchor,ME,WY1950-84,1949-10,1984-09,True,,1036.0761981327,1036.0761981327,1.0,1,0,420,0.8975459945783925,0.9325629600160297,9.063036393009707,0.9708274524848667,1.037840756233276,1.0906303639300972,0.03272557460973716,-0.04622078519758155,1118.402173754902,1025.463998384135,
UF19,Merced R. at Exchequer (cdec_MRC: CDEC MRC daily FNF),cdec_MRC,anchor,ME,train,1988-10,2018-12,True,,1036.0761981327,1036.0761981327,1.0,1,0,363,0.9398356655447037,0.9468069365426671,5.408796873297413,0.9744103319689463,1.0062775527755683,1.054087968732974,0.04628136557446218,-0.23173669322261237,1012.6068447335011,960.6473793175594,
UF19,Merced R. at Exchequer (cdec_MRC: CDEC MRC daily FNF),cdec_MRC,anchor,ME,trimmed,1964-10,1984-09,True,,1036.0761981327,1036.0761981327,1.0,1,0,240,0.9569422377573977,0.9479506276237162,3.3617804953325665,0.974648556088716,1.0090065737699552,1.0336178049533256,0.03376225363412408,-0.03648425927224164,1199.8183792126297,1160.794999334216,
UF20,Chowchilla R. at Buchanan (uf_20: DWR UF 20 monthly),uf_20,arcsum,,WY1950-84,1949-10,1984-09,True,,234.811659592,234.811659592,1.0,1,0,420,0.7736637181173294,0.8963508568848796,-14.203423744639007,0.9578990885313347,0.828880447806214,0.85796576255361,0.059666924497539055,-0.31515819596113825,67.13018264635562,78.24342832347112,
UF20,Chowchilla R. at Buchanan (uf_20: DWR UF 20 monthly),uf_20,arcsum,,train,1984-10,2014-09,True,,234.811659592,234.811659592,1.0,1,0,360,0.9205123488120908,0.8934594812275226,-0.0272543049731606,0.9452341412174574,0.9423899911172775,0.9997274569502684,0.04301492468193171,-0.5571409830856009,60.632137221001045,60.6486665935566,
UF20,Chowchilla R. at Buchanan (uf_20: DWR UF 20 monthly),uf_20,arcsum,,trimmed,1964-10,1984-09,True,,234.811659592,234.811659592,1.0,1,0,240,0.7569169506841377,0.8987261065646982,-16.519303299440036,0.9613707768699044,0.8259068817121876,0.8348069670055998,0.0667759351772001,-0.356260167239145,78.48813335373954,94.01949966382234,
UF22,San Joaquin R. at Millerton (cdec_MIL: CDEC SBF daily FNF),cdec_MIL,anchor,SJ,WY1950-84,1949-10,1984-09,True,,1637.79925007,1637.79925007,1.0,1,0,420,0.8232006004975113,0.9237036714264097,-12.901801694569482,0.9712154361258675,0.8825954521731931,0.8709819830543052,0.02032022978906105,-0.014097070061899863,1636.3359928026355,1878.7254210063388,
UF22,San Joaquin R. at Millerton (cdec_MIL: CDEC SBF daily FNF),cdec_MIL,anchor,SJ,train,1987-10,2018-12,True,,1637.79925007,1637.79925007,1.0,1,0,375,0.8987607331192171,0.9454215919330223,-3.612619414493211,0.974971278823355,0.9087977501844235,0.9638738058550678,0.03324164372016069,-0.0551706037348465,1610.8850598495692,1671.2613726654054,
UF22,San Joaquin R. at Millerton (cdec_MIL: CDEC SBF daily FNF),cdec_MIL,anchor,SJ,trimmed,1949-10,1969-09,True,,1637.79925007,1637.79925007,1.0,1,0,240,0.8385751715944441,0.9180608178588834,-10.33410216220025,0.9656503250719068,0.8808416670634474,0.8966589783779976,0.02678502119735307,0.0242358552949149,1593.797880154597,1777.4849955081938,
UF21,Fresno R. near Daulton (uf_21: DWR UF 21 monthly),uf_21,arcsum,,WY1950-84,1949-10,1984-09,True,,343.684922793,343.684922793,1.0,4,0,420,0.8390953399494683,0.909629451637778,-4.239756276320281,0.9603370654909424,0.8499346544872945,0.9576024372367972,0.04380137303783942,0.026930728912507362,91.15280788236308,95.1885713087661,the three below-dam arcs may lie outside the Daulton gauge basin
UF21,Fresno R. near Daulton (uf_21: DWR UF 21 monthly),uf_21,arcsum,,train,1984-10,2014-09,True,,343.684922793,343.684922793,1.0,4,0,360,0.784022372783873,0.9003019294176732,-6.382839959759107,0.9637213580063363,0.7968839469716533,0.9361716004024089,0.05510390445563748,-0.08922276751355085,64.5830460371603,68.9863332848375,the three below-dam arcs may lie outside the Daulton gauge basin
UF21,Fresno R. near Daulton (uf_21: DWR UF 21 monthly),uf_21,arcsum,,trimmed,1964-10,1984-09,True,,343.684922793,343.684922793,1.0,4,0,240,0.8225045962724744,0.9139608760737843,-7.385940188975896,0.9645051934316639,0.842553101638804,0.926140598110241,0.04376285802460566,-0.06936541809700802,105.04332943307938,113.42049970319496,the three below-dam arcs may lie outside the Daulton gauge basin
