epoch,loss,cal_kge,lr,spinup_s,epoch_s,peak_vram_mb,skipped_steps
0,4.4269752736602515,0.4059815997752189,0.00032500000000000004,115.3,425.9,1964,0
1,3.7676794226680483,,0.00055,17.4,352.4,1964,0
2,1.9916155653340475,0.5860691872222106,0.0007750000000000001,134.4,469.3,1965,0
3,1.1076690169317382,,0.001,17.3,353.7,1963,0
4,0.8582876569458416,0.5778369754188968,0.0009996697599432684,137.7,473.6,1963,0
5,0.7713641129434109,,0.0009986794804134579,17.6,352.9,1964,0
6,0.7201656430959702,0.6485283135946966,0.000997030482743773,137.6,473.4,1965,0
7,0.7096701248415879,,0.0009947249671971793,17.9,353.2,1963,0
8,0.6922733604907989,0.6649508584182016,0.0009917660100305856,137.0,472.7,1964,0
9,0.6904429901923452,,0.0009881575593901838,17.6,353.5,1963,0
10,0.6859177619218826,0.685757992082016,0.0009839044300434252,137.0,473.4,1965,0
11,0.6843247639281409,,0.0009790122969546605,17.6,354.5,1965,0
12,0.6661907224782876,0.6781308238121343,0.0009734876877130163,136.7,475.1,1964,0
13,0.6951966618852956,,0.000967337973822611,17.7,354.9,1964,0
14,0.6914949013718537,0.6791688276318468,0.0009605713608667335,137.2,474.8,1964,0
15,0.7276832955224174,,0.0009531968775591073,17.7,355.6,1963,0
16,0.7809890738555363,0.6191440104010236,0.0009452243636968466,136.7,473.5,1965,0
17,0.8191714286804199,,0.0009366644570311845,17.6,354.6,1964,0
18,0.7630853633795466,0.6388317206141544,0.0009275285790734863,137.2,474.0,1965,0
19,0.7278943383267947,,0.0009178289198554894,17.7,354.8,1963,0
20,0.6952805714947837,0.6660001407198737,0.0009075784216641047,137.2,474.8,1964,0
21,0.6717290690967015,,0.0008967907617724806,17.8,355.7,1964,0
22,0.6441239256943975,0.6976477165080757,0.000885480334190373,136.9,474.6,1964,0
23,0.6397314706018993,,0.0008736622304581718,17.7,354.0,1964,0
24,0.6320688224264553,0.7190885489707612,0.0008613522195102077,137.1,475.8,1964,0
25,0.6259473929447787,,0.0008485667266342134,17.7,355.4,1964,0
26,0.6302472993731498,0.7061243545906327,0.0008353228115550082,136.8,474.6,1965,0
27,0.6154356170977865,,0.0008216381456716508,17.8,354.5,1965,0
28,0.6004510966794832,0.735489691384685,0.000807530988478435,137.0,474.1,1965,0
29,0.5957119324377604,,0.0007930201632011863,17.7,355.0,1964,0
30,0.5819722604538713,0.7432086009155496,0.0007781250316813704,137.1,474.2,1964,0
31,0.576016644601311,,0.0007628654685415251,17.6,354.7,1964,0
32,0.5657541253737041,0.7594895815234352,0.000747261834666487,137.0,474.7,1964,0
33,0.5648468001612595,,0.0007313349500357957,17.7,355.5,1963,0
34,0.5530262308461326,0.7767045216515582,0.0007151060659435282,136.9,474.4,1964,0
35,0.5536181047558785,,0.0006985968366426268,17.7,354.6,1963,0
36,0.5538682707718441,0.773388855099242,0.0006818292904515604,137.0,474.6,1963,0
37,0.5480481011526925,,0.0006648258003618656,17.7,355.9,1964,0
38,0.5435335844755173,0.7823132266084611,0.0006476090541857924,137.4,475.2,1965,0
39,0.5429742059537342,,0.0006302020242838816,17.7,355.9,1964,0
40,0.5411433192236083,0.7910389121287137,0.0006126279369128704,139.1,479.1,1963,0
41,0.5408322487558638,,0.0005949102412348207,18.5,355.9,1964,0
42,0.5381305243287767,0.7884602245588246,0.000577072578028827,136.4,474.9,1964,0
43,0.5414627316806998,,0.0005591387481470476,17.9,356.3,1964,0
44,0.5376040907842773,0.7986594193652239,0.000541132680757149,137.1,475.7,1964,0
45,0.5354959544326577,,0.0005230784014135409,17.7,355.7,1964,0
46,0.5362970195710659,0.8041272423705411,0.0005049999999999998,137.1,474.0,1965,0
47,0.5371152098689761,,0.00048692159858645885,17.7,355.4,1964,0
48,0.5318575152329036,0.8116911437891218,0.00046886731924285056,137.2,474.5,1963,0
49,0.5343975060752459,,0.0004508612518529521,17.7,355.4,1964,0
50,0.5239810531692846,0.8169358828662828,0.0004329274219711724,136.9,474.6,1964,0
51,0.5226803402815546,,0.00041508975876517883,17.9,357.1,1964,0
52,0.5300470555467265,0.8181899976562337,0.0003973720630871292,137.1,475.9,1964,0
53,0.5210283931876932,,0.0003797979757161179,17.8,356.6,1964,0
54,0.5195622169545718,0.8199655347931465,0.0003623909458142074,136.9,474.8,1964,0
55,0.5185244015284947,,0.00034517419963813394,17.7,355.7,1964,0
56,0.5177134297788143,0.8240791623581032,0.00032817070954843923,136.9,473.6,1964,0
57,0.513153817078897,,0.0003114031633573728,17.7,354.7,1964,0
58,0.5145409919321537,0.8231674628447246,0.00029489393405647134,137.2,474.8,1966,0
59,0.5125680256102766,,0.0002786650499642039,17.7,355.3,1965,0
60,0.5093852140009403,0.8206761492233857,0.0002627381653335127,137.2,474.8,1964,0
61,0.5098252994673592,,0.00024713453145847454,17.7,355.3,1964,0
62,0.5100608175354344,0.8221838327271972,0.0002318749683186292,137.2,474.9,1965,0
63,0.5082031731094633,,0.00021697983679881339,17.7,355.1,1965,0
64,0.5097330592572689,0.8189743309477313,0.0002024690115215646,137.1,475.0,1964,0
65,0.5075005779308932,,0.0001883618543283489,17.7,355.4,1966,0
66,0.5074980236589909,0.8195629728249886,0.0001746771884449915,137.3,476.5,1965,0
67,0.5054063928978784,,0.00016143327336578622,17.8,354.7,1964,0
68,0.505821559791054,0.8208631577915506,0.00014864778048979211,137.1,473.7,1964,0
69,0.5018875674477645,,0.000136337769541828,17.7,353.2,1964,0
70,0.5064232928412301,0.8186227609085596,0.00012451966580962674,137.3,474.2,1964,0
71,0.5021572278014251,,0.00011320923822751926,17.7,353.1,1964,0
72,0.5038235700556211,0.8207399773542355,0.00010242157833589514,137.2,472.6,1963,0
73,0.5011052224252905,,9.217108014451048e-05,17.7,353.5,1964,0
74,0.5004088014364243,0.819227307203238,8.247142092651351e-05,136.9,474.0,1965,0
75,0.5008166392999036,,7.333554296881517e-05,18.4,365.5,1964,0
76,0.4999501285808427,0.817866862397637,6.477563630315317e-05,139.2,480.3,1966,0
77,0.5003225064703396,,5.680312244089241e-05,18.0,359.5,1964,0
78,,0.817038596562328,5.680312244089241e-05,139.1,139.1,995,0
