arc,region,name,flow_type,method_class,method,gauge,period,record_frac,record_owner,tier1_set,notes
I_SHSTA,Sacramento,Shasta Lake inflow,total flow,reservoir_mass_balance,total flow (whole-watershed reservoir inflow); flags: Impairment + Proportionality,none listed,none listed,0.0,,UF6,"Reservoir-inflow reconstruction; the Proportionality dot implies part of the record is proportioned from another station but the table does not say which. The SHA tier-1 anchor uses FLOW-UNIMPAIRED SHAS, whose derivation is not in this table."
I_COW014,Sacramento,Cow Creek (at river mile 14),total flow,gauged_extended_split,total flow; flags: Flow correlation + Proportionality (fn 3),USGS 11374000 Cow Creek at Millville,10/49-09/15,1.0,donor,UF6,Fn 3: Millville record scaled by drainage-area ratio to RM 14; gauged data assumed unimpaired. Pre-1949 by correlation.
I_BCN010,Sacramento,Bear Creek (North) near Millville,total flow,gauged_extended,total flow; flags: Flow correlation,USGS 11374100,10/59-09/67,0.23,arc,UF6,Eight-year record; all but WY1960-67 of the validation window is correlation-synthesized. Member of the UF6 arc list.
I_BTL006,Sacramento,Battle Creek near Cottonwood / below Coleman Fish Hatchery,total flow,gauged_extended,total flow; flags: Flow correlation,"USGS 11376500 (10/40-09/61), then USGS 11376550 (10/61-09/15)",10/40-09/15 (two gauges),1.0,arc,UF6,Fn 1: gauged flows exclude the fish-hatchery diversion estimated at 60 cfs year-round (about 43 TAF/yr); whether it was added back is not stated. Gauge switch 10/61.
I_PYN001,Sacramento,Paynes Creek near Red Bluff + Sevenmile Creek,total flow,gauged_extended_split,total flow; flags: Flow correlation + Proportionality (fn 4),USGS 11377500,10/49-09/66,0.48,donor,,"Fn 4: no gauge on Sevenmile Creek, so Paynes outflow increased 9.8% (drainage area and precipitation depth). 17-year record; rest by correlation. Outside every training footprint."
I_MNS000,Sacramento,Minor northeast streams,other,proportioned_ungauged,"other (ungauged, proportioned); flags: Proportionality",none,none,0.0,,UF7,"Fn 5: Salt, Little Antelope, Dye, Big Dry, Little Dry, Singer, Pine, Campbell, Rock and Mud creeks. Wholly proportioned; about 235 TAF/yr in calsim3_inflow_monthly.csv, the largest member of the UF7 arc sum."
I_ANT011,Sacramento,Antelope Creek near Red Bluff,total flow,gauged_extended,total flow; flags: Flow correlation,USGS 11379000,10/40-09/82 (fn 2),0.94,arc,UF7,Fn 2: extended back to 10/1921 with Table 21 of the 1957 Joint Hydrology Report; post-1982 by correlation. UF7 member.
I_MLC006,Sacramento,Mill Creek near Los Molinos,total flow,gauged_extended,total flow; flags: Flow correlation,USGS 11381500,10/28-09/15 (fn 8),1.0,arc,UF7,Fn 8: extended back to 10/1921 with Table 27 of the 1957 Joint Hydrology Report. UF7 member.
I_DRC012,Sacramento,Deer Creek near Vina,total flow,complete_record,total flow; flags: Complete record (no Impairment dot),USGS 11383500,10/21-09/15,1.0,arc,UF7,"The only arc in the table that is a complete, unimpaired gauge record with no other method; the best-measured Sacramento reference. UF7 member."
I_BCC014,Sacramento,Big Chico Creek near Chico,total flow,gauged_extended,total flow; flags: Impairment + Flow correlation,USGS 11384000,10/21-09/86,1.0,arc,UF7,Impaired record; after 09/86 by correlation (inside the WY1985-2014 training window of UF 7). UF7 member.
I_BTC048,Sacramento,Butte Creek near Chico,total flow,reservoir_mass_balance,total flow; flags: Impairment only,USGS 11390000,10/30-09/15 (fn 11),1.0,arc,UF7,Fn 6: gauge adjusted to remove West Branch Feather imports via Toadtown Canal (USGS 11389800). Fn 11: extended back to 10/1921 with Table 22 of the 1957 Joint Hydrology Report. UF7 member.
I_LCC038,Sacramento,Little Chico Creek near Chico,total flow,gauged_extended,total flow; flags: Impairment (fn 7) + Flow correlation,"DWR A04910 (02/59-09/15, incomplete fn 16) + DWR A04280 (02/59-09/93)",02/59-09/15 (two DWR gauges),0.73,arc,UF7,Fn 7: flow = Little Chico Creek gauge + diversion channel leading to Butte Creek. Pre-1959 by correlation. UF7 member.
I_ALMNR,Sacramento,Lake Almanor local inflow,accretion,complete_record,accretion (reservoir local inflow); flags: Complete record + Proportionality,USGS 11399500,10/21-09/15,1.0,arc,UF8,Complete gauge record then proportioned between Almanor local and Mountain Meadows (same gauge as I_MTMDW).
I_MTMDW,Sacramento,Mountain Meadows Reservoir inflow,total flow,complete_record,total flow (headwater reservoir); flags: Complete record + Proportionality,USGS 11399500,10/21-09/15,1.0,arc,UF8,Proportioned split of the same record as I_ALMNR; the two arcs share one hydrograph shape.
I_BTVLY,Sacramento,Butt Valley Reservoir inflow,accretion,gauged_extended_split,accretion (local inflow; receives Almanor via tunnel); flags: Impairment + Flow correlation + Proportionality,USGS 11400500,10/36-09/15,1.0,donor,UF8,Impaired record; correlation before 1936 plus proportioning.
I_ANTLP,Sacramento,Antelope Lake inflow,total flow,gauged_extended,total flow (headwater reservoir); flags: Impairment + Flow correlation,USGS 11401500,10/30-09/93,1.0,arc,UF8,Post-1993 by correlation.
I_EBF001,Sacramento,East Branch Feather River accretion,accretion,gauged_extended,accretion; flags: Impairment + Flow correlation,USGS 11403000,10/45-09/55 and 12/61-09/76,0.59,arc,UF8,"Two short gauged segments; the rest of WY1950-84 (1955-61, 1976-84) is correlation-synthesized."
I_NFF029,Sacramento,North Fork Feather River accretion: Rock Creek Forebay to Poe Forebay,accretion,by_difference_accretion,accretion (residual of the upper NF Feather system); flags: Impairment only,USGS 11404500 NF Feather at Pulga (fn 14),10/21-09/15,1.0,arc,UF8,"Fn 14: Pulga flow = Poe Powerhouse + flow below Poe Dam. Fn 22 (printed 'I_NFF027'): accounts for storage regulation and evaporation in Antelope (DWR) and Mountain Meadows, Almanor, Butt Valley, Bucks (PG&E). About 679 TAF/yr in calsim3_inflow_monthly.csv; largest Feather sub-arc."
I_WBF030,Sacramento,West Branch Feather River accretion: Round Valley to Hendricks Diversion Dam,accretion,gauged_extended_split,accretion; flags: Impairment + Flow correlation + Proportionality,USGS 11406500,10/30-09/63,0.4,donor,UF8,Gauge ends 1963; WY1964-84 synthetic. One of four arcs split from 11406500 (fn 21).
I_RVPHB,Sacramento,Round Valley and Philbrook reservoirs combined inflow,total flow,gauged_extended_split,total flow (headwater reservoirs); flags: Impairment + Flow correlation + Proportionality,USGS 11406500,10/30-09/63,0.4,donor,UF8,Split of 11406500; synthetic after 1963.
I_WBF015,Sacramento,West Branch Feather River accretion: Hendricks to Miocene Diversion Dam,accretion,gauged_extended_split,accretion; flags: Impairment + Flow correlation + Proportionality,USGS 11406500,10/30-09/63,0.4,donor,UF8,Fn 21: accretion Hendricks Diversion Dam to the discontinued Yankee Hill gauge disaggregated to give inflow at Miocene Diversion Dam.
I_WBF006,Sacramento,West Branch Feather River accretion: Miocene Diversion Dam to Yankee Hill,accretion,gauged_extended_split,accretion; flags: Impairment + Flow correlation + Proportionality,USGS 11406500,10/30-09/63,0.4,donor,UF8,Fn 21 (disaggregation of the Hendricks-Yankee Hill accretion); synthetic after 1963.
I_BUCKS,Sacramento,Bucks Creek Reservoir inflow,total flow,gauged_extended,total flow (headwater reservoir); flags: Impairment + Flow correlation,USGS 11403530,10/80-09/15,0.11,arc,UF8,Gauge starts 1980: all but WY1981-84 of the validation window synthetic.
I_GZL009,Sacramento,Grizzly Creek above Diversion Dam,total flow,gauged_extended,total flow; flags: Impairment + Flow correlation,USGS 11404300,10/85-09/15,0.0,,UF8,Gauge starts after the validation window: WY1950-84 reference wholly synthetic.
I_FRMAN,Sacramento,Frenchman Lake inflow,total flow,gauged_extended,total flow (headwater reservoir); flags: Impairment + Flow correlation,USGS 11394500,10/51-09/15,0.94,arc,UF8,Same gauge as I_MFF087 and I_MFF019.
I_DAVIS,Sacramento,Davis Lake inflow,total flow,gauged_extended,total flow (headwater reservoir); flags: Impairment + Flow correlation,DWR CDEC DAV,12/66-09/15,0.51,arc,UF8,Only CDEC-sourced record in the table; pre-1967 synthetic.
I_MFF087,Sacramento,Middle Fork Feather River near Portola accretion,accretion,gauged_extended_split,accretion; flags: Impairment + Flow correlation + Proportionality,USGS 11394500,10/51-09/15,0.94,donor,UF8,Split of 11394500 with I_FRMAN and I_MFF019.
I_MFF019,Sacramento,Middle Fork Feather River accretion: Portola to Merrimac,accretion,by_difference_accretion,accretion (residual); flags: Impairment + Flow correlation + Proportionality,USGS 11394500,10/51-09/15,0.94,arc,UF8,Fn 23 (printed 'I_MFF019_'): accounts for storage regulation and evaporation in Davis and Frenchman and for M&I and agricultural diversions.
I_LGRSV,Sacramento,Little Grass Valley Reservoir inflow,total flow,gauged_extended,total flow (headwater reservoir); flags: Impairment + Flow correlation,USGS 11395030,10/63-09/15,0.6,arc,UF8,Pre-1963 synthetic.
I_SLYCK,Sacramento,Sly Creek Reservoir inflow,total flow,gauged_extended,total flow (headwater reservoir); flags: Impairment + Flow correlation,USGS 11396000,10/73-09/16,0.31,arc,UF8,Pre-1973 synthetic (most of the validation window).
I_SFF011,Sacramento,Local inflow to South Fork Feather River at Ponderosa Dam,accretion,gauged_extended_split,accretion (local inflow); flags: Impairment + Flow correlation + Proportionality,USGS 11397000,10/21-09/66,0.48,donor,UF8,Gauge ends 1966; proportioned split with I_SFF008.
I_SFF008,Sacramento,Local inflow to South Fork Feather River at Enterprise,accretion,gauged_extended_split,accretion (local inflow); flags: Impairment + Flow correlation + Proportionality,USGS 11397000,10/21-09/66,0.48,donor,UF8,Split of 11397000; synthetic after 1966.
I_OROVL,Sacramento,Lake Oroville local inflow,accretion,by_difference_accretion,accretion (reservoir residual below all Feather sub-arcs); flags: Impairment only,none listed,none listed,0.0,,UF8,"No gauge or extension method shown; about 509 TAF/yr in calsim3_inflow_monthly.csv. Oroville was completed in 1968, so the pre-1968 basis is not documented here."
I_LDC029,Sacramento,Little Dry Creek,other,proportioned_ungauged,"other (ungauged, proportioned); flags: Proportionality",none,none,0.0,,UF7,Wholly proportioned (about 26 TAF/yr). UF7 member.
I_HON021,Sacramento,South Fork Honcut Creek,total flow,gauged_extended,total flow; flags: Flow correlation,USGS 11407500,10/50-09/86,0.97,arc,,Unimpaired gauge covering the validation window; after 1986 by correlation.
I_SLT009,Sacramento,Slate Creek above Slate Creek Diversion Dam,total flow,gauged_extended,total flow; flags: Impairment (fn 17) + Flow correlation,USGS 11413250 + USGS 11413300,10/60-09/15 (both),0.69,arc,UF9,Fn 17: flow = flow below the diversion dam + flow through Slate Creek Tunnel. Pre-1960 synthetic. UF9 member.
I_NBLDB,Sacramento,New Bullards Bar Reservoir local inflow,accretion,gauged_extended,accretion (reservoir local inflow); flags: Flow correlation,none listed,none listed,0.0,,UF9,No gauge; correlation with a neighbour only. UF9 member.
I_NFY029,Sacramento,North Fork Yuba River below Goodyears Bar,total flow,gauged_extended,total flow; flags: Flow correlation,USGS 11413000,"10/30-09/15 (incomplete, fn 16)",1.0,arc,UF9,Unimpaired gauge with gaps filled by correlation. UF9 member.
I_MFY013,Sacramento,Middle Fork Yuba River accretion: Milton Dam to Our House Diversion Dam,accretion,reservoir_mass_balance,accretion; flags: Impairment (fn 19) only,USGS 11408870,10/68-09/15,0.46,arc,UF9,Fn 19: flow above Our House = flow below the dam + Lohman Ridge Tunnel. Fn 24: accounts for Jackson Meadows regulation/evaporation and Milton-Bowman Tunnel exports. No extension method shown although the gauge starts 1968. UF9 member.
I_MERLC,Sacramento,Merle Collins Reservoir inflow,total flow,gauged_extended,total flow (headwater reservoir); flags: Impairment + Flow correlation,none listed,none listed,0.0,,,Reservoir record plus correlation; no gauge.
I_JKSMD,Sacramento,Jackson Meadows inflow,total flow,gauged_extended,total flow (headwater reservoir); flags: Impairment + Flow correlation,USGS 11407900,10/63-09/15,0.6,arc,UF9,Pre-1963 synthetic. UF9 member.
I_OGN005,Sacramento,Oregon Creek above Log Cabin Diversion Dam,total flow,gauged_extended,total flow; flags: Impairment (fn 18) + Flow correlation,"USGS 11409350 (09/68-09/15) + USGS 11409400 (10/68-09/15, incomplete fn 16)",09/68-09/15,0.46,arc,UF9,Fn 18: flow = below-dam gauge - Lohman Ridge Tunnel + Camptonville Tunnel. Pre-1968 synthetic. UF9 member.
I_BOWMN,Sacramento,Bowman Lake inflow,total flow,gauged_extended_split,total flow (headwater reservoir); flags: Impairment + Flow correlation + Proportionality,USGS 11416500,02/27-09/15,1.0,donor,UF9,Split of 11416500 with I_FRNCH. UF9 member.
I_SFY007,Sacramento,South Yuba River accretion: Spaulding Dam to Jones Bar,accretion,by_difference_accretion,accretion (residual); flags: Impairment + Flow correlation,USGS 11417500,"05/59-09/15 (incomplete, fn 16)",0.73,arc,UF9,"Fn 25: accounts for Bowman, Fordyce, Spaulding regulation/evaporation, Milton-Bowman Canal imports, South Yuba Canal and Drum-Spaulding Canal exports. UF9 member."
I_ENGLB,Sacramento,Englebright Reservoir local inflow,accretion,gauged_extended,accretion (reservoir local inflow); flags: Impairment (fn 13) + Flow correlation,none listed,none listed,0.0,,UF9,Fn 13: mass balance between upstream and downstream gauges accounting for storage regulation and diversions. UF9 member.
I_FRNCH,Sacramento,French Lake inflow,total flow,gauged_extended_split,total flow (headwater reservoir); flags: Impairment + Flow correlation + Proportionality,USGS 11416500,02/27-09/15,1.0,donor,UF9,Split of 11416500 with I_BOWMN. UF9 member.
I_LCBRF,Sacramento,"Texas, Fall and Rucker Creeks",other,gauged_extended,other (ungauged); flags: Flow correlation,none,none,0.0,,UF9,No gauge; correlation with a neighbour. UF9 member.
I_FRDYC,Sacramento,Fordyce Reservoir inflow,total flow,gauged_extended,total flow (headwater reservoir); flags: Impairment + Flow correlation,USGS 11414100,07/66-09/15,0.52,arc,UF9,Pre-1966 synthetic. UF9 member.
I_SPLDG,Sacramento,Spaulding Reservoir local inflow,accretion,gauged_extended,accretion (reservoir local inflow); flags: Impairment + Flow correlation,USGS 11416100,10/64-09/15,0.57,arc,UF9,Pre-1964 synthetic. UF9 member.
I_SFY048,Sacramento,South Yuba River near Cisco,total flow,gauged_extended,total flow; flags: Impairment + Flow correlation,USGS 11414000,10/42-09/14,1.0,arc,UF9,Covers the validation window. UF9 member.
I_SCOTF,Sacramento,Scott Flat Reservoir local inflow,accretion,gauged_extended_split,accretion (reservoir local inflow); flags: Impairment + Flow correlation + Proportionality,USGS 11418500 Deer Creek near Smartville,10/35-09/15,1.0,donor,UF9,One of four arcs split from the Deer Creek near Smartville record. UF9 member.
I_SFD003,Sacramento,South Fork Deer Creek below Deer Creek Powerhouse,accretion,gauged_extended_split,accretion; flags: Impairment + Flow correlation + Proportionality,USGS '1418500' (sic; 11418500),10/35-09/15,1.0,donor,UF9,Seven-digit gauge ID in the table is a typo. UF9 member.
I_DER004,Sacramento,Deer Creek accretion: Scott Flat Dam to Keystone,accretion,gauged_extended_split,accretion; flags: Impairment + Flow correlation + Proportionality,USGS '1418500' (sic; 11418500),10/35-09/15,1.0,donor,UF9,Split of the Deer Creek near Smartville record. In UF9's arc list but not in the registry entity cdec_YRS.
I_DER001,Sacramento,Deer Creek accretion: Keystone to Smartville gage,accretion,by_difference_accretion,accretion (residual); flags: Impairment + Flow correlation + Proportionality,USGS '1418500' (sic; 11418500),10/35-09/15,1.0,arc,UF9,"Fn 28: accounts for Scott Flat regulation/evaporation, NID diversions and PG&E South Yuba Canal imports. 'Smartville gage' here is the Deer Creek gauge, not Yuba at Smartville. In UF9's arc list but not in cdec_YRS."
I_RLLNS,Sacramento,Rollins Reservoir inflow,total flow,by_difference_accretion,total flow (reservoir inflow by mass balance); flags: Impairment (fn 13) + Flow correlation + Proportionality (fn 13),none listed,none listed,0.0,,UF10,Fn 13: mass balance between upstream and downstream gauges with storage regulation and diversions. UF10 (Bear) member.
I_WLF013,Sacramento,Wolf Creek at Tarr Ditch Diversion Dam,accretion,gauged_extended_split,accretion; flags: Impairment (fn 13) + Flow correlation + Proportionality (fn 13),none listed,none listed,0.0,,UF10,Fn 13 mass balance. UF10 member.
I_BRR023,Sacramento,Bear River accretion: Combie Dam to Garden Bar,accretion,gauged_extended_split,accretion; flags: Impairment (fn 13) + Flow correlation + Proportionality (fn 13),none listed,none listed,0.0,,UF10,Fn 20: the Combie Dam to Camp Far West accretion was subsequently disaggregated to give inflow at the proposed Garden Bar dam site. UF10 member.
I_DHC021,Sacramento,Dry Creek and Hutchinson Creek,other,proportioned_ungauged,"other (ungauged, proportioned); flags: Proportionality",none,none,0.0,,,"Listed as I_DHC001 in the source table; the CalSim3 catchment layer and calsim3_inflow_monthly.csv carry this watershed (same name, 96.7 mi2, about 53 TAF/yr) as DHC021, the ID used here."
I_CMBIE,Sacramento,Combie Reservoir local inflow,accretion,gauged_extended_split,accretion (reservoir local inflow); flags: Impairment (fn 13) + Flow correlation + Proportionality (fn 13),none listed,none listed,0.0,,UF10,Fn 13 mass balance. UF10 member.
I_CMPFW,Sacramento,Camp Far West Reservoir local inflow,accretion,gauged_extended_split,accretion (reservoir local inflow); flags: Impairment (fn 13) + Flow correlation + Proportionality (fn 13),none listed,none listed,0.0,,UF10,Fn 13 and fn 20 (disaggregation of the Combie-Camp Far West accretion). UF10 member.
I_NNA013,Sacramento,North Fork of North Fork American River,total flow,proportioned_ungauged,total flow; flags: Proportionality only,USGS 11427000 NF American at North Fork Dam,10/41-09/15,1.0,donor,UF11,One of six arcs proportioned from the single North Fork Dam record; all six share one hydrograph. UF11 member.
I_NFA054,Sacramento,North Fork American River above North Fork confluence,total flow,proportioned_ungauged,total flow; flags: Proportionality only,USGS 11427000,10/41-09/15,1.0,donor,UF11,Proportioned split of 11427000. UF11 member.
I_LKVLY,Sacramento,Lake Valley Reservoir inflow,total flow,proportioned_ungauged,total flow (headwater reservoir); flags: Proportionality only,USGS 11427000,10/41-09/15,1.0,donor,UF11,Proportioned split of 11427000. UF11 member.
I_CYN009,Sacramento,Canyon Creek at Towle Canal Diversion Dam,total flow,proportioned_ungauged,total flow; flags: Proportionality only,USGS 11427000,10/41-09/15,1.0,donor,UF11,Proportioned split of 11427000. UF11 member.
I_NFA022,Sacramento,North Fork American River accretion: North Fork confluence to North Fork Dam,accretion,proportioned_ungauged,accretion; flags: Proportionality only,USGS 11427000,10/41-09/15,1.0,donor,UF11,Proportioned split of 11427000. UF11 member.
I_NFA016,Sacramento,North Fork American River at Auburn Tunnel Pump Station Diversion,accretion,proportioned_ungauged,accretion; flags: Proportionality only,USGS 11427000,10/41-09/15,1.0,donor,UF11,Proportioned split of 11427000. UF11 member.
I_FRMDW,Sacramento,French Meadows Reservoir inflow,total flow,gauged_extended,total flow (headwater reservoir); flags: Impairment + Flow correlation,USGS 11427500,10/65-09/15,0.54,arc,UF11,Pre-1965 synthetic. UF11 member.
I_NMA003,Sacramento,North Fork of Middle Fork American River near Foresthill,total flow,gauged_extended,total flow; flags: Flow correlation,USGS 11433260,10/65-09/85,0.54,arc,UF11,Unimpaired 20-year record; outside it by correlation. UF11 member.
I_DCC010,Sacramento,Duncan Canyon Creek above Diversion Dam,total flow,gauged_extended,total flow; flags: Flow correlation,USGS 11427700,10/60-09/15,0.69,arc,UF11,Unimpaired (above diversion); pre-1960 by correlation. UF11 member.
I_HHOLE,Sacramento,Hell Hole Reservoir local inflow,accretion,gauged_extended,accretion (reservoir local inflow); flags: Impairment + Flow correlation,USGS 11428800,10/65-09/15,0.54,arc,UF11,Pre-1965 synthetic. UF11 member.
I_MFA036,Sacramento,Middle Fork American River accretion: French Meadows Dam to Interbay Dam,accretion,gauged_extended,accretion; flags: Impairment + Flow correlation,USGS 11427760,10/65-09/15,0.54,arc,UF11,Pre-1965 synthetic. UF11 member.
I_SLC003,Sacramento,South Long Canyon Creek above Diversion Dam,total flow,gauged_extended_split,total flow; flags: Impairment + Flow correlation + Proportionality,USGS 11433100,10/66-09/92,0.51,donor,UF11,Split of 11433100 with I_NLC003 and I_LNG012. UF11 member.
I_MFA001,Sacramento,Middle Fork American River accretions: Foresthill to Auburn,accretion,gauged_extended_split,accretion; flags: Impairment (superscript 22) + Flow correlation + Proportionality,USGS 11433500 MF American near Auburn (10/21-01/86) + USGS 11433300 near Foresthill (10/58-09/15),10/21-09/15 (two gauges),1.0,donor,UF11,"Superscript 22 is the only visible anchor for notes 22-28, but note 22's text concerns I_NFF027 (numbering slip). Gauge basis changes at 10/58 and 01/86. UF11 member."
I_NLC003,Sacramento,North Long Canyon Creek above Middle Fork Tunnel Diversion,total flow,gauged_extended_split,total flow; flags: Impairment + Flow correlation + Proportionality,USGS 11433100,10/66-09/92,0.51,donor,UF11,Split of 11433100. UF11 member.
I_MFA025,Sacramento,Middle Fork American River accretion: Interbay Dam to Ralston Afterbay,accretion,gauged_extended_split,accretion; flags: Impairment + Flow correlation + Proportionality,USGS 11433300,10/58-09/15,0.74,donor,UF11,Split of 11433300 with I_MFA023 and I_MFA001. In the CalSim3_Merged layer it also holds I_RUB002's area. UF11 member.
I_RUB002,Sacramento,Lower Rubicon River accretion,accretion,gauged_extended,accretion; flags: Impairment + Flow correlation,USGS 11433200,10/58-09/84,0.74,arc,UF11,Gauge ends exactly at the end of the validation window. No polygon of its own in CalSim3_Merged (dissolved into I_MFA025). UF11 member.
I_LNG012,Sacramento,Long Canyon Creek near French Meadows accretion,accretion,gauged_extended,accretion; flags: Impairment + Flow correlation,USGS 11433100,10/66-09/92,0.51,arc,UF11,Split of 11433100. UF11 member.
I_GERLE,Sacramento,Gerle Reservoir local inflow,accretion,gauged_extended_split,accretion (reservoir local inflow); flags: Impairment + Flow correlation + Proportionality,USGS 11430000,08/61-09/15,0.66,donor,UF11,Split of 11430000 with I_SFR006. UF11 member.
I_MFA023,Sacramento,Middle Fork American River near Foresthill accretion,accretion,by_difference_accretion,accretion (residual); flags: Impairment + Flow correlation + Proportionality,USGS 11433300,10/58-09/15,0.74,arc,UF11,"Fn 26: accounts for French Meadows and Hell Hole (PCWA), Loon Lake (SMUD), Stumpy Meadows (GDPUD) regulation/evaporation, GDPUD M&I/ag diversions and SMUD exports through Robbs Peak Tunnel. About 22 TAF/yr credited to a small polygon, an implied yield of about 111 in/yr. UF11 member."
I_LOONL,Sacramento,Loon Lake inflow,total flow,gauged_extended,total flow (headwater reservoir); flags: Impairment + Flow correlation,USGS 11429500,10/62-09/15,0.63,arc,UF11,Pre-1962 synthetic. UF11 member.
I_LRB004,Sacramento,Buck Island Lake inflow,total flow,gauged_extended,total flow (headwater reservoir); flags: Impairment + Flow correlation,USGS 11428400,10/90-09/15,0.0,,UF11,WY1950-84 reference wholly synthetic. UF11 member.
I_RUB047,Sacramento,Rubicon Reservoir inflow,total flow,gauged_extended,total flow (headwater reservoir); flags: Impairment + Flow correlation,USGS 11427960,10/91-09/15,0.0,,UF11,WY1950-84 reference wholly synthetic. UF11 member.
I_SFR006,Sacramento,South Fork Rubicon River above Diversion Dam,total flow,gauged_extended_split,total flow; flags: Impairment + Flow correlation + Proportionality,USGS 11430000,08/61-09/15,0.66,donor,UF11,Split of 11430000. UF11 member.
I_STMPY,Sacramento,Stumpy Meadows Reservoir inflow,total flow,gauged_extended_split,total flow (headwater reservoir); flags: Impairment + Flow correlation + Proportionality,USGS 11433040,07/61-09/15,0.66,donor,UF11,Split of 11433040 with I_PLC007. UF11 member.
I_PLC007,Sacramento,Pilot Creek accretion: Stumpy Meadows Dam to Diversion Dam,accretion,gauged_extended_split,accretion; flags: Impairment + Flow correlation + Proportionality,USGS 11433040,07/61-09/15,0.66,donor,UF11,Split of 11433040. UF11 member.
I_UNVLY,Sacramento,Union Valley Reservoir inflow,total flow,gauged_extended,total flow (headwater reservoir); flags: Impairment + Flow correlation,USGS 11441000,10/24-09/60,0.31,arc,UF11,Gauge ends 1960 (reservoir built 1962): WY1961-84 by correlation. UF11 member.
I_RCK001,Sacramento,Rock Creek near Placerville,total flow,gauged_extended,total flow; flags: Impairment + Flow correlation,USGS 11444201,10/86-09/08,0.0,,UF11,WY1950-84 reference wholly synthetic. UF11 member.
I_SLV015,Sacramento,Silver Creek accretion: Union Valley Dam to Junction Dam,accretion,gauged_extended,accretion; flags: Impairment + Flow correlation,USGS 11441800,10/91-09/15,0.0,,UF11,WY1950-84 reference wholly synthetic. UF11 member.
I_FOLSM,Sacramento,Folsom Lake local inflow,accretion,by_difference_accretion,accretion (reservoir residual below 45 sub-arcs); flags: Impairment only,none listed,none listed,0.0,,UF11,Fn 9: excludes releases from PG&E's South Canal and PCWA's Lower Boardman Canal to Mormon Ravine. About 138 TAF/yr in calsim3_inflow_monthly.csv; no gauge or extension method shown (dam completed 1955). UF11 member.
I_SLV006,Sacramento,Silver Creek accretion: Junction Dam to Camino Dam,accretion,gauged_extended,accretion; flags: Impairment + Flow correlation,USGS 11441760,10/91-09/15,0.0,,UF11,WY1950-84 reference wholly synthetic. UF11 member.
I_SFA040,Sacramento,South Fork American River at Slab Creek accretion,accretion,gauged_extended,accretion; flags: Impairment + Flow correlation,USGS 11443500,10/22-09/15,1.0,arc,UF11,Long impaired record covering the window. UF11 member.
I_ALOHA,Sacramento,Aloha Lake inflow,total flow,gauged_extended_split,total flow (headwater reservoir); flags: Impairment + Flow correlation + Proportionality,USGS 11435100,09/70-09/15,0.4,donor,UF11,Split of 11435100 with I_PYR001; pre-1970 synthetic. UF11 member.
I_ICEHS,Sacramento,Ice House Reservoir inflow,total flow,gauged_extended,total flow (headwater reservoir); flags: Impairment + Flow correlation,USGS 11441500,10/24-09/15,1.0,arc,UF11,The same gauge ID is printed for I_WBR001 (row 99); one of the two is a typo. UF11 member.
I_BSH003,Sacramento,Brush Creek Reservoir inflow,total flow,gauged_extended_split,total flow (headwater reservoir); flags: Impairment + Flow correlation + Proportionality,USGS 11442700,10/87-09/15,0.0,,UF11,WY1950-84 reference wholly synthetic. UF11 member.
I_PYR001,Sacramento,Pyramid Creek accretion: Aloha Dam to Twin Bridges,accretion,gauged_extended_split,accretion; flags: Impairment + Flow correlation + Proportionality,USGS 11435100,09/70-09/15,0.4,donor,UF11,Split of 11435100; pre-1970 synthetic. UF11 member.
I_SFA066,Sacramento,South Fork American River near Kyburz accretion,accretion,gauged_extended_split,accretion; flags: Impairment + Flow correlation + Proportionality,USGS 11439501,10/22-09/15,1.0,donor,UF11,Split of 11439501 with I_SFA076 and I_SLF009. UF11 member.
I_SFA076,Sacramento,South Fork American River at proposed Forni Diversion Dam site,total flow,gauged_extended_split,total flow; flags: Impairment + Flow correlation + Proportionality,USGS 11439501,10/22-09/15,1.0,donor,UF11,Split of 11439501. UF11 member.
I_SFA030,Sacramento,South Fork American River near Placerville accretion,accretion,by_difference_accretion,accretion (residual); flags: Impairment + Flow correlation + Proportionality,USGS 11444500,08/64-09/15,0.58,arc,UF11,"Fn 27: accounts for Union Valley and Ice House (SMUD) and Caples and Silver (EID) regulation/evaporation, imports through Robbs Peak Tunnel and from Echo Lake, and exports via the El Dorado Canal/Forebay. Pre-1964 synthetic. UF11 member."
I_WBR001,Sacramento,Weber Creek near Salmon Falls,total flow,gauged_extended,total flow; flags: Impairment + Flow correlation,USGS 11441500 (as printed; duplicates I_ICEHS's ID),10/43-09/59,0.28,arc,UF11,Short record ending 1959; WY1960-84 by correlation. UF11 member.
I_PLM001,Sacramento,Plum Creek near Riverton,total flow,gauged_extended,total flow; flags: Impairment + Flow correlation,USGS 11440500,10/22-09/39,0.0,,UF11,Record ends 1939: the whole validation window is correlation-synthesized. UF11 member.
I_ALD002,Sacramento,Alder Creek accretion: dam site to Diversion Dam,accretion,gauged_extended_split,accretion; flags: Impairment + Flow correlation + Proportionality,USGS 11440000,10/22-09/81,0.91,donor,UF11,Split of 11440000 with I_ALD004. UF11 member.
I_SLF009,Sacramento,Silver Fork American River accretion: Silver Lake Dam to proposed Diversion Dam,accretion,gauged_extended_split,accretion; flags: Impairment + Flow correlation + Proportionality,USGS 11439501,10/22-09/15,1.0,donor,UF11,Split of 11439501. UF11 member.
I_ALD004,Sacramento,Alder Creek at proposed Alder Reservoir dam site,total flow,gauged_extended_split,total flow; flags: Impairment + Flow correlation + Proportionality,USGS 11440000,10/22-09/81,0.91,donor,UF11,Split of 11440000. UF11 member.
I_CAPLS,Sacramento,Caples Lake inflow,total flow,gauged_extended,total flow (headwater reservoir); flags: Impairment + Flow correlation,USGS 11433700,10/22-09/92,1.0,arc,UF11,Covers the window. UF11 member.
I_SILVR,Sacramento,Silver Lake inflow,total flow,gauged_extended,total flow (headwater reservoir); flags: Impairment + Flow correlation,USGS 11436000,10/22-09/15,1.0,arc,UF11,Covers the window. UF11 member.
I_TRNTY,Sacramento,Trinity Lake inflow,total flow,gauged_extended,total flow (reservoir inflow); flags: Impairment + Flow correlation,none listed,none listed,0.0,,CLE,"Fn 29: watershed is in the North Coast Hydrologic Region. No gauge, period or area given here; the correlation basis is in Table 5-2. The CLE tier-1 anchor (FLOW-UNIMPAIRED TRIN)."
I_LWSTN,Sacramento,Lewiston Lake local inflow,accretion,gauged_extended,accretion (reservoir local inflow); flags: Impairment + Flow correlation,none listed,none listed,0.0,,,Fn 29 (North Coast). About 41 TAF/yr; the TNL = I_TRNTY + I_LWSTN relation is not stated in this table.
I_WKYTN,Sacramento,Whiskeytown Lake inflow,total flow,gauged_extended_split,total flow (reservoir inflow); flags: Impairment + Flow correlation + Proportionality,USGS 11372000 Clear Creek near Igo,10/40-09/15,1.0,donor,UF6,Split of 11372000 with I_CLR011. UF6 arc-list member.
I_CLR011,Sacramento,Clear Creek local inflow downstream of Whiskeytown Lake,accretion,gauged_extended_split,accretion; flags: Impairment + Flow correlation + Proportionality,USGS 11372000,10/40-09/15,1.0,donor,UF6,Fn 10: accretion = downstream gauge less upstream dam releases (mass balance). UF6 arc-list member.
I_CWD018,Sacramento,Cottonwood Creek near Olinda,total flow,gauged_extended,total flow; flags: Flow correlation,USGS 11375810,09/71-09/86,0.37,arc,UF6,15-year unimpaired record; WY1950-71 by correlation. UF6 arc-list member.
I_SCW008,Sacramento,South Fork Cottonwood Creek near Olinda,total flow,reservoir_mass_balance,total flow; flags: Impairment + Proportionality,USGS 11376000,10/40-09/15,1.0,arc,UF6,Proportioned from the gauge (no correlation dot). UF6 arc-list member.
I_ELD027,Sacramento,Elder Creek inflow near Paskenta,total flow,gauged_extended,total flow; flags: Flow correlation,USGS 11379500,10/48-09/15,1.0,arc,,Unimpaired gauge covering the window.
I_THM028,Sacramento,Thomes Creek at Paskenta,total flow,gauged_extended,total flow; flags: Flow correlation,USGS 11382000,10/21-09/96,1.0,arc,,Unimpaired gauge covering the window; post-1996 by correlation.
I_BLKBT,Sacramento,Black Butte Lake local inflow,accretion,gauged_extended,accretion (reservoir local inflow); flags: Impairment + Flow correlation,none listed,none listed,0.0,,UF4,No gauge; reservoir mass balance plus correlation. UF4 (Stony) member.
I_SGRGE,Sacramento,Stony Gorge Reservoir local inflow,accretion,reservoir_mass_balance,accretion (reservoir local inflow); flags: Impairment only,none listed,none listed,0.0,,UF4,Reservoir mass balance with no extension method shown. UF4 member.
I_EPARK,Sacramento,East Park Reservoir inflow,total flow,reservoir_mass_balance,total flow (headwater reservoir); flags: Impairment only,none listed,none listed,0.0,,UF4,Reservoir mass balance with no extension method shown. UF4 member.
I_CLRLK,Sacramento,Clear Lake inflow,total flow,by_difference_accretion,total flow (lake inflow by mass balance); flags: Impairment (fn 12) only,none listed,none listed,0.0,,UF3,"Fn 12: unimpaired flow from mass balance of reservoir release, storage regulation and evaporation. About 428 TAF/yr. UF3 member."
I_BRC003,Sacramento,"Bear Creek above Holsten Chimney, tributary to Cache Creek",total flow,gauged_extended_split,total flow; flags: Flow correlation + Proportionality,USGS 11451715,10/98-09/15,0.0,,UF3,Gauge starts 1998: WY1950-84 reference wholly synthetic. UF3 member.
I_INDVL,Sacramento,Indian Valley Reservoir inflow,total flow,by_difference_accretion,total flow (reservoir inflow by mass balance); flags: Impairment (fn 12) + Flow correlation,none listed,none listed,0.0,,UF3,Fn 12 mass balance (reservoir completed 1975) plus correlation. UF3 member.
I_CCH053,Sacramento,Cache Creek accretion: Clear Lake Dam to Rumsey,accretion,gauged_extended,accretion; flags: Impairment (fn 15) + Flow correlation,none listed,none listed,0.0,,UF3,Fn 15: mass balance between upstream and downstream gauges. About 54 TAF/yr. UF3 member.
I_PTH070,Sacramento,Lake Berryessa inflow,total flow,gauged_extended,total flow (reservoir inflow); flags: Impairment + Flow correlation,none listed,none listed,0.0,,,"Listed as I_BRYSA in the source table, which is also the catchment layer's label (567.5 mi2); the CalSim3 inflow series and the crosswalk carry it as I_PTH070 (Putah Creek, about 364 TAF/yr, the UF2 set), the ID used here."
I_SJR258,San Joaquin,Little Dry Creek near Friant,total flow,gauged_extended_split,correlation+proportionality,USGS 11251500,10/41-09/56,0.2,donor,,
I_MLRTN,San Joaquin,Millerton Lake impaired inflow [2],total flow,operations_model,operations_model,USGS 11251000,10/21-present,1.0,arc,UF22,
I_SJR265,San Joaquin,Cottonwood Creek - tributary to San Joaquin River,total flow,gauged_extended,correlation,USGS 11250500,10/42-09/51,0.05,arc,,
I_COT033,San Joaquin,Cottonwood Creek - tributary to Eastside Bypass,total flow,gauged_extended_split,proportionality,,,0.0,,UF21,
I_HNSLY,San Joaquin,Hensley Lake inflow,total flow,gauged_extended,correlation+mass_balance,,,0.0,,UF21,
I_FRS046,San Joaquin,Fresno River below Hidden Dam local inflow,accretion,gauged_extended_split,proportionality,,,0.0,,UF21,
I_DBC024,San Joaquin,Dry Creek and Berenda Creek,total flow,gauged_extended_split,proportionality,,,0.0,,UF21,
I_ESTMN,San Joaquin,Eastman Lake inflow,total flow,reservoir_mass_balance,mass_balance,,,0.0,,UF20,
I_CHW031,San Joaquin,Chowchilla River below Buchanan Dam local inflow,accretion,gauged_extended_split,proportionality,,,0.0,,,
I_DED044,San Joaquin,Deadman Creek and Dutchman Creek,total flow,gauged_extended_split,proportionality,,,0.0,,,
I_MPS038,San Joaquin,Mariposa Creek below Mariposa Reservoir,total flow,gauged_extended,correlation,USACE,10/89-present,0.0,,,
I_OWN040,San Joaquin,Owen Creek below Owens Reservoir,total flow,gauged_extended,correlation,USACE,10/89-present,0.0,,,
I_BCK040,San Joaquin,Bear Creek below Bear Reservoir,total flow,gauged_extended,correlation,USACE,10/89-present,0.0,,,
I_BUR005,San Joaquin,Burns Creek below Burns Reservoir,total flow,gauged_extended,correlation,USACE,10/89-present,0.0,,,
I_MCLRE,San Joaquin,Lake McClure inflow,total flow,reservoir_mass_balance,mass_balance,,,0.0,,UF19,
I_MCD055,San Joaquin,Merced River below Lake McClure local inflow,accretion,reservoir_mass_balance,mass_balance,,,0.0,,,
I_DCM027,San Joaquin,"Dry Creek, tributary to Merced River",total flow,gauged_extended,correlation,USGS 11271320,10/66-09/92,0.51,arc,,
I_ELENR,San Joaquin,Lake Eleanor inflow,total flow,reservoir_mass_balance,mass_balance,USGS 11278000,10/60-present,0.69,arc,UF18,
I_LLOYD,San Joaquin,Lake Lloyd/Cherry Lake inflow,total flow,reservoir_mass_balance,mass_balance,USGS 11277300,11/57-present,0.77,arc,UF18,
I_HTCHY,San Joaquin,Hetch Hetchy Reservoir inflow,total flow,reservoir_mass_balance,mass_balance,USGS 11276500,10/67-present,0.49,arc,UF18,
I_PEDRO,San Joaquin,New Don Pedro local inflow,accretion,gauged_extended,correlation,USACE,,0.0,,UF18,
I_TUO054,San Joaquin,Tuolumne River below New Don Pedro Dam,accretion,other,none,,,0.0,,,
I_DCT050,San Joaquin,"Dry Creek, tributary to Tuolumne River",total flow,gauged_extended_split,correlation+proportionality,USGS 11271320,10/66-09/92,0.51,donor,,
I_LYONS,San Joaquin,Lyons Reservoir local inflow,accretion,by_difference_accretion,correlation+proportionality+mass_balance,USGS 11298000,10/37-present,1.0,arc,UF16,
I_NFS033,San Joaquin,North Fork Stanislaus at Diversion Dam,total flow,gauged_extended,correlation+mass_balance,USGS 11293600,10/52-present,0.91,arc,UF16,
I_SPICE,San Joaquin,Highland Creek inflow to Spicer Meadows Reservoir,total flow,gauged_extended,correlation+mass_balance,USGS 11294000,10/52-present,0.91,arc,UF16,
I_NFS009,San Joaquin,North Fork Stanislaus near Avery local inflow,accretion,by_difference_accretion,correlation+mass_balance,USGS 11294500,10/21-present,1.0,arc,UF16,
I_BVC007,San Joaquin,Beaver Creek above Diversion Dam,total flow,gauged_extended,correlation+mass_balance,USGS 11295230,02/90-present,0.0,,UF16,
I_NFS005,San Joaquin,NF Stanislaus below McKays Point Dam local inflow,accretion,by_difference_accretion,correlation+mass_balance,USGS 11294500,10/21-present,1.0,arc,UF16,
I_MIL003,San Joaquin,Mill Creek above Hunters Reservoir,total flow,gauged_extended_split,proportionality,USGS 11295340,11/06-present,0.0,,UF16,
I_ANG017,San Joaquin,Angels Creek above Diversion Dam,total flow,gauged_extended_split,proportionality,USGS 11295340,11/06-present,0.0,,UF16,
I_RLIEF,San Joaquin,Relief Reservoir inflow,total flow,gauged_extended,correlation+proportionality+mass_balance,USGS 11292000,10/38-present,1.0,arc,UF16,
I_MFS047,San Joaquin,MF Stanislaus at Kennedy local inflow,accretion,by_difference_accretion,correlation+proportionality+mass_balance,USGS 11292000,10/38-present,1.0,arc,UF16,
I_CFS001,San Joaquin,Clark Fork inflow to Middle Stanislaus,total flow,gauged_extended,correlation,USGS 11292500,10/50-09/94,0.97,arc,UF16,
I_DONLL,San Joaquin,Donnell Lake local inflow,accretion,by_difference_accretion,correlation+proportionality+mass_balance,USGS 11292700,03/56-present,0.82,arc,UF16,
I_MFS022,San Joaquin,MF Stanislaus at Hells Half Acre Bridge local inflow,accretion,by_difference_accretion,correlation+proportionality+mass_balance,USGS 11292700,03/56-present,0.82,arc,UF16,
I_BEARD,San Joaquin,Beardsley Lake local inflow,accretion,by_difference_accretion,correlation+proportionality+mass_balance,USGS 11293000,10/21-09/66,0.48,arc,UF16,
I_MFS013,San Joaquin,MF Stanislaus at Sand Bar Diversion Dam local inflow,accretion,by_difference_accretion,correlation+proportionality+mass_balance,USGS 11293000,10/21-09/66,0.48,arc,UF16,
I_PCRST,San Joaquin,Pine Crest Reservoir inflow,total flow,gauged_extended,correlation+proportionality+mass_balance,USGS 11296500,10/38-present,1.0,arc,UF16,
I_SFS033,San Joaquin,SF Stanislaus at Strawberry local inflow,accretion,by_difference_accretion,correlation+proportionality+mass_balance,USGS 11296500,10/38-present,1.0,arc,UF16,
I_SFS030,San Joaquin,SF Stanislaus near Strawberry at Diversion Dam,accretion,by_difference_accretion,correlation+proportionality+mass_balance,USGS 11296500,10/38-present,1.0,arc,UF16,
I_STS072,San Joaquin,New Melones local inflow,accretion,gauged_extended,correlation,CDEC NMS,,0.0,,UF16,
I_TULOC,San Joaquin,Tulloch Reservoir local inflow,accretion,gauged_extended_split,proportionality,,,0.0,,,
I_STS059,San Joaquin,Stanislaus River below Tulloch Reservoir local inflow,accretion,gauged_extended_split,proportionality,,,0.0,,,
I_LJC022,San Joaquin,Littlejohn and Rock Creek above Farmington,total flow,gauged_extended,correlation,USACE,10/48-present,1.0,arc,,
I_NHGAN,San Joaquin,New Hogan Reservoir inflow,total flow,reservoir_mass_balance,mass_balance,USACE,10/63-present,0.6,arc,UF15,
I_CLV026,San Joaquin,Calaveras River below New Hogan Dam local inflow,accretion,gauged_extended_split,correlation+proportionality,USGS 11309000,10/29-09/69,0.57,donor,,
I_SLTSP,San Joaquin,Salt Springs Reservoir inflow,total flow,gauged_extended,correlation+mass_balance,USGS 11314500,10/26-present,1.0,arc,UF14,
I_UBEAR,San Joaquin,Upper Bear Reservoir inflow,total flow,gauged_extended,correlation+mass_balance,USGS 11315900,01/88-present,0.0,,UF14,
I_COL003,San Joaquin,Cole Creek,total flow,gauged_extended,correlation,USGS 11315000,10/27-present,1.0,arc,UF14,
I_TGC003,San Joaquin,Tiger Creek above Regulation Reservoir,total flow,gauged_extended_split,proportionality,USGS 11316605,10/80-present,0.11,donor,UF14,
I_NFM010,San Joaquin,North Fork Mokelumne below Tiger Creek Reservoir,accretion,by_difference_accretion,correlation+mass_balance,USGS 11316600,10/85-09/01,0.0,,UF14,
I_MFM008,San Joaquin,Middle Fork Mokelumne River near West Point,total flow,complete_record,complete_record,USGS 11316601,10/21-present,1.0,arc,UF14,
I_SFM005,San Joaquin,South Fork Mokelumne River near West Point,total flow,gauged_extended,correlation,USGS 11318500,10/33-present,1.0,arc,UF14,
I_MOK079,San Joaquin,Mokelumne River near Mokelumne Hill [3],accretion,reservoir_mass_balance,mass_balance,USGS 11319500,10/27-present,1.0,arc,UF14,
I_PARDE,San Joaquin,Pardee Reservoir local inflow,accretion,gauged_extended_split,proportionality,,,0.0,,,
I_CMCHE,San Joaquin,Camanche Reservoir local inflow,accretion,gauged_extended_split,proportionality,USGS 11323500,10/21-present,1.0,donor,,
I_AMADR,San Joaquin,Amador Reservoir inflow,total flow,gauged_extended_split,proportionality,,,0.0,,,
I_DSC035,San Joaquin,Dry and Sutter Creek,total flow,gauged_extended_split,correlation+proportionality,USGS 11327000,10/60-09/80,0.57,donor,,
I_JNKSN,San Joaquin,Jenkinson Lake inflow,total flow,gauged_extended,correlation,USGS 11332500,10/46-09/55,0.17,arc,UF13,
I_CMP014,San Joaquin,Camp Creek at Diversion Dam,total flow,gauged_extended,correlation,USGS 11331500,10/48-09/56,0.2,arc,UF13,
I_CMP001,San Joaquin,Camp Creek near Somerset local inflow,accretion,gauged_extended,correlation,USGS 11333000,10/54-09/04,0.86,arc,UF13,
I_CSM035,San Joaquin,Cosumnes River at Michigan Bar local inflow,accretion,complete_record,complete_record,USGS 11335000,10/21-present,1.0,arc,UF13,
I_DEE023,San Joaquin,Deer Creek,total flow,gauged_extended,correlation,USGS 11335700,10/60-09/77,0.48,arc,,
I_CAP000,San Joaquin,Capita Canyon Group,total flow,gauged_extended_split,proportionality,,,0.0,,,
I_LPC007,San Joaquin,Little Panoche Creek,total flow,gauged_extended_split,proportionality,,,0.0,,,
I_ORG000,San Joaquin,Ortigalita Creek,total flow,gauged_extended_split,proportionality,,,0.0,,,
I_BANOS,San Joaquin,Los Banos Creek,total flow,gauged_extended,correlation,USGS 11262800,10/58-09/66,0.23,arc,,
I_SLUIS,San Joaquin,San Luis Reservoir inflow,total flow,gauged_extended,correlation,USGS 11263000,10/49-09/63,0.4,arc,,
I_QNT005,San Joaquin,Quinto Creek Group,total flow,gauged_extended_split,proportionality,,,0.0,,,
I_GRZ012,San Joaquin,Garzas Creek,total flow,gauged_extended_split,proportionality,,,0.0,,,
I_ORT014,San Joaquin,Orestimba Creek,total flow,gauged_extended,correlation,USGS 11274500,10/32-present,1.0,arc,,
I_SLO007,San Joaquin,Salado Creek Group,total flow,gauged_extended_split,proportionality,,,0.0,,,
I_DPC008,San Joaquin,Del Puerto Creek,total flow,gauged_extended,correlation,USGS 11274630,10/65-present,0.54,arc,,
I_ING008,San Joaquin,Ingram Creek and Hospital Creek,total flow,gauged_extended_split,proportionality,,,0.0,,,
I_CHC000,San Joaquin,Corral Hollow and Minor Creeks,total flow,gauged_extended_split,proportionality,,,0.0,,,
I_LOSVQ,San Joaquin,Los Vaqueros Reservoir inflow,total flow,gauged_extended,correlation,CCWD,,0.0,,,
I_MSH015,San Joaquin,Marsh Creek,total flow,gauged_extended_split,correlation+proportionality,USGS 11337500,04/53-09/83,0.87,donor,,
I_JBP006,San Joaquin,"James Bypass [7],[8]",total flow,other,none,USGS 11253500,10/47-present,1.0,arc,,
I_FSL012,San Joaquin,"Fresno Slough [7],[8]",total flow,other,none,,,0.0,,,
