basin,lat,lon,area_weight,elev,flowlen,soil_class,veg_class,basin_id,basin_id2,key
BearRiver,39.34375,-120.78125,0.01863006,1565,97282,1,1,1,1,39.343750_-120.781250
BearRiver,39.34375,-120.71875,0.46738522,1615,97637,1,1,1,1,39.343750_-120.718750
BearRiver,39.34375,-120.65625,0.21469182,1553,103392,1,1,1,1,39.343750_-120.656250
BearRiver,39.28125,-120.96875,0.07070773,1087,79897,1,1,1,1,39.281250_-120.968750
BearRiver,39.28125,-120.90625,1.74902709,1016,79085,1,1,1,1,39.281250_-120.906250
BearRiver,39.28125,-120.84375,3.2744131,1227,81392,1,1,1,1,39.281250_-120.843750
BearRiver,39.28125,-120.78125,3.8759432,1277,86244,1,1,1,1,39.281250_-120.781250
BearRiver,39.28125,-120.71875,3.46007423,1453,93179,1,1,1,1,39.281250_-120.718750
BearRiver,39.28125,-120.65625,0.6677523,1499,102274,1,1,1,1,39.281250_-120.656250
BearRiver,39.21875,-121.09375,1.59980433,733,54660,1,1,1,1,39.218750_-121.093750
BearRiver,39.21875,-121.03125,4.21896686,841,54963,1,1,1,1,39.218750_-121.031250
BearRiver,39.21875,-120.96875,4.62284344,883,57035,1,1,1,1,39.218750_-120.968750
BearRiver,39.21875,-120.90625,5.12481245,886,69574,1,1,1,1,39.218750_-120.906250
BearRiver,39.21875,-120.84375,4.78442613,1017,74905,1,1,1,1,39.218750_-120.843750
BearRiver,39.21875,-120.78125,1.87846227,1218,84054,1,1,1,1,39.218750_-120.781250
BearRiver,39.15625,-121.09375,3.35757447,654,44846,1,1,1,1,39.156250_-121.093750
BearRiver,39.15625,-121.03125,5.12937178,698,46195,1,1,1,1,39.156250_-121.031250
BearRiver,39.15625,-120.96875,5.12897463,733,50909,1,1,1,1,39.156250_-120.968750
BearRiver,39.15625,-120.90625,3.55089226,815,63982,1,1,1,1,39.156250_-120.906250
BearRiver,39.15625,-120.84375,0.46173689,929,73492,1,1,1,1,39.156250_-120.843750
BearRiver,39.09375,-121.34375,0.04962805,99,4298,1,1,1,1,39.093750_-121.343750
BearRiver,39.09375,-121.28125,1.57419628,144,4391,1,1,1,1,39.093750_-121.281250
BearRiver,39.09375,-121.21875,1.91530234,313,10862,1,1,1,1,39.093750_-121.218750
BearRiver,39.09375,-121.15625,1.67458141,446,19820,1,1,1,1,39.093750_-121.156250
BearRiver,39.09375,-121.09375,4.78614163,515,33520,1,1,1,1,39.093750_-121.093750
BearRiver,39.09375,-121.03125,5.13392502,589,38998,1,1,1,1,39.093750_-121.031250
BearRiver,39.09375,-120.96875,3.19456418,660,48796,1,1,1,1,39.093750_-120.968750
BearRiver,39.03125,-121.34375,0.40078474,89,0,1,1,1,1,39.031250_-121.343750
BearRiver,39.03125,-121.28125,3.80076582,136,2160,1,1,1,1,39.031250_-121.281250
BearRiver,39.03125,-121.21875,4.89155066,251,10786,1,1,1,1,39.031250_-121.218750
BearRiver,39.03125,-121.15625,5.12861391,374,19373,1,1,1,1,39.031250_-121.156250
BearRiver,39.03125,-121.09375,4.86560837,457,28343,1,1,1,1,39.031250_-121.093750
BearRiver,39.03125,-121.03125,5.13807428,547,37518,1,1,1,1,39.031250_-121.031250
BearRiver,39.03125,-120.96875,1.65940487,657,46505,1,1,1,1,39.031250_-120.968750
BearRiver,38.96875,-121.21875,0.29749646,269,16995,1,1,1,1,38.968750_-121.218750
BearRiver,38.96875,-121.15625,0.75639153,381,20482,1,1,1,1,38.968750_-121.156250
BearRiver,38.96875,-121.09375,0.08582299,600,36876,1,1,1,1,38.968750_-121.093750
BearRiver,38.96875,-121.03125,0.9906572,573,38381,1,1,1,1,38.968750_-121.031250
CacheCreek,39.28125,-122.96875,1.42540779,845,113910,1,1,1,1,39.281250_-122.968750
CacheCreek,39.28125,-122.71875,0.03408726,1607,99470,1,1,1,1,39.281250_-122.718750
CacheCreek,39.28125,-122.59375,0.0215647,952,65814,1,1,1,1,39.281250_-122.593750
CacheCreek,39.28125,-122.53125,0.0127618,876,65088,1,1,1,1,39.281250_-122.531250
CacheCreek,39.21875,-122.96875,1.50141392,666,106616,1,1,1,1,39.218750_-122.968750
CacheCreek,39.21875,-122.90625,1.52494587,686,102897,1,1,1,1,39.218750_-122.906250
CacheCreek,39.21875,-122.84375,1.4603476,1015,105588,1,1,1,1,39.218750_-122.843750
CacheCreek,39.21875,-122.78125,1.48374239,944,96734,1,1,1,1,39.218750_-122.781250
CacheCreek,39.21875,-122.71875,1.45715003,914,88439,1,1,1,1,39.218750_-122.718750
CacheCreek,39.21875,-122.65625,0.84391285,998,80887,1,1,1,1,39.218750_-122.656250
CacheCreek,39.21875,-122.59375,0.97707279,895,65459,1,1,1,1,39.218750_-122.593750
CacheCreek,39.21875,-122.53125,1.24020481,724,55283,1,1,1,1,39.218750_-122.531250
CacheCreek,39.21875,-122.46875,0.86806138,516,47926,1,1,1,1,39.218750_-122.468750
CacheCreek,39.21875,-122.40625,0.28359047,522,47441,1,1,1,1,39.218750_-122.406250
CacheCreek,39.15625,-123.03125,1.40179485,726,110636,1,1,1,1,39.156250_-123.031250
CacheCreek,39.15625,-122.96875,1.52630255,516,102113,1,1,1,1,39.156250_-122.968750
CacheCreek,39.15625,-122.90625,1.52630255,439,94357,1,1,1,1,39.156250_-122.906250
CacheCreek,39.15625,-122.84375,1.52630255,694,90985,1,1,1,1,39.156250_-122.843750
CacheCreek,39.15625,-122.78125,1.52630256,1097,75768,1,1,1,1,39.156250_-122.781250
CacheCreek,39.15625,-122.71875,1.52630256,853,68785,1,1,1,1,39.156250_-122.718750
CacheCreek,39.15625,-122.65625,1.52630256,819,62752,1,1,1,1,39.156250_-122.656250
CacheCreek,39.15625,-122.59375,1.52630256,727,62020,1,1,1,1,39.156250_-122.593750
CacheCreek,39.15625,-122.53125,1.52630256,583,47897,1,1,1,1,39.156250_-122.531250
CacheCreek,39.15625,-122.46875,1.52630256,588,39688,1,1,1,1,39.156250_-122.468750
CacheCreek,39.15625,-122.40625,0.55684579,452,38847,1,1,1,1,39.156250_-122.406250
CacheCreek,39.09375,-123.09375,0.64383108,798,145040,1,1,1,1,39.093750_-123.093750
CacheCreek,39.09375,-123.03125,1.52765742,679,114865,1,1,1,1,39.093750_-123.031250
CacheCreek,39.09375,-122.96875,1.52765742,503,101192,1,1,1,1,39.093750_-122.968750
CacheCreek,39.09375,-122.90625,1.52765742,433,91479,1,1,1,1,39.093750_-122.906250
CacheCreek,39.09375,-122.84375,1.52765742,425,84529,1,1,1,1,39.093750_-122.843750
CacheCreek,39.09375,-122.78125,1.52765742,670,74937,1,1,1,1,39.093750_-122.781250
CacheCreek,39.09375,-122.71875,1.52765742,689,66503,1,1,1,1,39.093750_-122.718750
CacheCreek,39.09375,-122.65625,1.52765742,651,57121,1,1,1,1,39.093750_-122.656250
CacheCreek,39.09375,-122.59375,1.52765742,596,52215,1,1,1,1,39.093750_-122.593750
CacheCreek,39.09375,-122.53125,1.52765742,554,46421,1,1,1,1,39.093750_-122.531250
CacheCreek,39.09375,-122.46875,1.52765742,740,33715,1,1,1,1,39.093750_-122.468750
CacheCreek,39.09375,-122.40625,0.77488998,426,31091,1,1,1,1,39.093750_-122.406250
CacheCreek,39.03125,-123.03125,1.27606138,812,133222,1,1,1,1,39.031250_-123.031250
CacheCreek,39.03125,-122.96875,1.52867463,538,96932,1,1,1,1,39.031250_-122.968750
CacheCreek,39.03125,-122.90625,1.52901047,424,89675,1,1,1,1,39.031250_-122.906250
CacheCreek,39.03125,-122.84375,1.52901047,416,82687,1,1,1,1,39.031250_-122.843750
CacheCreek,39.03125,-122.78125,1.52901047,453,74701,1,1,1,1,39.031250_-122.781250
CacheCreek,39.03125,-122.71875,1.52901047,527,70805,1,1,1,1,39.031250_-122.718750
CacheCreek,39.03125,-122.65625,1.52901047,529,53775,1,1,1,1,39.031250_-122.656250
CacheCreek,39.03125,-122.59375,1.52901047,496,43976,1,1,1,1,39.031250_-122.593750
CacheCreek,39.03125,-122.53125,1.52901047,507,42318,1,1,1,1,39.031250_-122.531250
CacheCreek,39.03125,-122.46875,1.52901047,624,32018,1,1,1,1,39.031250_-122.468750
CacheCreek,39.03125,-122.40625,1.43069144,515,22258,1,1,1,1,39.031250_-122.406250
CacheCreek,39.03125,-122.34375,0.76449385,451,18056,1,1,1,1,39.031250_-122.343750
CacheCreek,38.96875,-122.96875,1.04728881,612,98914,1,1,1,1,38.968750_-122.968750
CacheCreek,38.96875,-122.90625,1.5303617,478,90711,1,1,1,1,38.968750_-122.906250
CacheCreek,38.96875,-122.84375,1.5303617,448,85387,1,1,1,1,38.968750_-122.843750
CacheCreek,38.96875,-122.78125,1.5303617,722,73021,1,1,1,1,38.968750_-122.781250
CacheCreek,38.96875,-122.71875,1.5303617,478,65525,1,1,1,1,38.968750_-122.718750
CacheCreek,38.96875,-122.65625,1.5303617,457,58472,1,1,1,1,38.968750_-122.656250
CacheCreek,38.96875,-122.59375,1.5303617,497,43992,1,1,1,1,38.968750_-122.593750
CacheCreek,38.96875,-122.53125,1.5303617,483,35636,1,1,1,1,38.968750_-122.531250
CacheCreek,38.96875,-122.46875,1.5303617,456,24604,1,1,1,1,38.968750_-122.468750
CacheCreek,38.96875,-122.40625,1.5303617,473,13959,1,1,1,1,38.968750_-122.406250
CacheCreek,38.96875,-122.34375,1.39749387,445,8040,1,1,1,1,38.968750_-122.343750
CacheCreek,38.90625,-122.90625,1.08450148,612,101615,1,1,1,1,38.906250_-122.906250
CacheCreek,38.90625,-122.84375,1.53167811,616,94834,1,1,1,1,38.906250_-122.843750
CacheCreek,38.90625,-122.78125,1.53171111,759,73137,1,1,1,1,38.906250_-122.781250
CacheCreek,38.90625,-122.71875,1.3812671,704,65496,1,1,1,1,38.906250_-122.718750
CacheCreek,38.90625,-122.65625,1.5012142,556,57232,1,1,1,1,38.906250_-122.656250
CacheCreek,38.90625,-122.59375,1.53001559,452,48086,1,1,1,1,38.906250_-122.593750
CacheCreek,38.90625,-122.53125,0.67569736,669,38374,1,1,1,1,38.906250_-122.531250
CacheCreek,38.90625,-122.46875,1.27890382,772,25205,1,1,1,1,38.906250_-122.468750
CacheCreek,38.90625,-122.40625,1.30887388,587,14403,1,1,1,1,38.906250_-122.406250
CacheCreek,38.90625,-122.34375,1.52565674,469,3234,1,1,1,1,38.906250_-122.343750
CacheCreek,38.90625,-122.28125,0.44243157,463,0,1,1,1,1,38.906250_-122.281250
CacheCreek,38.84375,-122.78125,1.21291829,825,106736,1,1,1,1,38.843750_-122.781250
CacheCreek,38.84375,-122.71875,0.88846161,917,110535,1,1,1,1,38.843750_-122.718750
CacheCreek,38.84375,-122.65625,0.40441426,613,62122,1,1,1,1,38.843750_-122.656250
CacheCreek,38.84375,-122.59375,0.72072421,536,59137,1,1,1,1,38.843750_-122.593750
CacheCreek,38.84375,-122.40625,0.1704268,659,29085,1,1,1,1,38.843750_-122.406250
CacheCreek,38.84375,-122.34375,0.86089587,578,7609,1,1,1,1,38.843750_-122.343750
CacheCreek,38.84375,-122.28125,0.32607352,608,7161,1,1,1,1,38.843750_-122.281250
CacheCreek,38.78125,-122.71875,0.0710502,1313,123411,1,1,1,1,38.781250_-122.718750
CalaverasRiver,38.34375,-120.65625,0.6150151,535,33371,1,1,1,1,38.343750_-120.656250
CalaverasRiver,38.34375,-120.59375,1.85891108,702,36988,1,1,1,1,38.343750_-120.593750
CalaverasRiver,38.34375,-120.53125,1.50137849,840,46301,1,1,1,1,38.343750_-120.531250
CalaverasRiver,38.34375,-120.46875,0.95074056,947,54612,1,1,1,1,38.343750_-120.468750
CalaverasRiver,38.34375,-120.40625,0.01345796,1168,63502,1,1,1,1,38.343750_-120.406250
CalaverasRiver,38.34375,-120.28125,0.68446046,1617,77760,1,1,1,1,38.343750_-120.281250
CalaverasRiver,38.28125,-120.71875,2.05492553,408,20441,1,1,1,1,38.281250_-120.718750
CalaverasRiver,38.28125,-120.65625,3.86311781,465,22301,1,1,1,1,38.281250_-120.656250
CalaverasRiver,38.28125,-120.59375,4.09014465,655,29408,1,1,1,1,38.281250_-120.593750
CalaverasRiver,38.28125,-120.53125,4.09014465,789,40123,1,1,1,1,38.281250_-120.531250
CalaverasRiver,38.28125,-120.46875,4.09014465,867,50588,1,1,1,1,38.281250_-120.468750
CalaverasRiver,38.28125,-120.40625,3.54031411,1060,54063,1,1,1,1,38.281250_-120.406250
CalaverasRiver,38.28125,-120.34375,2.53732173,1318,62126,1,1,1,1,38.281250_-120.343750
CalaverasRiver,38.28125,-120.28125,1.25639407,1494,73187,1,1,1,1,38.281250_-120.281250
CalaverasRiver,38.21875,-120.78125,1.13832752,305,5932,1,1,1,1,38.218750_-120.781250
CalaverasRiver,38.21875,-120.71875,4.08609302,312,8977,1,1,1,1,38.218750_-120.718750
CalaverasRiver,38.21875,-120.65625,4.09366345,429,17695,1,1,1,1,38.218750_-120.656250
CalaverasRiver,38.21875,-120.59375,4.09366345,635,26167,1,1,1,1,38.218750_-120.593750
CalaverasRiver,38.21875,-120.53125,4.09366345,677,35294,1,1,1,1,38.218750_-120.531250
CalaverasRiver,38.21875,-120.46875,4.09366346,734,43296,1,1,1,1,38.218750_-120.468750
CalaverasRiver,38.21875,-120.40625,3.87408666,998,52868,1,1,1,1,38.218750_-120.406250
CalaverasRiver,38.21875,-120.34375,0.43044486,1180,63219,1,1,1,1,38.218750_-120.343750
CalaverasRiver,38.15625,-120.84375,0.1134282,235,0,1,1,1,1,38.156250_-120.843750
CalaverasRiver,38.15625,-120.78125,3.89172812,290,131,1,1,1,1,38.156250_-120.781250
CalaverasRiver,38.15625,-120.71875,4.09717738,526,8155,1,1,1,1,38.156250_-120.718750
CalaverasRiver,38.15625,-120.65625,4.09717738,363,17564,1,1,1,1,38.156250_-120.656250
CalaverasRiver,38.15625,-120.59375,4.09717738,429,26806,1,1,1,1,38.156250_-120.593750
CalaverasRiver,38.15625,-120.53125,4.09717738,536,34917,1,1,1,1,38.156250_-120.531250
CalaverasRiver,38.15625,-120.46875,2.68502407,704,43481,1,1,1,1,38.156250_-120.468750
CalaverasRiver,38.15625,-120.40625,1.10833791,912,52970,1,1,1,1,38.156250_-120.406250
CalaverasRiver,38.15625,-120.34375,0.01448375,1037,63857,1,1,1,1,38.156250_-120.343750
CalaverasRiver,38.09375,-120.84375,0.12494306,315,4097,1,1,1,1,38.093750_-120.843750
CalaverasRiver,38.09375,-120.78125,3.66979785,314,3518,1,1,1,1,38.093750_-120.781250
CalaverasRiver,38.09375,-120.71875,2.93451946,519,9642,1,1,1,1,38.093750_-120.718750
CalaverasRiver,38.09375,-120.65625,3.98038702,400,25487,1,1,1,1,38.093750_-120.656250
CalaverasRiver,38.09375,-120.59375,3.98842714,410,28325,1,1,1,1,38.093750_-120.593750
CalaverasRiver,38.09375,-120.53125,1.44806283,522,39142,1,1,1,1,38.093750_-120.531250
CalaverasRiver,38.09375,-120.46875,0.00280564,661,48074,1,1,1,1,38.093750_-120.468750
CalaverasRiver,38.03125,-120.78125,0.19607296,376,12783,1,1,1,1,38.031250_-120.781250
CalaverasRiver,38.03125,-120.71875,0.08234936,350,13797,1,1,1,1,38.031250_-120.718750
CalaverasRiver,38.03125,-120.65625,1.0285664,507,36471,1,1,1,1,38.031250_-120.656250
CalaverasRiver,38.03125,-120.59375,1.29227996,540,36841,1,1,1,1,38.031250_-120.593750
ChowchillaRiver,37.59375,-119.90625,0.07359073,1303,80777,1,1,1,1,37.593750_-119.906250
ChowchillaRiver,37.59375,-119.84375,0.00161005,1334,81186,1,1,1,1,37.593750_-119.843750
ChowchillaRiver,37.53125,-119.90625,1.91641739,942,67865,1,1,1,1,37.531250_-119.906250
ChowchillaRiver,37.53125,-119.84375,4.27540758,1084,64490,1,1,1,1,37.531250_-119.843750
ChowchillaRiver,37.53125,-119.78125,1.56798381,1396,64736,1,1,1,1,37.531250_-119.781250
ChowchillaRiver,37.53125,-119.71875,1.11038673,1685,68616,1,1,1,1,37.531250_-119.718750
ChowchillaRiver,37.46875,-119.90625,4.19572596,744,59125,1,1,1,1,37.468750_-119.906250
ChowchillaRiver,37.46875,-119.84375,5.5954932,827,56002,1,1,1,1,37.468750_-119.843750
ChowchillaRiver,37.46875,-119.78125,5.5954932,992,56194,1,1,1,1,37.468750_-119.781250
ChowchillaRiver,37.46875,-119.71875,5.3231385,1248,60745,1,1,1,1,37.468750_-119.718750
ChowchillaRiver,37.46875,-119.65625,0.02639097,1722,70396,1,1,1,1,37.468750_-119.656250
ChowchillaRiver,37.40625,-120.03125,0.00233841,614,34959,1,1,1,1,37.406250_-120.031250
ChowchillaRiver,37.40625,-119.96875,0.95012263,660,33188,1,1,1,1,37.406250_-119.968750
ChowchillaRiver,37.40625,-119.90625,5.09020749,577,43849,1,1,1,1,37.406250_-119.906250
ChowchillaRiver,37.40625,-119.84375,5.60016814,610,47268,1,1,1,1,37.406250_-119.843750
ChowchillaRiver,37.40625,-119.78125,4.70502139,748,48611,1,1,1,1,37.406250_-119.781250
ChowchillaRiver,37.40625,-119.71875,1.1764889,1064,59010,1,1,1,1,37.406250_-119.718750
ChowchillaRiver,37.34375,-120.03125,0.61214465,414,22351,1,1,1,1,37.343750_-120.031250
ChowchillaRiver,37.34375,-119.96875,5.59888133,482,24886,1,1,1,1,37.343750_-119.968750
ChowchillaRiver,37.34375,-119.90625,5.60483642,421,24816,1,1,1,1,37.343750_-119.906250
ChowchillaRiver,37.34375,-119.84375,5.60483643,416,33604,1,1,1,1,37.343750_-119.843750
ChowchillaRiver,37.34375,-119.78125,3.26247969,557,39122,1,1,1,1,37.343750_-119.781250
ChowchillaRiver,37.28125,-120.03125,1.4567286,301,13192,1,1,1,1,37.281250_-120.031250
ChowchillaRiver,37.28125,-119.96875,5.60949804,300,13710,1,1,1,1,37.281250_-119.968750
ChowchillaRiver,37.28125,-119.90625,5.60949804,309,17657,1,1,1,1,37.281250_-119.906250
ChowchillaRiver,37.28125,-119.84375,5.26901845,413,27787,1,1,1,1,37.281250_-119.843750
ChowchillaRiver,37.28125,-119.78125,0.69821447,504,38643,1,1,1,1,37.281250_-119.781250
ChowchillaRiver,37.21875,-120.03125,4.67142745,187,725,1,1,1,1,37.218750_-120.031250
ChowchillaRiver,37.21875,-119.96875,5.09709579,213,7184,1,1,1,1,37.218750_-119.968750
ChowchillaRiver,37.21875,-119.90625,1.62362361,331,16410,1,1,1,1,37.218750_-119.906250
ChowchillaRiver,37.21875,-119.84375,1.16303128,440,30009,1,1,1,1,37.218750_-119.843750
ChowchillaRiver,37.15625,-120.03125,0.57530905,165,0,1,1,1,1,37.156250_-120.031250
ChowchillaRiver,37.15625,-119.96875,0.3373916,221,7839,1,1,1,1,37.156250_-119.968750
CosumnesRiver,38.78125,-120.53125,0.08114696,1282,86333,1,1,1,1,38.781250_-120.531250
CosumnesRiver,38.78125,-120.46875,0.02867364,1293,90666,1,1,1,1,38.781250_-120.468750
CosumnesRiver,38.71875,-120.84375,0.11486961,544,53334,1,1,1,1,38.718750_-120.843750
CosumnesRiver,38.71875,-120.78125,0.15116964,573,53203,1,1,1,1,38.718750_-120.781250
CosumnesRiver,38.71875,-120.71875,0.33290229,802,60195,1,1,1,1,38.718750_-120.718750
CosumnesRiver,38.71875,-120.65625,0.72301505,840,66388,1,1,1,1,38.718750_-120.656250
CosumnesRiver,38.71875,-120.59375,1.9903874,1056,71821,1,1,1,1,38.718750_-120.593750
CosumnesRiver,38.71875,-120.53125,2.72189411,1215,80021,1,1,1,1,38.718750_-120.531250
CosumnesRiver,38.71875,-120.46875,2.61075342,1396,90081,1,1,1,1,38.718750_-120.468750
CosumnesRiver,38.71875,-120.40625,1.37276967,1598,97891,1,1,1,1,38.718750_-120.406250
CosumnesRiver,38.71875,-120.34375,0.32249835,1799,108012,1,1,1,1,38.718750_-120.343750
CosumnesRiver,38.65625,-120.96875,0.32724932,420,28007,1,1,1,1,38.656250_-120.968750
CosumnesRiver,38.65625,-120.90625,1.98215051,416,28113,1,1,1,1,38.656250_-120.906250
CosumnesRiver,38.65625,-120.84375,1.98834486,476,30535,1,1,1,1,38.656250_-120.843750
CosumnesRiver,38.65625,-120.78125,2.55678312,581,43961,1,1,1,1,38.656250_-120.781250
CosumnesRiver,38.65625,-120.71875,2.64857248,642,49876,1,1,1,1,38.656250_-120.718750
CosumnesRiver,38.65625,-120.65625,2.7257094,735,56759,1,1,1,1,38.656250_-120.656250
CosumnesRiver,38.65625,-120.59375,2.7257094,927,64886,1,1,1,1,38.656250_-120.593750
CosumnesRiver,38.65625,-120.53125,2.7257094,1189,79628,1,1,1,1,38.656250_-120.531250
CosumnesRiver,38.65625,-120.46875,2.7257094,1453,89682,1,1,1,1,38.656250_-120.468750
CosumnesRiver,38.65625,-120.40625,2.7257094,1626,93544,1,1,1,1,38.656250_-120.406250
CosumnesRiver,38.65625,-120.34375,2.66325796,1789,98945,1,1,1,1,38.656250_-120.343750
CosumnesRiver,38.65625,-120.28125,1.79974894,2052,110811,1,1,1,1,38.656250_-120.281250
CosumnesRiver,38.65625,-120.21875,0.20503512,2275,116004,1,1,1,1,38.656250_-120.218750
CosumnesRiver,38.59375,-121.03125,0.03378361,237,11719,1,1,1,1,38.593750_-121.031250
CosumnesRiver,38.59375,-120.96875,1.29867928,319,12051,1,1,1,1,38.593750_-120.968750
CosumnesRiver,38.59375,-120.90625,2.7280861,303,18532,1,1,1,1,38.593750_-120.906250
CosumnesRiver,38.59375,-120.84375,2.7280861,407,26771,1,1,1,1,38.593750_-120.843750
CosumnesRiver,38.59375,-120.78125,2.7280861,494,36492,1,1,1,1,38.593750_-120.781250
CosumnesRiver,38.59375,-120.71875,2.7280861,625,44734,1,1,1,1,38.593750_-120.718750
CosumnesRiver,38.59375,-120.65625,2.72808611,759,53352,1,1,1,1,38.593750_-120.656250
CosumnesRiver,38.59375,-120.59375,2.72808611,964,62818,1,1,1,1,38.593750_-120.593750
CosumnesRiver,38.59375,-120.53125,2.72808611,1164,70804,1,1,1,1,38.593750_-120.531250
CosumnesRiver,38.59375,-120.46875,2.72808611,1348,81746,1,1,1,1,38.593750_-120.468750
CosumnesRiver,38.59375,-120.40625,2.72808611,1502,90141,1,1,1,1,38.593750_-120.406250
CosumnesRiver,38.59375,-120.34375,2.72808611,1677,97951,1,1,1,1,38.593750_-120.343750
CosumnesRiver,38.59375,-120.28125,2.51581244,1921,106090,1,1,1,1,38.593750_-120.281250
CosumnesRiver,38.59375,-120.21875,0.49805064,2169,114208,1,1,1,1,38.593750_-120.218750
CosumnesRiver,38.53125,-121.03125,1.56116374,136,0,1,1,1,1,38.531250_-121.031250
CosumnesRiver,38.53125,-120.96875,2.7251156,197,5733,1,1,1,1,38.531250_-120.968750
CosumnesRiver,38.53125,-120.90625,2.73045956,231,14413,1,1,1,1,38.531250_-120.906250
CosumnesRiver,38.53125,-120.84375,2.73045956,383,23971,1,1,1,1,38.531250_-120.843750
CosumnesRiver,38.53125,-120.78125,2.31888818,518,36617,1,1,1,1,38.531250_-120.781250
CosumnesRiver,38.53125,-120.71875,2.21402822,670,44695,1,1,1,1,38.531250_-120.718750
CosumnesRiver,38.53125,-120.65625,2.65211021,807,54100,1,1,1,1,38.531250_-120.656250
CosumnesRiver,38.53125,-120.59375,2.72997396,948,61933,1,1,1,1,38.531250_-120.593750
CosumnesRiver,38.53125,-120.53125,2.57541835,1120,69743,1,1,1,1,38.531250_-120.531250
CosumnesRiver,38.53125,-120.46875,2.01095093,1291,77268,1,1,1,1,38.531250_-120.468750
CosumnesRiver,38.53125,-120.40625,1.1707265,1466,90764,1,1,1,1,38.531250_-120.406250
CosumnesRiver,38.53125,-120.34375,0.73325242,1712,98181,1,1,1,1,38.531250_-120.343750
CosumnesRiver,38.53125,-120.28125,0.21655518,1939,106468,1,1,1,1,38.531250_-120.281250
CosumnesRiver,38.46875,-121.03125,0.11255048,123,224,1,1,1,1,38.468750_-121.031250
CosumnesRiver,38.46875,-120.96875,0.95187432,161,7059,1,1,1,1,38.468750_-120.968750
CosumnesRiver,38.46875,-120.90625,1.25301444,234,16186,1,1,1,1,38.468750_-120.906250
CosumnesRiver,38.46875,-120.84375,1.14605015,353,24588,1,1,1,1,38.468750_-120.843750
CosumnesRiver,38.46875,-120.78125,0.14408135,464,42490,1,1,1,1,38.468750_-120.781250
CosumnesRiver,38.46875,-120.65625,0.00909235,896,63256,1,1,1,1,38.468750_-120.656250
CosumnesRiver,38.46875,-120.59375,0.12973187,986,65094,1,1,1,1,38.468750_-120.593750
CosumnesRiver,38.46875,-120.53125,0.00754612,1088,71999,1,1,1,1,38.468750_-120.531250
FresnoRiver,37.46875,-119.71875,0.13162392,1610,68655,1,1,1,1,37.468750_-119.718750
FresnoRiver,37.46875,-119.65625,3.51444087,1574,72752,1,1,1,1,37.468750_-119.656250
FresnoRiver,37.46875,-119.59375,1.58987054,1770,79290,1,1,1,1,37.468750_-119.593750
FresnoRiver,37.40625,-119.78125,0.85539103,871,54770,1,1,1,1,37.406250_-119.781250
FresnoRiver,37.40625,-119.71875,4.22719386,949,54616,1,1,1,1,37.406250_-119.718750
FresnoRiver,37.40625,-119.65625,5.35133942,1191,60478,1,1,1,1,37.406250_-119.656250
FresnoRiver,37.40625,-119.59375,4.80184207,1432,70703,1,1,1,1,37.406250_-119.593750
FresnoRiver,37.34375,-119.78125,2.23827073,702,43322,1,1,1,1,37.343750_-119.781250
FresnoRiver,37.34375,-119.71875,5.35580028,744,44888,1,1,1,1,37.343750_-119.718750
FresnoRiver,37.34375,-119.65625,5.35580028,814,59029,1,1,1,1,37.343750_-119.656250
FresnoRiver,37.34375,-119.59375,3.22502019,1022,67162,1,1,1,1,37.343750_-119.593750
FresnoRiver,37.28125,-119.84375,0.32522483,560,36381,1,1,1,1,37.281250_-119.843750
FresnoRiver,37.28125,-119.78125,4.69305827,512,33418,1,1,1,1,37.281250_-119.781250
FresnoRiver,37.28125,-119.71875,5.36025477,784,35524,1,1,1,1,37.281250_-119.718750
FresnoRiver,37.28125,-119.65625,4.31233147,934,51187,1,1,1,1,37.281250_-119.656250
FresnoRiver,37.28125,-119.59375,2.09803033,1010,61023,1,1,1,1,37.281250_-119.593750
FresnoRiver,37.21875,-119.90625,2.29459192,302,18692,1,1,1,1,37.218750_-119.906250
FresnoRiver,37.21875,-119.84375,4.25344093,443,19223,1,1,1,1,37.218750_-119.843750
FresnoRiver,37.21875,-119.78125,5.36470287,421,22655,1,1,1,1,37.218750_-119.781250
FresnoRiver,37.21875,-119.71875,5.36470287,616,31837,1,1,1,1,37.218750_-119.718750
FresnoRiver,37.21875,-119.65625,2.29848726,738,39992,1,1,1,1,37.218750_-119.656250
FresnoRiver,37.15625,-119.96875,0.00294097,221,11233,1,1,1,1,37.156250_-119.968750
FresnoRiver,37.15625,-119.90625,3.73850163,212,9111,1,1,1,1,37.156250_-119.906250
FresnoRiver,37.15625,-119.84375,5.24794603,293,10335,1,1,1,1,37.156250_-119.843750
FresnoRiver,37.15625,-119.78125,5.22479782,395,21645,1,1,1,1,37.156250_-119.781250
FresnoRiver,37.15625,-119.71875,3.96228661,467,29986,1,1,1,1,37.156250_-119.718750
FresnoRiver,37.15625,-119.65625,0.15155727,695,38448,1,1,1,1,37.156250_-119.656250
FresnoRiver,37.09375,-119.90625,4.48519773,139,0,1,1,1,1,37.093750_-119.906250
FresnoRiver,37.09375,-119.84375,3.79958689,250,6427,1,1,1,1,37.093750_-119.843750
FresnoRiver,37.09375,-119.78125,0.17973082,457,28481,1,1,1,1,37.093750_-119.781250
FresnoRiver,37.09375,-119.71875,0.03417265,472,33757,1,1,1,1,37.093750_-119.718750
FresnoRiver,37.03125,-119.90625,0.1618629,123,856,1,1,1,1,37.031250_-119.906250
MokelumneRiver,38.65625,-120.21875,0.12087506,2283,88067,1,1,1,1,38.656250_-120.218750
MokelumneRiver,38.65625,-120.15625,0.34195137,2376,88575,1,1,1,1,38.656250_-120.156250
MokelumneRiver,38.65625,-120.09375,0.05345703,2687,97395,1,1,1,1,38.656250_-120.093750
MokelumneRiver,38.65625,-120.03125,1.25344682,2576,109477,1,1,1,1,38.656250_-120.031250
MokelumneRiver,38.65625,-119.96875,1.31631427,2597,112177,1,1,1,1,38.656250_-119.968750
MokelumneRiver,38.59375,-120.28125,0.20865992,2047,76540,1,1,1,1,38.593750_-120.281250
MokelumneRiver,38.59375,-120.21875,2.19200304,2091,76655,1,1,1,1,38.593750_-120.218750
MokelumneRiver,38.59375,-120.15625,2.62056581,2364,83136,1,1,1,1,38.593750_-120.156250
MokelumneRiver,38.59375,-120.09375,2.58036328,2479,90406,1,1,1,1,38.593750_-120.093750
MokelumneRiver,38.59375,-120.03125,2.68155989,2254,100797,1,1,1,1,38.593750_-120.031250
MokelumneRiver,38.59375,-119.96875,2.68155989,2465,106537,1,1,1,1,38.593750_-119.968750
MokelumneRiver,38.59375,-119.90625,1.94401811,2446,115424,1,1,1,1,38.593750_-119.906250
MokelumneRiver,38.53125,-120.53125,0.00478626,1263,46261,1,1,1,1,38.531250_-120.531250
MokelumneRiver,38.53125,-120.46875,0.68849282,1353,46223,1,1,1,1,38.531250_-120.468750
MokelumneRiver,38.53125,-120.40625,1.53315244,1447,48105,1,1,1,1,38.531250_-120.406250
MokelumneRiver,38.53125,-120.34375,1.96315103,1585,55637,1,1,1,1,38.531250_-120.343750
MokelumneRiver,38.53125,-120.28125,2.47100737,1742,63700,1,1,1,1,38.531250_-120.281250
MokelumneRiver,38.53125,-120.21875,2.68389287,1871,71180,1,1,1,1,38.531250_-120.218750
MokelumneRiver,38.53125,-120.15625,2.68389287,2029,77795,1,1,1,1,38.531250_-120.156250
MokelumneRiver,38.53125,-120.09375,2.68389287,2149,85729,1,1,1,1,38.531250_-120.093750
MokelumneRiver,38.53125,-120.03125,2.65746664,2134,93453,1,1,1,1,38.531250_-120.031250
MokelumneRiver,38.53125,-119.96875,2.2769803,2345,104549,1,1,1,1,38.531250_-119.968750
MokelumneRiver,38.53125,-119.90625,2.36366728,2386,115332,1,1,1,1,38.531250_-119.906250
MokelumneRiver,38.53125,-119.84375,2.40451566,2564,123420,1,1,1,1,38.531250_-119.843750
MokelumneRiver,38.46875,-120.53125,1.08003702,1019,32538,1,1,1,1,38.468750_-120.531250
MokelumneRiver,38.46875,-120.46875,2.68622265,1119,36527,1,1,1,1,38.468750_-120.468750
MokelumneRiver,38.46875,-120.40625,2.68622265,1240,45500,1,1,1,1,38.468750_-120.406250
MokelumneRiver,38.46875,-120.34375,2.68622265,1302,50674,1,1,1,1,38.468750_-120.343750
MokelumneRiver,38.46875,-120.28125,2.68622265,1420,62152,1,1,1,1,38.468750_-120.281250
MokelumneRiver,38.46875,-120.21875,2.68622265,1680,70100,1,1,1,1,38.468750_-120.218750
MokelumneRiver,38.46875,-120.15625,2.64067257,1933,77757,1,1,1,1,38.468750_-120.156250
MokelumneRiver,38.46875,-120.09375,1.60227864,2160,85320,1,1,1,1,38.468750_-120.093750
MokelumneRiver,38.46875,-120.03125,0.34228547,2371,94680,1,1,1,1,38.468750_-120.031250
MokelumneRiver,38.46875,-119.90625,0.36093338,2579,124638,1,1,1,1,38.468750_-119.906250
MokelumneRiver,38.46875,-119.84375,0.0684974,2756,127824,1,1,1,1,38.468750_-119.843750
MokelumneRiver,38.46875,-119.78125,0.51989145,2668,136149,1,1,1,1,38.468750_-119.781250
MokelumneRiver,38.40625,-120.65625,0.13768505,722,16627,1,1,1,1,38.406250_-120.656250
MokelumneRiver,38.40625,-120.59375,1.72097782,697,17091,1,1,1,1,38.406250_-120.593750
MokelumneRiver,38.40625,-120.53125,2.60008748,828,22878,1,1,1,1,38.406250_-120.531250
MokelumneRiver,38.40625,-120.46875,2.68854924,1012,31583,1,1,1,1,38.406250_-120.468750
MokelumneRiver,38.40625,-120.40625,2.68854924,1180,39099,1,1,1,1,38.406250_-120.406250
MokelumneRiver,38.40625,-120.34375,2.68854924,1395,48063,1,1,1,1,38.406250_-120.343750
MokelumneRiver,38.40625,-120.28125,2.68854925,1600,55972,1,1,1,1,38.406250_-120.281250
MokelumneRiver,38.40625,-120.21875,2.61363229,1828,64274,1,1,1,1,38.406250_-120.218750
MokelumneRiver,38.40625,-120.15625,1.00869552,2088,71953,1,1,1,1,38.406250_-120.156250
MokelumneRiver,38.34375,-120.71875,0.37081978,370,0,1,1,1,1,38.343750_-120.718750
MokelumneRiver,38.34375,-120.65625,1.35486364,468,3921,1,1,1,1,38.343750_-120.656250
MokelumneRiver,38.34375,-120.59375,1.46684024,677,12207,1,1,1,1,38.343750_-120.593750
MokelumneRiver,38.34375,-120.53125,1.70228604,796,22801,1,1,1,1,38.343750_-120.531250
MokelumneRiver,38.34375,-120.46875,2.06491958,897,30480,1,1,1,1,38.343750_-120.468750
MokelumneRiver,38.34375,-120.40625,2.68208282,1113,38760,1,1,1,1,38.343750_-120.406250
MokelumneRiver,38.34375,-120.34375,2.69087264,1446,47516,1,1,1,1,38.343750_-120.343750
MokelumneRiver,38.34375,-120.28125,2.18939142,1603,55758,1,1,1,1,38.343750_-120.281250
MokelumneRiver,38.34375,-120.21875,0.78371364,1760,64390,1,1,1,1,38.343750_-120.218750
MokelumneRiver,38.28125,-120.71875,0.2925084,446,93,1,1,1,1,38.281250_-120.718750
MokelumneRiver,38.28125,-120.65625,0.14947885,475,5263,1,1,1,1,38.281250_-120.656250
MokelumneRiver,38.28125,-120.40625,0.36189563,1175,44305,1,1,1,1,38.281250_-120.406250
MokelumneRiver,38.28125,-120.34375,0.69374834,1347,47702,1,1,1,1,38.281250_-120.343750
MokelumneRiver,38.28125,-120.28125,0.01284806,1580,55796,1,1,1,1,38.281250_-120.281250
PutahCreek,38.90625,-122.71875,0.25005413,803,97498,1,1,1,1,38.906250_-122.718750
PutahCreek,38.90625,-122.65625,0.05081651,671,96379,1,1,1,1,38.906250_-122.656250
PutahCreek,38.90625,-122.59375,0.00284613,599,83989,1,1,1,1,38.906250_-122.593750
PutahCreek,38.90625,-122.53125,1.42249802,561,76837,1,1,1,1,38.906250_-122.531250
PutahCreek,38.90625,-122.46875,0.42018045,732,75546,1,1,1,1,38.906250_-122.468750
PutahCreek,38.90625,-122.40625,0.37049215,735,74198,1,1,1,1,38.906250_-122.406250
PutahCreek,38.84375,-122.71875,1.07127344,894,94829,1,1,1,1,38.843750_-122.718750
PutahCreek,38.84375,-122.65625,1.87548966,670,85271,1,1,1,1,38.843750_-122.656250
PutahCreek,38.84375,-122.59375,1.3500765,468,79732,1,1,1,1,38.843750_-122.593750
PutahCreek,38.84375,-122.53125,2.54776598,474,68391,1,1,1,1,38.843750_-122.531250
PutahCreek,38.84375,-122.46875,2.54776598,523,63706,1,1,1,1,38.843750_-122.468750
PutahCreek,38.84375,-122.40625,2.26433092,550,61855,1,1,1,1,38.843750_-122.406250
PutahCreek,38.84375,-122.34375,1.11705687,495,57895,1,1,1,1,38.843750_-122.343750
PutahCreek,38.84375,-122.28125,0.58425463,567,57231,1,1,1,1,38.843750_-122.281250
PutahCreek,38.78125,-122.71875,1.92049076,790,101262,1,1,1,1,38.781250_-122.718750
PutahCreek,38.78125,-122.65625,2.55000248,561,84861,1,1,1,1,38.781250_-122.656250
PutahCreek,38.78125,-122.59375,2.55000248,347,75715,1,1,1,1,38.781250_-122.593750
PutahCreek,38.78125,-122.53125,2.55000248,351,67087,1,1,1,1,38.781250_-122.531250
PutahCreek,38.78125,-122.46875,2.55000248,321,54981,1,1,1,1,38.781250_-122.468750
PutahCreek,38.78125,-122.40625,2.55000249,354,49341,1,1,1,1,38.781250_-122.406250
PutahCreek,38.78125,-122.34375,2.55000249,503,42274,1,1,1,1,38.781250_-122.343750
PutahCreek,38.78125,-122.28125,2.25145287,407,41587,1,1,1,1,38.781250_-122.281250
PutahCreek,38.78125,-122.21875,0.0144858,697,45984,1,1,1,1,38.781250_-122.218750
PutahCreek,38.71875,-122.65625,1.9567743,576,93068,1,1,1,1,38.718750_-122.656250
PutahCreek,38.71875,-122.59375,2.55223595,473,81784,1,1,1,1,38.718750_-122.593750
PutahCreek,38.71875,-122.53125,2.55223595,413,57969,1,1,1,1,38.718750_-122.531250
PutahCreek,38.71875,-122.46875,2.55223595,364,49545,1,1,1,1,38.718750_-122.468750
PutahCreek,38.71875,-122.40625,2.55223595,258,40904,1,1,1,1,38.718750_-122.406250
PutahCreek,38.71875,-122.34375,2.55223595,347,35621,1,1,1,1,38.718750_-122.343750
PutahCreek,38.71875,-122.28125,2.55223595,264,31667,1,1,1,1,38.718750_-122.281250
PutahCreek,38.71875,-122.21875,1.0202721,445,33041,1,1,1,1,38.718750_-122.218750
PutahCreek,38.65625,-122.59375,1.46603996,705,65439,1,1,1,1,38.656250_-122.593750
PutahCreek,38.65625,-122.53125,2.52800731,619,56380,1,1,1,1,38.656250_-122.531250
PutahCreek,38.65625,-122.46875,2.55446638,294,48454,1,1,1,1,38.656250_-122.468750
PutahCreek,38.65625,-122.40625,2.55446638,287,39605,1,1,1,1,38.656250_-122.406250
PutahCreek,38.65625,-122.34375,2.55446638,259,30424,1,1,1,1,38.656250_-122.343750
PutahCreek,38.65625,-122.28125,2.55446638,184,23720,1,1,1,1,38.656250_-122.281250
PutahCreek,38.65625,-122.21875,2.40078415,366,22952,1,1,1,1,38.656250_-122.218750
PutahCreek,38.65625,-122.15625,0.52114863,607,26349,1,1,1,1,38.656250_-122.156250
PutahCreek,38.59375,-122.40625,2.22044439,290,42252,1,1,1,1,38.593750_-122.406250
PutahCreek,38.59375,-122.34375,2.5141062,304,30002,1,1,1,1,38.593750_-122.343750
PutahCreek,38.59375,-122.28125,2.55669377,312,21210,1,1,1,1,38.593750_-122.281250
PutahCreek,38.59375,-122.21875,2.55669377,178,14160,1,1,1,1,38.593750_-122.218750
PutahCreek,38.59375,-122.15625,2.20333714,454,9484,1,1,1,1,38.593750_-122.156250
PutahCreek,38.59375,-122.09375,0.01943602,656,10610,1,1,1,1,38.593750_-122.093750
PutahCreek,38.53125,-122.28125,1.62184994,442,20467,1,1,1,1,38.531250_-122.281250
PutahCreek,38.53125,-122.21875,2.55891812,203,12540,1,1,1,1,38.531250_-122.218750
PutahCreek,38.53125,-122.15625,2.55891812,224,2377,1,1,1,1,38.531250_-122.156250
PutahCreek,38.53125,-122.09375,0.51309849,311,0,1,1,1,1,38.531250_-122.093750
PutahCreek,38.46875,-122.21875,2.56108417,325,19002,1,1,1,1,38.468750_-122.218750
PutahCreek,38.46875,-122.15625,2.54004175,322,3186,1,1,1,1,38.468750_-122.156250
PutahCreek,38.46875,-122.09375,0.39874211,443,2962,1,1,1,1,38.468750_-122.093750
PutahCreek,38.40625,-122.21875,1.18536764,397,32146,1,1,1,1,38.406250_-122.218750
StonyCreek,39.84375,-122.90625,1.30843117,1426,85006,1,1,1,1,39.843750_-122.906250
StonyCreek,39.84375,-122.84375,0.75794419,1331,79666,1,1,1,1,39.843750_-122.843750
StonyCreek,39.84375,-122.78125,0.43839748,1559,74080,1,1,1,1,39.843750_-122.781250
StonyCreek,39.84375,-122.71875,0.19068951,1534,73735,1,1,1,1,39.843750_-122.718750
StonyCreek,39.84375,-122.65625,0.00694326,529,40140,1,1,1,1,39.843750_-122.656250
StonyCreek,39.84375,-122.59375,1.14597408,291,30387,1,1,1,1,39.843750_-122.593750
StonyCreek,39.84375,-122.53125,1.08938041,262,21468,1,1,1,1,39.843750_-122.531250
StonyCreek,39.84375,-122.46875,0.37636497,222,13744,1,1,1,1,39.843750_-122.468750
StonyCreek,39.84375,-122.40625,0.52052296,181,6120,1,1,1,1,39.843750_-122.406250
StonyCreek,39.84375,-122.34375,0.39328608,148,0,1,1,1,1,39.843750_-122.343750
StonyCreek,39.78125,-122.90625,1.37762018,1472,84636,1,1,1,1,39.781250_-122.906250
StonyCreek,39.78125,-122.84375,1.92833148,1210,75764,1,1,1,1,39.781250_-122.843750
StonyCreek,39.78125,-122.78125,1.92833148,1016,67046,1,1,1,1,39.781250_-122.781250
StonyCreek,39.78125,-122.71875,1.84608323,1117,47056,1,1,1,1,39.781250_-122.718750
StonyCreek,39.78125,-122.65625,1.83735746,1023,38721,1,1,1,1,39.781250_-122.656250
StonyCreek,39.78125,-122.59375,1.92833148,425,29902,1,1,1,1,39.781250_-122.593750
StonyCreek,39.78125,-122.53125,1.92833148,232,21430,1,1,1,1,39.781250_-122.531250
StonyCreek,39.78125,-122.46875,1.92833148,229,13274,1,1,1,1,39.781250_-122.468750
StonyCreek,39.78125,-122.40625,1.92833148,182,5672,1,1,1,1,39.781250_-122.406250
StonyCreek,39.78125,-122.34375,0.79133155,151,1860,1,1,1,1,39.781250_-122.343750
StonyCreek,39.71875,-122.78125,1.88037852,1275,63105,1,1,1,1,39.718750_-122.781250
StonyCreek,39.71875,-122.71875,1.93008172,745,54071,1,1,1,1,39.718750_-122.718750
StonyCreek,39.71875,-122.65625,1.93008172,839,42378,1,1,1,1,39.718750_-122.656250
StonyCreek,39.71875,-122.59375,1.93008172,566,34245,1,1,1,1,39.718750_-122.593750
StonyCreek,39.71875,-122.53125,1.93008172,292,23124,1,1,1,1,39.718750_-122.531250
StonyCreek,39.71875,-122.46875,1.83906106,250,18245,1,1,1,1,39.718750_-122.468750
StonyCreek,39.71875,-122.40625,0.77874855,183,11013,1,1,1,1,39.718750_-122.406250
StonyCreek,39.71875,-122.34375,0.0013205,195,10645,1,1,1,1,39.718750_-122.343750
StonyCreek,39.65625,-122.78125,1.44741352,1380,63892,1,1,1,1,39.656250_-122.781250
StonyCreek,39.65625,-122.71875,1.93182967,1108,53247,1,1,1,1,39.656250_-122.718750
StonyCreek,39.65625,-122.65625,1.93182967,719,45721,1,1,1,1,39.656250_-122.656250
StonyCreek,39.65625,-122.59375,1.93182967,381,38196,1,1,1,1,39.656250_-122.593750
StonyCreek,39.65625,-122.53125,1.93182967,243,29568,1,1,1,1,39.656250_-122.531250
StonyCreek,39.65625,-122.46875,1.00241678,269,25154,1,1,1,1,39.656250_-122.468750
StonyCreek,39.59375,-122.71875,0.94543393,1267,61230,1,1,1,1,39.593750_-122.718750
StonyCreek,39.59375,-122.65625,1.93357531,898,53020,1,1,1,1,39.593750_-122.656250
StonyCreek,39.59375,-122.59375,1.93357531,347,42647,1,1,1,1,39.593750_-122.593750
StonyCreek,39.59375,-122.53125,1.77423738,278,36464,1,1,1,1,39.593750_-122.531250
StonyCreek,39.59375,-122.46875,0.01633487,322,35755,1,1,1,1,39.593750_-122.468750
StonyCreek,39.53125,-122.65625,1.73123262,1153,55472,1,1,1,1,39.531250_-122.656250
StonyCreek,39.53125,-122.59375,1.93531866,440,49426,1,1,1,1,39.531250_-122.593750
StonyCreek,39.53125,-122.53125,1.92992011,313,47824,1,1,1,1,39.531250_-122.531250
StonyCreek,39.53125,-122.46875,0.16842486,414,51688,1,1,1,1,39.531250_-122.468750
StonyCreek,39.46875,-122.71875,1.56073648,1405,71345,1,1,1,1,39.468750_-122.718750
StonyCreek,39.46875,-122.65625,1.93705971,898,62148,1,1,1,1,39.468750_-122.656250
StonyCreek,39.46875,-122.59375,1.93705971,589,57888,1,1,1,1,39.468750_-122.593750
StonyCreek,39.46875,-122.53125,1.93705971,343,56258,1,1,1,1,39.468750_-122.531250
StonyCreek,39.46875,-122.46875,0.75106224,415,58418,1,1,1,1,39.468750_-122.468750
StonyCreek,39.40625,-122.78125,1.38826854,1730,101793,1,1,1,1,39.406250_-122.781250
StonyCreek,39.40625,-122.71875,1.9217418,1492,92682,1,1,1,1,39.406250_-122.718750
StonyCreek,39.40625,-122.65625,1.93879845,925,83715,1,1,1,1,39.406250_-122.656250
StonyCreek,39.40625,-122.59375,1.93879845,526,73524,1,1,1,1,39.406250_-122.593750
StonyCreek,39.40625,-122.53125,1.93879845,356,64583,1,1,1,1,39.406250_-122.531250
StonyCreek,39.40625,-122.46875,1.26002598,431,64992,1,1,1,1,39.406250_-122.468750
StonyCreek,39.34375,-122.71875,1.88981618,1315,92798,1,1,1,1,39.343750_-122.718750
StonyCreek,39.34375,-122.65625,1.94053488,740,84287,1,1,1,1,39.343750_-122.656250
StonyCreek,39.34375,-122.59375,1.94053488,649,77049,1,1,1,1,39.343750_-122.593750
StonyCreek,39.34375,-122.53125,1.94053488,406,73208,1,1,1,1,39.343750_-122.531250
StonyCreek,39.34375,-122.46875,1.39147453,457,73246,1,1,1,1,39.343750_-122.468750
StonyCreek,39.28125,-122.71875,1.522913,1455,101570,1,1,1,1,39.281250_-122.718750
StonyCreek,39.28125,-122.65625,1.942269,997,97751,1,1,1,1,39.281250_-122.656250
StonyCreek,39.28125,-122.59375,1.9147782,754,88825,1,1,1,1,39.281250_-122.593750
StonyCreek,39.28125,-122.53125,1.92606819,521,81897,1,1,1,1,39.281250_-122.531250
StonyCreek,39.28125,-122.46875,1.66357827,453,83086,1,1,1,1,39.281250_-122.468750
StonyCreek,39.28125,-122.40625,0.05752079,605,100288,1,1,1,1,39.281250_-122.406250
StonyCreek,39.21875,-122.71875,0.01561416,1585,107996,1,1,1,1,39.218750_-122.718750
StonyCreek,39.21875,-122.65625,0.86814165,1086,99981,1,1,1,1,39.218750_-122.656250
StonyCreek,39.21875,-122.59375,0.69847377,851,96987,1,1,1,1,39.218750_-122.593750
StonyCreek,39.21875,-122.53125,0.36289382,602,92868,1,1,1,1,39.218750_-122.531250
StonyCreek,39.21875,-122.46875,0.83737979,469,91525,1,1,1,1,39.218750_-122.468750
StonyCreek,39.21875,-122.40625,0.31522097,568,98035,1,1,1,1,39.218750_-122.406250
