basin,key,overlap_area_mi2
BND,40.031250_-122.781250,2.839899932223784
BND,40.031250_-122.843750,5.579387052329886
BND,40.031250_-122.906250,4.498171197290749
BND,40.093750_-122.656250,2.2082707605780274
BND,40.093750_-122.718750,11.309100035157424
BND,40.093750_-122.781250,14.279592549056918
BND,40.093750_-122.843750,14.281027347825567
BND,40.093750_-122.906250,14.281027347830825
BND,40.156250_-122.531250,1.9646543206230083
BND,40.156250_-122.593750,9.893268127997244
BND,40.156250_-122.656250,13.823795497266987
BND,40.156250_-122.718750,14.26810965368782
BND,40.156250_-122.781250,14.268109653693907
BND,40.156250_-122.843750,14.26810965368826
BND,40.156250_-122.906250,14.268109653692376
BND,40.156250_-122.968750,9.633483109704715
BND,40.218750_-122.406250,0.3614938754730422
BND,40.218750_-122.468750,5.259027862859401
BND,40.218750_-122.531250,13.145659307722175
BND,40.218750_-122.593750,14.255174683756877
BND,40.218750_-122.656250,14.255174683757215
BND,40.218750_-122.718750,14.255174683750745
BND,40.218750_-122.781250,14.255174683755733
BND,40.218750_-122.843750,14.255174683750347
BND,40.218750_-122.906250,14.255174683757668
BND,40.218750_-122.968750,8.995071676171076
BND,40.281250_-121.593750,0.6384721815428569
BND,40.281250_-122.093750,0.9048909967181085
BND,40.281250_-122.156250,5.454386337824437
BND,40.281250_-122.218750,12.659194997324049
BND,40.281250_-122.281250,8.44287600051394
BND,40.281250_-122.343750,9.872645853041178
BND,40.281250_-122.406250,13.339402626658787
BND,40.281250_-122.468750,14.242222451738293
BND,40.281250_-122.531250,14.237895258282482
BND,40.281250_-122.593750,14.24757073422497
BND,40.281250_-122.656250,14.242222451737755
BND,40.281250_-122.718750,14.245179283057354
BND,40.281250_-122.781250,14.24222245173819
BND,40.281250_-122.843750,14.242222451732236
BND,40.281250_-122.906250,14.243020048434888
BND,40.281250_-122.968750,14.202772115921185
BND,40.281250_-123.031250,11.065450256508706
BND,40.343750_-121.531250,3.4551681553534674
BND,40.343750_-121.593750,12.910404574419147
BND,40.343750_-121.656250,9.949838156828772
BND,40.343750_-121.718750,6.705977551694767
BND,40.343750_-121.781250,5.13803339525145
BND,40.343750_-121.843750,6.45387140934101
BND,40.343750_-121.906250,7.406359005772744
BND,40.343750_-121.968750,6.987209901330427
BND,40.343750_-122.031250,7.182337474589577
BND,40.343750_-122.093750,13.746006694848548
BND,40.343750_-122.156250,14.219645012963579
BND,40.343750_-122.218750,14.201516986755832
BND,40.343750_-122.281250,14.229014667477403
BND,40.343750_-122.343750,14.229252971353919
BND,40.343750_-122.406250,14.225048114346475
BND,40.343750_-122.468750,14.22601022771941
BND,40.343750_-122.531250,14.229252971355221
BND,40.343750_-122.593750,14.223663398315313
BND,40.343750_-122.656250,14.242688396917256
BND,40.343750_-122.718750,14.243956321223516
BND,40.343750_-122.781250,14.237617542873668
BND,40.343750_-122.843750,14.264113448491544
BND,40.343750_-122.906250,14.226554003508157
BND,40.343750_-122.968750,14.229252971361495
BND,40.343750_-123.031250,11.392687915481442
BND,40.406250_-121.531250,5.645482531312915
BND,40.406250_-121.593750,14.216266256362692
BND,40.406250_-121.656250,14.216266256368922
BND,40.406250_-121.718750,14.216266256368876
BND,40.406250_-121.781250,14.216266256363626
BND,40.406250_-121.843750,14.216266256369677
BND,40.406250_-121.906250,14.216266256369089
BND,40.406250_-121.968750,14.216266256364458
BND,40.406250_-122.031250,14.19214242238332
BND,40.406250_-122.093750,14.206272701867142
BND,40.406250_-122.156250,14.212565697164038
BND,40.406250_-122.218750,14.215069662656385
BND,40.406250_-122.281250,14.216266256367438
BND,40.406250_-122.343750,14.198392587230368
BND,40.406250_-122.406250,14.216266256369417
BND,40.406250_-122.468750,14.216266256367508
BND,40.406250_-122.531250,14.21626625636254
BND,40.406250_-122.593750,14.216266256369307
BND,40.406250_-122.656250,14.216266256368913
BND,40.406250_-122.718750,14.21626625636235
BND,40.406250_-122.781250,14.216266256369115
BND,40.406250_-122.843750,14.216266256364264
BND,40.406250_-122.906250,14.212359433737939
BND,40.406250_-122.968750,10.55045649343068
BND,40.468750_-121.218750,1.3350627644637523
BND,40.468750_-121.281250,7.718688875745378
BND,40.468750_-121.343750,7.083877924016599
BND,40.468750_-121.406250,1.6581560299684381
BND,40.468750_-121.468750,5.753150881078208
BND,40.468750_-121.531250,7.1979838439532955
BND,40.468750_-121.593750,14.203262320531232
BND,40.468750_-121.656250,14.203262320537204
BND,40.468750_-121.718750,14.203262320536364
BND,40.468750_-121.781250,14.203262320528907
BND,40.468750_-121.843750,14.203289081889897
BND,40.468750_-121.906250,14.171318582153653
BND,40.468750_-121.968750,14.203262320529827
BND,40.468750_-122.031250,14.202393789474764
BND,40.468750_-122.093750,14.203262320537608
BND,40.468750_-122.156250,14.203262320530921
BND,40.468750_-122.218750,14.186463680395365
BND,40.468750_-122.281250,14.203262320538101
BND,40.468750_-122.343750,14.203262320531906
BND,40.468750_-122.406250,14.203262320537325
BND,40.468750_-122.468750,14.20326232053667
BND,40.468750_-122.531250,14.193671782935205
BND,40.468750_-122.593750,14.20326232053507
BND,40.468750_-122.656250,14.203262320535611
BND,40.468750_-122.718750,14.203262320530714
BND,40.468750_-122.781250,14.203262320536647
BND,40.468750_-122.843750,12.533237879646997
BND,40.531250_-121.281250,14.163915045565508
BND,40.531250_-121.343750,14.19024117766992
BND,40.531250_-121.406250,14.190241177663102
BND,40.531250_-121.468750,14.190241177668574
BND,40.531250_-121.531250,14.188654506563328
BND,40.531250_-121.593750,14.1902411776649
BND,40.531250_-121.656250,14.19024117766952
BND,40.531250_-121.718750,14.190241177671027
BND,40.531250_-121.781250,14.19024117766542
BND,40.531250_-121.843750,14.18876334699875
BND,40.531250_-121.906250,14.190241177670462
BND,40.531250_-121.968750,14.190241177665426
BND,40.531250_-122.031250,14.174180759005203
BND,40.531250_-122.093750,14.216310111116595
BND,40.531250_-122.156250,14.172163579812898
BND,40.531250_-122.218750,14.180679263986217
BND,40.531250_-122.281250,14.184420527383896
BND,40.531250_-122.343750,14.177408349384741
BND,40.531250_-122.406250,14.19024117766994
BND,40.531250_-122.468750,14.190241177670812
BND,40.531250_-122.531250,14.185409951472868
BND,40.531250_-122.593750,14.169556735738487
BND,40.531250_-122.656250,14.190241177671899
BND,40.531250_-122.718750,13.97434967462285
BND,40.531250_-122.781250,8.159968000339761
BND,40.593750_-121.156250,10.524343812153809
BND,40.593750_-121.218750,13.933715997893648
BND,40.593750_-121.281250,14.177202841592443
BND,40.593750_-121.343750,14.177202841591868
BND,40.593750_-121.406250,14.177202841585977
BND,40.593750_-121.468750,14.177202841593283
BND,40.593750_-121.531250,14.177202841591658
BND,40.593750_-121.593750,14.177202841585606
BND,40.593750_-121.656250,14.183096611025313
BND,40.593750_-121.718750,14.187620762820622
BND,40.593750_-121.781250,14.177202841584865
BND,40.593750_-121.843750,14.17720284159201
BND,40.593750_-121.906250,14.177202841591571
BND,40.593750_-121.968750,14.177202841586432
BND,40.593750_-122.031250,14.177202841591587
BND,40.593750_-122.093750,14.177202841591345
BND,40.593750_-122.156250,14.177202841586336
BND,40.593750_-122.218750,14.177202841591992
BND,40.593750_-122.281250,14.177006609492391
BND,40.593750_-122.343750,14.177202841585519
BND,40.593750_-122.406250,14.17129217092483
BND,40.593750_-122.468750,14.16144111938253
BND,40.593750_-122.531250,14.179313029612452
BND,40.593750_-122.593750,14.147408184214743
BND,40.593750_-122.656250,14.192214247567641
BND,40.656250_-121.093750,9.154651921775729
BND,40.656250_-121.156250,14.164147326136666
BND,40.656250_-121.218750,14.164147326131845
BND,40.656250_-121.281250,14.164147326138737
BND,40.656250_-121.343750,14.164147326139583
BND,40.656250_-121.406250,14.164147326132534
BND,40.656250_-121.468750,14.164147326136872
BND,40.656250_-121.531250,14.16414732613734
BND,40.656250_-121.593750,14.164147326131564
BND,40.656250_-121.656250,14.199825423653
BND,40.656250_-121.718750,14.164147326138716
BND,40.656250_-121.781250,14.16414732613303
BND,40.656250_-121.843750,14.164147326138385
BND,40.656250_-121.906250,14.164147326137465
BND,40.656250_-121.968750,14.16414732613109
BND,40.656250_-122.031250,14.164147326137016
BND,40.656250_-122.093750,14.164147326136947
BND,40.656250_-122.156250,14.164147326132321
BND,40.656250_-122.218750,14.164147326138355
BND,40.656250_-122.281250,14.16073777216853
BND,40.656250_-122.343750,14.164147326131125
BND,40.656250_-122.406250,14.162725558357476
BND,40.656250_-122.468750,14.155885193075045
BND,40.656250_-122.531250,14.166939736685123
BND,40.656250_-122.593750,14.164147326136137
BND,40.656250_-122.656250,14.164147326136803
BND,40.656250_-122.718750,10.476616509543831
BND,40.718750_-121.156250,14.151074645182202
BND,40.718750_-121.218750,14.151074645174457
BND,40.718750_-121.281250,14.151074645180568
BND,40.718750_-121.343750,14.151074645181053
BND,40.718750_-121.406250,14.151074645177777
BND,40.718750_-121.468750,14.151074645183375
BND,40.718750_-121.531250,14.151074645180818
BND,40.718750_-121.593750,14.151074645176212
BND,40.718750_-121.656250,14.15107464518277
BND,40.718750_-121.718750,14.15107464518196
BND,40.718750_-121.781250,14.150538016359397
BND,40.718750_-121.843750,14.151074645180815
BND,40.718750_-121.906250,14.151074645181145
BND,40.718750_-121.968750,14.151074645175377
BND,40.718750_-122.031250,14.151074645181424
BND,40.718750_-122.093750,14.14693208251819
BND,40.718750_-122.156250,14.141481615528349
BND,40.718750_-122.218750,14.143918732102307
BND,40.718750_-122.281250,14.132445701901178
BND,40.718750_-122.343750,14.144333049622478
BND,40.718750_-122.406250,14.145656760668912
BND,40.718750_-122.468750,14.145484879083828
BND,40.718750_-122.531250,14.156921166985043
BND,40.718750_-122.593750,14.151074645183456
BND,40.718750_-122.656250,14.151074645182875
BND,40.781250_-120.968750,13.917545596327745
BND,40.781250_-121.031250,14.137984812618686
BND,40.781250_-121.093750,14.101810348431004
BND,40.781250_-121.156250,14.137984812618454
BND,40.781250_-121.218750,14.137984812613567
BND,40.781250_-121.281250,14.137984812619363
BND,40.781250_-121.343750,14.137984812619028
BND,40.781250_-121.406250,14.137984812611696
BND,40.781250_-121.468750,14.137984812617528
BND,40.781250_-121.531250,14.137984812619576
BND,40.781250_-121.593750,14.137984812613547
BND,40.781250_-121.656250,14.137984812618996
BND,40.781250_-121.718750,14.137984812617825
BND,40.781250_-121.781250,14.137984812611794
BND,40.781250_-121.843750,14.157907048684816
BND,40.781250_-121.906250,14.079779150730666
BND,40.781250_-121.968750,14.145127739654741
BND,40.781250_-122.031250,14.143865476556586
BND,40.781250_-122.093750,14.13798481261846
BND,40.781250_-122.156250,14.13798481261256
BND,40.781250_-122.218750,14.137984812619484
BND,40.781250_-122.281250,14.12285192827569
BND,40.781250_-122.343750,14.139586226320224
BND,40.781250_-122.406250,14.137984812619827
BND,40.781250_-122.468750,14.13798481262079
BND,40.781250_-122.531250,14.137984812613848
BND,40.781250_-122.593750,14.13798481261869
BND,40.781250_-122.656250,10.109469751887628
BND,40.781250_-122.718750,0.5702817137810703
BND,40.843750_-120.843750,6.198243887488041
BND,40.843750_-120.906250,14.037029854845928
BND,40.843750_-120.968750,14.124877842360215
BND,40.843750_-121.031250,14.124877842360265
BND,40.843750_-121.093750,14.124877842354257
BND,40.843750_-121.156250,14.12487784236152
BND,40.843750_-121.218750,14.12487784235641
BND,40.843750_-121.281250,14.124877842360764
BND,40.843750_-121.343750,14.124877842358742
BND,40.843750_-121.406250,14.124877842354206
BND,40.843750_-121.468750,14.124877842361602
BND,40.843750_-121.531250,14.12487784236105
BND,40.843750_-121.593750,14.124877842355064
BND,40.843750_-121.656250,14.124877842360274
BND,40.843750_-121.718750,14.124877842360474
BND,40.843750_-121.781250,14.124877842354701
BND,40.843750_-121.843750,14.124877842360508
BND,40.843750_-121.906250,14.1248778423606
BND,40.843750_-121.968750,14.12487784235434
BND,40.843750_-122.031250,14.12487784235905
BND,40.843750_-122.093750,14.124877842357717
BND,40.843750_-122.156250,14.124877842353454
BND,40.843750_-122.218750,14.124877842359828
BND,40.843750_-122.281250,14.124877842358305
BND,40.843750_-122.343750,14.124877842354358
BND,40.843750_-122.406250,14.124877842361073
BND,40.843750_-122.468750,14.124877842358737
BND,40.843750_-122.531250,14.12487784235326
BND,40.843750_-122.593750,14.124877842360169
BND,40.843750_-122.656250,4.924114748690968
BND,40.906250_-120.843750,9.993073219197314
BND,40.906250_-120.906250,14.111753748349432
BND,40.906250_-120.968750,14.111753748354536
BND,40.906250_-121.031250,14.111753748353275
BND,40.906250_-121.093750,14.111753748346846
BND,40.906250_-121.156250,14.11175374835243
BND,40.906250_-121.218750,14.111753748346553
BND,40.906250_-121.281250,14.111753748352625
BND,40.906250_-121.343750,14.111753748353253
BND,40.906250_-121.406250,14.111753748347367
BND,40.906250_-121.468750,14.111753748353223
BND,40.906250_-121.531250,14.111753748353825
BND,40.906250_-121.593750,14.11175374834693
BND,40.906250_-121.656250,14.11175374835207
BND,40.906250_-121.718750,14.111753748353966
BND,40.906250_-121.781250,14.111753748347741
BND,40.906250_-121.843750,14.111753748353143
BND,40.906250_-121.906250,14.11175374835442
BND,40.906250_-121.968750,14.111753748348235
BND,40.906250_-122.031250,14.11175374835404
BND,40.906250_-122.093750,14.111753748355474
BND,40.906250_-122.156250,14.111753748349162
BND,40.906250_-122.218750,14.111753748354262
BND,40.906250_-122.281250,14.111753748355127
BND,40.906250_-122.343750,14.11175374834895
BND,40.906250_-122.406250,14.111753748353086
BND,40.906250_-122.468750,14.111753748353816
BND,40.906250_-122.531250,14.11259413530734
BND,40.906250_-122.593750,10.38452062763238
BND,40.906250_-122.656250,0.008452108447693077
BND,40.968750_-120.656250,7.914882009542538
BND,40.968750_-120.781250,9.928171914721656
BND,40.968750_-120.843750,13.942423735862713
BND,40.968750_-120.906250,14.09861254454601
BND,40.968750_-120.968750,14.098612544552338
BND,40.968750_-121.031250,14.098612544553161
BND,40.968750_-121.093750,14.098612544547802
BND,40.968750_-121.156250,14.098612544554323
BND,40.968750_-121.218750,14.09861254454841
BND,40.968750_-121.281250,14.098612544553413
BND,40.968750_-121.343750,14.098612544553793
BND,40.968750_-121.406250,14.098612544548546
BND,40.968750_-121.468750,14.09861254455209
BND,40.968750_-121.531250,14.09861254455144
BND,40.968750_-121.593750,14.09861254454869
BND,40.968750_-121.656250,14.098612544554257
BND,40.968750_-121.718750,14.098612544551722
BND,40.968750_-121.781250,14.098612544546798
BND,40.968750_-121.843750,14.0986125445533
BND,40.968750_-121.906250,14.098612544551978
BND,40.968750_-121.968750,14.098612544547894
BND,40.968750_-122.031250,14.098612544554777
BND,40.968750_-122.093750,14.098612544554374
BND,40.968750_-122.156250,14.098612544548178
BND,40.968750_-122.218750,14.098612544551415
BND,40.968750_-122.281250,14.098612544550578
BND,40.968750_-122.343750,14.098612544546222
BND,40.968750_-122.406250,14.098612544552461
BND,40.968750_-122.468750,14.0986125445533
BND,40.968750_-122.531250,14.035313511746448
BND,40.968750_-122.593750,6.628684382861903
BND,41.031250_-120.218750,4.182940702703663
BND,41.031250_-120.343750,7.725699791013311
BND,41.031250_-120.593750,9.668145616107358
BND,41.031250_-120.656250,14.085454244958303
BND,41.031250_-120.718750,14.085454244952247
BND,41.031250_-120.781250,14.085454244956942
BND,41.031250_-120.843750,14.085454244958294
BND,41.031250_-120.906250,14.085454244952848
BND,41.031250_-120.968750,14.085454244958628
BND,41.031250_-121.031250,14.08545424495882
BND,41.031250_-121.093750,14.085454244953777
BND,41.031250_-121.156250,14.085454244958713
BND,41.031250_-121.218750,14.085454244952098
BND,41.031250_-121.281250,14.085454244958349
BND,41.031250_-121.343750,14.085454244958978
BND,41.031250_-121.406250,14.085454244953041
BND,41.031250_-121.468750,14.085454244960653
BND,41.031250_-121.531250,14.085454244961165
BND,41.031250_-121.593750,14.085454244952977
BND,41.031250_-121.656250,14.085454244959822
BND,41.031250_-121.718750,14.085454244960337
BND,41.031250_-121.781250,14.085454244954839
BND,41.031250_-121.843750,14.085454244960601
BND,41.031250_-121.906250,14.085454244958818
BND,41.031250_-121.968750,14.085454244952293
BND,41.031250_-122.031250,14.08545424495862
BND,41.031250_-122.093750,14.085454244958708
BND,41.031250_-122.156250,14.085454244953
BND,41.031250_-122.218750,14.085454244959692
BND,41.031250_-122.281250,14.08545424495953
BND,41.031250_-122.343750,14.085454244953029
BND,41.031250_-122.406250,14.08545424495914
BND,41.031250_-122.468750,14.085454244959962
BND,41.031250_-122.531250,6.629595652524202
BND,41.093750_-120.218750,12.24223388039992
BND,41.093750_-120.281250,14.072278863564488
BND,41.093750_-120.343750,14.072278863560193
BND,41.093750_-120.406250,13.638924342210265
BND,41.093750_-120.468750,7.491408042603163
BND,41.093750_-120.531250,9.350111824920308
BND,41.093750_-120.593750,13.332850749683857
BND,41.093750_-120.656250,14.072278863565247
BND,41.093750_-120.718750,14.072278863561102
BND,41.093750_-120.781250,14.072278863568641
BND,41.093750_-120.843750,14.072278863567256
BND,41.093750_-120.906250,14.072278863561868
BND,41.093750_-120.968750,14.072278863567703
BND,41.093750_-121.031250,14.07227886356708
BND,41.093750_-121.093750,14.072278863560259
BND,41.093750_-121.156250,14.072278863565398
BND,41.093750_-121.218750,14.072278863560815
BND,41.093750_-121.281250,14.072278863567304
BND,41.093750_-121.343750,14.072278863567213
BND,41.093750_-121.406250,14.072278863560648
BND,41.093750_-121.468750,14.072278863564804
BND,41.093750_-121.531250,14.072278863563755
BND,41.093750_-121.593750,14.072278863559891
BND,41.093750_-121.656250,14.072278863566222
BND,41.093750_-121.718750,14.072278863566373
BND,41.093750_-121.781250,14.07227886356051
BND,41.093750_-121.843750,14.072278863565032
BND,41.093750_-121.906250,14.07227886356599
BND,41.093750_-121.968750,14.07227886356024
BND,41.093750_-122.031250,14.072278863564698
BND,41.093750_-122.093750,14.072278863564883
BND,41.093750_-122.156250,14.072278863560268
BND,41.093750_-122.218750,14.072278863566304
BND,41.093750_-122.281250,14.072278863566524
BND,41.093750_-122.343750,14.072278863561488
BND,41.093750_-122.406250,14.072278863567266
BND,41.093750_-122.468750,8.49739044403285
BND,41.093750_-122.531250,2.708204206510569
BND,41.156250_-120.156250,7.163658144262572
BND,41.156250_-120.218750,14.059086414429423
BND,41.156250_-120.281250,14.059086414429245
BND,41.156250_-120.343750,14.059086414423158
BND,41.156250_-120.406250,14.059086414428354
BND,41.156250_-120.468750,14.059086414427721
BND,41.156250_-120.531250,14.05908641442156
BND,41.156250_-120.593750,14.059086414427531
BND,41.156250_-120.656250,14.05908641442911
BND,41.156250_-120.718750,14.0590864144224
BND,41.156250_-120.781250,14.059086414427401
BND,41.156250_-120.843750,14.059086414429142
BND,41.156250_-120.906250,14.059086414422275
BND,41.156250_-120.968750,14.059086414427519
BND,41.156250_-121.031250,14.059086414427393
BND,41.156250_-121.093750,14.05908641442102
BND,41.156250_-121.156250,14.059086414427684
BND,41.156250_-121.218750,14.05908641442272
BND,41.156250_-121.281250,14.059086414427979
BND,41.156250_-121.343750,14.059086414427629
BND,41.156250_-121.406250,14.059086414421843
BND,41.156250_-121.468750,14.059086414428688
BND,41.156250_-121.531250,14.059086414429492
BND,41.156250_-121.593750,14.059086414421898
BND,41.156250_-121.656250,14.059086414428359
BND,41.156250_-121.718750,14.059086414429633
BND,41.156250_-121.781250,14.059086414423003
BND,41.156250_-121.843750,14.059086414428963
BND,41.156250_-121.906250,14.059086414428416
BND,41.156250_-121.968750,14.059086414424243
BND,41.156250_-122.031250,14.059086414431214
BND,41.156250_-122.093750,14.059086414429395
BND,41.156250_-122.156250,14.059086414421923
BND,41.156250_-122.218750,14.059086414428037
BND,41.156250_-122.281250,14.05908641443042
BND,41.156250_-122.343750,14.05908641442384
BND,41.156250_-122.406250,14.05908641442822
BND,41.156250_-122.468750,5.173592746359465
BND,41.218750_-120.156250,9.58981920933689
BND,41.218750_-120.218750,14.045876911586806
BND,41.218750_-120.281250,14.0458769115867
BND,41.218750_-120.343750,14.045876911580718
BND,41.218750_-120.406250,14.04587691158791
BND,41.218750_-120.468750,14.045876911587397
BND,41.218750_-120.531250,14.045876911580459
BND,41.218750_-120.593750,14.045876911586621
BND,41.218750_-120.656250,14.045876911587479
BND,41.218750_-120.718750,14.045876911581916
BND,41.218750_-120.781250,14.04587691158723
BND,41.218750_-120.843750,14.045876911585442
BND,41.218750_-120.906250,14.045876911580844
BND,41.218750_-120.968750,14.045876911588325
BND,41.218750_-121.031250,14.04587691158864
BND,41.218750_-121.093750,14.045876911583626
BND,41.218750_-121.156250,14.045876911587962
BND,41.218750_-121.218750,14.045876911580738
BND,41.218750_-121.281250,14.045876911586578
BND,41.218750_-121.343750,14.045876911586923
BND,41.218750_-121.406250,14.045876911582761
BND,41.218750_-121.468750,14.045876911587593
BND,41.218750_-121.531250,14.045876911587332
BND,41.218750_-121.593750,14.045876911581582
BND,41.218750_-121.656250,14.045876911585307
BND,41.218750_-121.718750,14.045876911585813
BND,41.218750_-121.781250,14.045876911580295
BND,41.218750_-121.843750,14.04587691158566
BND,41.218750_-121.906250,14.045876911586472
BND,41.218750_-121.968750,14.045876911579976
BND,41.218750_-122.031250,14.045876911584731
BND,41.218750_-122.093750,14.045876911586504
BND,41.218750_-122.156250,14.04587691158173
BND,41.218750_-122.218750,14.045876911587035
BND,41.218750_-122.281250,14.045876911585724
BND,41.218750_-122.343750,14.045876911579526
BND,41.218750_-122.406250,14.045876911586241
BND,41.218750_-122.468750,13.92545189594846
BND,41.218750_-122.531250,2.8115061592968265
BND,41.281250_-120.218750,12.32083214227939
BND,41.281250_-120.281250,14.03265036912862
BND,41.281250_-120.343750,14.032650369122637
BND,41.281250_-120.406250,14.03265036912788
BND,41.281250_-120.468750,14.03265036912828
BND,41.281250_-120.531250,14.032650369124127
BND,41.281250_-120.593750,14.03265036912927
BND,41.281250_-120.656250,14.032650369128223
BND,41.281250_-120.718750,14.032650369122603
BND,41.281250_-120.781250,14.03265036912789
BND,41.281250_-120.843750,14.032650369127927
BND,41.281250_-120.906250,14.032650369122404
BND,41.281250_-120.968750,14.032650369127982
BND,41.281250_-121.031250,14.032650369128275
BND,41.281250_-121.093750,14.032650369123305
BND,41.281250_-121.156250,14.032650369129534
BND,41.281250_-121.218750,14.032650369123353
BND,41.281250_-121.281250,14.032650369129255
BND,41.281250_-121.343750,14.032650369128781
BND,41.281250_-121.406250,14.032650369121964
BND,41.281250_-121.468750,14.03265036912793
BND,41.281250_-121.531250,14.032650369128891
BND,41.281250_-121.593750,14.032650369124323
BND,41.281250_-121.656250,14.032650369129323
BND,41.281250_-121.718750,14.032650369128378
BND,41.281250_-121.781250,14.03265036912338
BND,41.281250_-121.843750,14.032650369129172
BND,41.281250_-121.906250,14.032650369128776
BND,41.281250_-121.968750,14.032650369123889
BND,41.281250_-122.031250,14.032650369129398
BND,41.281250_-122.093750,14.032650369128227
BND,41.281250_-122.156250,14.032650369122608
BND,41.281250_-122.218750,14.032650369127913
BND,41.281250_-122.281250,14.032650369128804
BND,41.281250_-122.343750,14.03265036912475
BND,41.281250_-122.406250,14.032650369128218
BND,41.281250_-122.468750,13.985303048220482
BND,41.281250_-122.531250,1.842093341737947
BND,41.343750_-120.218750,9.67463597230368
BND,41.343750_-120.281250,14.019406801175146
BND,41.343750_-120.343750,14.01940680116983
BND,41.343750_-120.406250,14.019406801175666
BND,41.343750_-120.468750,14.019406801176624
BND,41.343750_-120.531250,14.019406801169211
BND,41.343750_-120.593750,14.019406801175759
BND,41.343750_-120.656250,14.019406801176029
BND,41.343750_-120.718750,14.019406801169858
BND,41.343750_-120.781250,14.019406801177317
BND,41.343750_-120.843750,14.019406801176707
BND,41.343750_-120.906250,14.019406801170447
BND,41.343750_-120.968750,14.019406801176238
BND,41.343750_-121.031250,14.019406801174751
BND,41.343750_-121.093750,14.019406801168111
BND,41.343750_-121.156250,14.019406801175343
BND,41.343750_-121.218750,14.019406801170206
BND,41.343750_-121.281250,14.019406801176144
BND,41.343750_-121.343750,14.019406801175705
BND,41.343750_-121.406250,14.019406801167952
BND,41.343750_-121.468750,14.019406801174943
BND,41.343750_-121.531250,14.019406801174915
BND,41.343750_-121.593750,14.019406801168532
BND,41.343750_-121.656250,14.019406801176288
BND,41.343750_-121.718750,14.019406801175396
BND,41.343750_-121.781250,14.019406801168584
BND,41.343750_-121.843750,14.019406801175387
BND,41.343750_-121.906250,14.01940680117504
BND,41.343750_-121.968750,14.019406801168435
BND,41.343750_-122.031250,14.01940680117503
BND,41.343750_-122.093750,14.01940680117497
BND,41.343750_-122.156250,14.019406801169636
BND,41.343750_-122.218750,14.019406801177126
BND,41.343750_-122.281250,14.019406801175524
BND,41.343750_-122.343750,13.643928585821328
BND,41.343750_-122.406250,11.348111762544649
BND,41.406250_-120.281250,14.00614622182748
BND,41.406250_-120.343750,14.006146221821513
BND,41.406250_-120.406250,14.006146221826574
BND,41.406250_-120.468750,14.006146221826668
BND,41.406250_-120.531250,14.006146221821957
BND,41.406250_-120.593750,14.006146221826462
BND,41.406250_-120.656250,14.006146221827308
BND,41.406250_-120.718750,14.006146221821675
BND,41.406250_-120.781250,14.006146221825725
BND,41.406250_-120.843750,14.006146221827313
BND,41.406250_-120.906250,14.006146221821146
BND,41.406250_-120.968750,14.006146221826087
BND,41.406250_-121.031250,14.00614622182731
BND,41.406250_-121.093750,14.006146221821503
BND,41.406250_-121.156250,14.006146221826588
BND,41.406250_-121.218750,14.006146221820128
BND,41.406250_-121.281250,14.00614622182465
BND,41.406250_-121.343750,14.00614622182564
BND,41.406250_-121.406250,14.00614622182285
BND,41.406250_-121.468750,14.006146221828196
BND,41.406250_-121.531250,14.006146221827377
BND,41.406250_-121.593750,14.006146221822094
BND,41.406250_-121.656250,14.006146221827857
BND,41.406250_-121.718750,14.006146221828907
BND,41.406250_-121.781250,14.006146221821917
BND,41.406250_-121.843750,14.006146221827755
BND,41.406250_-121.906250,14.006146221828976
BND,41.406250_-121.968750,14.006146221823082
BND,41.406250_-122.031250,14.006146221827578
BND,41.406250_-122.093750,14.000972029201444
BND,41.406250_-122.156250,11.356835657492475
BND,41.406250_-122.218750,7.074365293120356
BND,41.468750_-120.281250,13.294375429362507
BND,41.468750_-120.343750,13.992868645257682
BND,41.468750_-120.406250,13.992868645263265
BND,41.468750_-120.468750,13.992868645262721
BND,41.468750_-120.531250,13.992868645257184
BND,41.468750_-120.593750,13.992868645263417
BND,41.468750_-120.656250,13.992868645262071
BND,41.468750_-120.718750,13.992868645255841
BND,41.468750_-120.781250,13.992868645262911
BND,41.468750_-120.843750,13.99286864526351
BND,41.468750_-120.906250,13.992868645258039
BND,41.468750_-120.968750,13.992868645264396
BND,41.468750_-121.031250,13.992868645263096
BND,41.468750_-121.093750,13.992868645257362
BND,41.468750_-121.218750,13.992868645258396
BND,41.468750_-121.343750,13.992868645264595
BND,41.468750_-121.468750,13.99286864526241
BND,41.468750_-121.531250,13.992868645262366
BND,41.468750_-121.593750,13.992868645256623
BND,41.468750_-121.656250,13.992868645261806
BND,41.468750_-121.718750,13.992868645261122
BND,41.468750_-121.781250,13.992868645256083
BND,41.468750_-121.843750,13.992868645262774
BND,41.468750_-121.906250,10.971963482588148
BND,41.468750_-122.093750,1.0201457095327562
BND,41.531250_-120.343750,13.979574085649382
BND,41.531250_-120.406250,13.979574085654773
BND,41.531250_-120.468750,13.979574085655571
BND,41.531250_-120.531250,13.979574085651068
BND,41.531250_-120.593750,13.979574085656074
BND,41.531250_-120.656250,13.979574085656
BND,41.531250_-120.718750,13.979574085651679
BND,41.531250_-120.781250,13.979574085657472
BND,41.531250_-120.843750,12.749446100854481
BND,41.531250_-120.906250,9.369999892122976
BND,41.531250_-120.968750,13.979574085655976
BND,41.531250_-121.031250,10.732491509548344
BND,41.531250_-121.468750,13.97957408565671
BND,41.531250_-121.531250,13.97957408565723
BND,41.531250_-121.593750,13.979574085650913
BND,41.531250_-121.656250,13.979574085656212
BND,41.531250_-121.718750,13.635393765126677
BND,41.531250_-121.781250,10.341906289430002
BND,41.593750_-120.281250,9.857443132746496
BND,41.593750_-120.343750,13.966262557184086
BND,41.593750_-120.406250,13.966262557191234
BND,41.593750_-120.468750,13.966262557189589
BND,41.593750_-120.531250,13.966262557182127
BND,41.593750_-120.593750,13.966262557189324
BND,41.593750_-120.656250,13.966262557190015
BND,41.593750_-120.718750,13.9662625571832
BND,41.593750_-120.781250,13.871697365458125
BND,41.593750_-120.906250,3.6673108191450696
BND,41.593750_-120.968750,7.648997059924199
BND,41.593750_-121.531250,8.34953207263557
BND,41.593750_-121.593750,12.53043428575611
BND,41.656250_-120.343750,13.95293407410304
BND,41.656250_-120.406250,13.952934074107205
BND,41.656250_-120.468750,13.95293407410847
BND,41.656250_-120.531250,13.952934074103299
BND,41.656250_-120.593750,13.952934074108379
BND,41.656250_-120.656250,13.952934074108176
BND,41.656250_-120.718750,13.952934074103574
BND,41.656250_-120.781250,13.774515573458988
BND,41.718750_-120.281250,0.006011557936660359
BND,41.718750_-120.343750,1.7555941611972188
BND,41.718750_-120.406250,2.587506955244592
BND,41.718750_-120.468750,3.299789058803308
BND,41.718750_-120.531250,6.794746760327346
BND,41.718750_-120.593750,13.93958865064818
BND,41.718750_-120.656250,13.939588650648943
BND,41.718750_-120.718750,11.983215404364657
BND,41.781250_-120.531250,2.4185899159975492
BND,41.781250_-120.593750,12.435816055081746
BND,41.843750_-120.531250,0.06990311940898167
SHA,40.468750_-121.218750,1.3350627644637523
SHA,40.468750_-121.281250,7.718688875745378
SHA,40.468750_-121.343750,7.083877924016599
SHA,40.468750_-121.406250,1.6581560299684381
SHA,40.468750_-121.468750,5.753150881078208
SHA,40.468750_-121.531250,0.4705149337503844
SHA,40.531250_-121.281250,14.163915045565508
SHA,40.531250_-121.343750,14.19024117766992
SHA,40.531250_-121.406250,14.190241177663102
SHA,40.531250_-121.468750,14.190241177668574
SHA,40.531250_-121.531250,7.141451959869361
SHA,40.531250_-121.593750,0.13012429023215874
SHA,40.593750_-121.156250,10.524343812153809
SHA,40.593750_-121.218750,13.933715997893648
SHA,40.593750_-121.281250,14.177202841592443
SHA,40.593750_-121.343750,14.177202841591868
SHA,40.593750_-121.406250,14.177202841585977
SHA,40.593750_-121.468750,14.177202841593283
SHA,40.593750_-121.531250,14.177202841591658
SHA,40.593750_-121.593750,11.108356828120705
SHA,40.593750_-121.656250,0.025062736473755218
SHA,40.656250_-121.093750,9.154651921775729
SHA,40.656250_-121.156250,14.164147326136666
SHA,40.656250_-121.218750,14.164147326131845
SHA,40.656250_-121.281250,14.164147326138737
SHA,40.656250_-121.343750,14.164147326139583
SHA,40.656250_-121.406250,14.164147326132534
SHA,40.656250_-121.468750,14.164147326136872
SHA,40.656250_-121.531250,14.16414732613734
SHA,40.656250_-121.593750,14.164147326131564
SHA,40.656250_-121.656250,6.5055426472658535
SHA,40.656250_-121.718750,0.02313790594318879
SHA,40.718750_-121.156250,14.151074645182202
SHA,40.718750_-121.218750,14.151074645174457
SHA,40.718750_-121.281250,14.151074645180568
SHA,40.718750_-121.343750,14.151074645181053
SHA,40.718750_-121.406250,14.151074645177777
SHA,40.718750_-121.468750,14.151074645183375
SHA,40.718750_-121.531250,14.151074645180818
SHA,40.718750_-121.593750,14.151074645176212
SHA,40.718750_-121.656250,14.15107464518277
SHA,40.718750_-121.718750,11.056411253479297
SHA,40.718750_-121.781250,2.526329256865191
SHA,40.718750_-122.093750,1.378827163265532
SHA,40.718750_-122.156250,5.972542557075989
SHA,40.718750_-122.218750,5.67926278546416
SHA,40.718750_-122.281250,2.643183608738763
SHA,40.718750_-122.343750,2.780856821089589
SHA,40.718750_-122.406250,7.40382980991807
SHA,40.781250_-120.968750,13.917545596327745
SHA,40.781250_-121.031250,14.137984812618686
SHA,40.781250_-121.093750,14.101810348431004
SHA,40.781250_-121.156250,14.137984812618454
SHA,40.781250_-121.218750,14.137984812613567
SHA,40.781250_-121.281250,14.137984812619363
SHA,40.781250_-121.343750,14.137984812619028
SHA,40.781250_-121.406250,14.137984812611696
SHA,40.781250_-121.468750,14.137984812617528
SHA,40.781250_-121.531250,14.137984812619576
SHA,40.781250_-121.593750,14.137984812613547
SHA,40.781250_-121.656250,14.137984812618996
SHA,40.781250_-121.718750,14.137984812617825
SHA,40.781250_-121.781250,11.84335043026386
SHA,40.781250_-121.843750,5.112445628249884
SHA,40.781250_-121.906250,3.468824127047093
SHA,40.781250_-121.968750,3.212586457123241
SHA,40.781250_-122.031250,4.854756431997956
SHA,40.781250_-122.093750,13.209603421221226
SHA,40.781250_-122.156250,14.13798481261256
SHA,40.781250_-122.218750,14.137984812619484
SHA,40.781250_-122.281250,14.088224419153319
SHA,40.781250_-122.343750,14.137543153124282
SHA,40.781250_-122.406250,14.137984812619827
SHA,40.781250_-122.468750,14.13798481262079
SHA,40.781250_-122.531250,5.511979073644041
SHA,40.843750_-120.843750,6.198243887488041
SHA,40.843750_-120.906250,14.037029854845928
SHA,40.843750_-120.968750,14.124877842360215
SHA,40.843750_-121.031250,14.124877842360265
SHA,40.843750_-121.093750,14.124877842354257
SHA,40.843750_-121.156250,14.12487784236152
SHA,40.843750_-121.218750,14.12487784235641
SHA,40.843750_-121.281250,14.124877842360764
SHA,40.843750_-121.343750,14.124877842358742
SHA,40.843750_-121.406250,14.124877842354206
SHA,40.843750_-121.468750,14.124877842361602
SHA,40.843750_-121.531250,14.12487784236105
SHA,40.843750_-121.593750,14.124877842355064
SHA,40.843750_-121.656250,14.124877842360274
SHA,40.843750_-121.718750,14.124877842360474
SHA,40.843750_-121.781250,14.124877842354701
SHA,40.843750_-121.843750,14.124877842360508
SHA,40.843750_-121.906250,14.1248778423606
SHA,40.843750_-121.968750,14.12487784235434
SHA,40.843750_-122.031250,14.12487784235905
SHA,40.843750_-122.093750,14.124877842357717
SHA,40.843750_-122.156250,14.124877842353454
SHA,40.843750_-122.218750,14.124877842359828
SHA,40.843750_-122.281250,14.124877842358305
SHA,40.843750_-122.343750,14.124877842354358
SHA,40.843750_-122.406250,14.124877842361073
SHA,40.843750_-122.468750,14.124877842358737
SHA,40.843750_-122.531250,8.753808586040194
SHA,40.906250_-120.843750,9.993073219197314
SHA,40.906250_-120.906250,14.111753748349432
SHA,40.906250_-120.968750,14.111753748354536
SHA,40.906250_-121.031250,14.111753748353275
SHA,40.906250_-121.093750,14.111753748346846
SHA,40.906250_-121.156250,14.11175374835243
SHA,40.906250_-121.218750,14.111753748346553
SHA,40.906250_-121.281250,14.111753748352625
SHA,40.906250_-121.343750,14.111753748353253
SHA,40.906250_-121.406250,14.111753748347367
SHA,40.906250_-121.468750,14.111753748353223
SHA,40.906250_-121.531250,14.111753748353825
SHA,40.906250_-121.593750,14.11175374834693
SHA,40.906250_-121.656250,14.11175374835207
SHA,40.906250_-121.718750,14.111753748353966
SHA,40.906250_-121.781250,14.111753748347741
SHA,40.906250_-121.843750,14.111753748353143
SHA,40.906250_-121.906250,14.11175374835442
SHA,40.906250_-121.968750,14.111753748348235
SHA,40.906250_-122.031250,14.11175374835404
SHA,40.906250_-122.093750,14.111753748355474
SHA,40.906250_-122.156250,14.111753748349162
SHA,40.906250_-122.218750,14.111753748354262
SHA,40.906250_-122.281250,14.111753748355127
SHA,40.906250_-122.343750,14.11175374834895
SHA,40.906250_-122.406250,14.111753748353086
SHA,40.906250_-122.468750,14.111753748353816
SHA,40.906250_-122.531250,6.894510331796581
SHA,40.968750_-120.656250,7.914882009542538
SHA,40.968750_-120.781250,9.928171914721656
SHA,40.968750_-120.843750,13.942423735862713
SHA,40.968750_-120.906250,14.09861254454601
SHA,40.968750_-120.968750,14.098612544552338
SHA,40.968750_-121.031250,14.098612544553161
SHA,40.968750_-121.093750,14.098612544547802
SHA,40.968750_-121.156250,14.098612544554323
SHA,40.968750_-121.218750,14.09861254454841
SHA,40.968750_-121.281250,14.098612544553413
SHA,40.968750_-121.343750,14.098612544553793
SHA,40.968750_-121.406250,14.098612544548546
SHA,40.968750_-121.468750,14.09861254455209
SHA,40.968750_-121.531250,14.09861254455144
SHA,40.968750_-121.593750,14.09861254454869
SHA,40.968750_-121.656250,14.098612544554257
SHA,40.968750_-121.718750,14.098612544551722
SHA,40.968750_-121.781250,14.098612544546798
SHA,40.968750_-121.843750,14.0986125445533
SHA,40.968750_-121.906250,14.098612544551978
SHA,40.968750_-121.968750,14.098612544547894
SHA,40.968750_-122.031250,14.098612544554777
SHA,40.968750_-122.093750,14.098612544554374
SHA,40.968750_-122.156250,14.098612544548178
SHA,40.968750_-122.218750,14.098612544551415
SHA,40.968750_-122.281250,14.098612544550578
SHA,40.968750_-122.343750,14.098612544546222
SHA,40.968750_-122.406250,14.098612544552461
SHA,40.968750_-122.468750,14.0986125445533
SHA,40.968750_-122.531250,8.173558077988218
SHA,41.031250_-120.218750,4.182940702703663
SHA,41.031250_-120.343750,7.725699791013311
SHA,41.031250_-120.593750,9.668145616107358
SHA,41.031250_-120.656250,14.085454244958303
SHA,41.031250_-120.718750,14.085454244952247
SHA,41.031250_-120.781250,14.085454244956942
SHA,41.031250_-120.843750,14.085454244958294
SHA,41.031250_-120.906250,14.085454244952848
SHA,41.031250_-120.968750,14.085454244958628
SHA,41.031250_-121.031250,14.08545424495882
SHA,41.031250_-121.093750,14.085454244953777
SHA,41.031250_-121.156250,14.085454244958713
SHA,41.031250_-121.218750,14.085454244952098
SHA,41.031250_-121.281250,14.085454244958349
SHA,41.031250_-121.343750,14.085454244958978
SHA,41.031250_-121.406250,14.085454244953041
SHA,41.031250_-121.468750,14.085454244960653
SHA,41.031250_-121.531250,14.085454244961165
SHA,41.031250_-121.593750,14.085454244952977
SHA,41.031250_-121.656250,14.085454244959822
SHA,41.031250_-121.718750,14.085454244960337
SHA,41.031250_-121.781250,14.085454244954839
SHA,41.031250_-121.843750,14.085454244960601
SHA,41.031250_-121.906250,14.085454244958818
SHA,41.031250_-121.968750,14.085454244952293
SHA,41.031250_-122.031250,14.08545424495862
SHA,41.031250_-122.093750,14.085454244958708
SHA,41.031250_-122.156250,14.085454244953
SHA,41.031250_-122.218750,14.085454244959692
SHA,41.031250_-122.281250,14.08545424495953
SHA,41.031250_-122.343750,14.085454244953029
SHA,41.031250_-122.406250,14.08545424495914
SHA,41.031250_-122.468750,14.085454244959962
SHA,41.031250_-122.531250,6.380871728606269
SHA,41.093750_-120.218750,12.24223388039992
SHA,41.093750_-120.281250,14.072278863564488
SHA,41.093750_-120.343750,14.072278863560193
SHA,41.093750_-120.406250,13.638924342210265
SHA,41.093750_-120.468750,7.491408042603163
SHA,41.093750_-120.531250,9.350111824920308
SHA,41.093750_-120.593750,13.332850749683857
SHA,41.093750_-120.656250,14.072278863565247
SHA,41.093750_-120.718750,14.072278863561102
SHA,41.093750_-120.781250,14.072278863568641
SHA,41.093750_-120.843750,14.072278863567256
SHA,41.093750_-120.906250,14.072278863561868
SHA,41.093750_-120.968750,14.072278863567703
SHA,41.093750_-121.031250,14.07227886356708
SHA,41.093750_-121.093750,14.072278863560259
SHA,41.093750_-121.156250,14.072278863565398
SHA,41.093750_-121.218750,14.072278863560815
SHA,41.093750_-121.281250,14.072278863567304
SHA,41.093750_-121.343750,14.072278863567213
SHA,41.093750_-121.406250,14.072278863560648
SHA,41.093750_-121.468750,14.072278863564804
SHA,41.093750_-121.531250,14.072278863563755
SHA,41.093750_-121.593750,14.072278863559891
SHA,41.093750_-121.656250,14.072278863566222
SHA,41.093750_-121.718750,14.072278863566373
SHA,41.093750_-121.781250,14.07227886356051
SHA,41.093750_-121.843750,14.072278863565032
SHA,41.093750_-121.906250,14.07227886356599
SHA,41.093750_-121.968750,14.07227886356024
SHA,41.093750_-122.031250,14.072278863564698
SHA,41.093750_-122.093750,14.072278863564883
SHA,41.093750_-122.156250,14.072278863560268
SHA,41.093750_-122.218750,14.072278863566304
SHA,41.093750_-122.281250,14.072278863566524
SHA,41.093750_-122.343750,14.072278863561488
SHA,41.093750_-122.406250,14.072278863567266
SHA,41.093750_-122.468750,8.49739044403285
SHA,41.093750_-122.531250,2.708204206510569
SHA,41.156250_-120.156250,7.163658144262572
SHA,41.156250_-120.218750,14.059086414429423
SHA,41.156250_-120.281250,14.059086414429245
SHA,41.156250_-120.343750,14.059086414423158
SHA,41.156250_-120.406250,14.059086414428354
SHA,41.156250_-120.468750,14.059086414427721
SHA,41.156250_-120.531250,14.05908641442156
SHA,41.156250_-120.593750,14.059086414427531
SHA,41.156250_-120.656250,14.05908641442911
SHA,41.156250_-120.718750,14.0590864144224
SHA,41.156250_-120.781250,14.059086414427401
SHA,41.156250_-120.843750,14.059086414429142
SHA,41.156250_-120.906250,14.059086414422275
SHA,41.156250_-120.968750,14.059086414427519
SHA,41.156250_-121.031250,14.059086414427393
SHA,41.156250_-121.093750,14.05908641442102
SHA,41.156250_-121.156250,14.059086414427684
SHA,41.156250_-121.218750,14.05908641442272
SHA,41.156250_-121.281250,14.059086414427979
SHA,41.156250_-121.343750,14.059086414427629
SHA,41.156250_-121.406250,14.059086414421843
SHA,41.156250_-121.468750,14.059086414428688
SHA,41.156250_-121.531250,14.059086414429492
SHA,41.156250_-121.593750,14.059086414421898
SHA,41.156250_-121.656250,14.059086414428359
SHA,41.156250_-121.718750,14.059086414429633
SHA,41.156250_-121.781250,14.059086414423003
SHA,41.156250_-121.843750,14.059086414428963
SHA,41.156250_-121.906250,14.059086414428416
SHA,41.156250_-121.968750,14.059086414424243
SHA,41.156250_-122.031250,14.059086414431214
SHA,41.156250_-122.093750,14.059086414429395
SHA,41.156250_-122.156250,14.059086414421923
SHA,41.156250_-122.218750,14.059086414428037
SHA,41.156250_-122.281250,14.05908641443042
SHA,41.156250_-122.343750,14.05908641442384
SHA,41.156250_-122.406250,14.05908641442822
SHA,41.156250_-122.468750,5.173592746359465
SHA,41.218750_-120.156250,9.58981920933689
SHA,41.218750_-120.218750,14.045876911586806
SHA,41.218750_-120.281250,14.0458769115867
SHA,41.218750_-120.343750,14.045876911580718
SHA,41.218750_-120.406250,14.04587691158791
SHA,41.218750_-120.468750,14.045876911587397
SHA,41.218750_-120.531250,14.045876911580459
SHA,41.218750_-120.593750,14.045876911586621
SHA,41.218750_-120.656250,14.045876911587479
SHA,41.218750_-120.718750,14.045876911581916
SHA,41.218750_-120.781250,14.04587691158723
SHA,41.218750_-120.843750,14.045876911585442
SHA,41.218750_-120.906250,14.045876911580844
SHA,41.218750_-120.968750,14.045876911588325
SHA,41.218750_-121.031250,14.04587691158864
SHA,41.218750_-121.093750,14.045876911583626
SHA,41.218750_-121.156250,14.045876911587962
SHA,41.218750_-121.218750,14.045876911580738
SHA,41.218750_-121.281250,14.045876911586578
SHA,41.218750_-121.343750,14.045876911586923
SHA,41.218750_-121.406250,14.045876911582761
SHA,41.218750_-121.468750,14.045876911587593
SHA,41.218750_-121.531250,14.045876911587332
SHA,41.218750_-121.593750,14.045876911581582
SHA,41.218750_-121.656250,14.045876911585307
SHA,41.218750_-121.718750,14.045876911585813
SHA,41.218750_-121.781250,14.045876911580295
SHA,41.218750_-121.843750,14.04587691158566
SHA,41.218750_-121.906250,14.045876911586472
SHA,41.218750_-121.968750,14.045876911579976
SHA,41.218750_-122.031250,14.045876911584731
SHA,41.218750_-122.093750,14.045876911586504
SHA,41.218750_-122.156250,14.04587691158173
SHA,41.218750_-122.218750,14.045876911587035
SHA,41.218750_-122.281250,14.045876911585724
SHA,41.218750_-122.343750,14.045876911579526
SHA,41.218750_-122.406250,14.045876911586241
SHA,41.218750_-122.468750,13.92545189594846
SHA,41.218750_-122.531250,2.8115061592968265
SHA,41.281250_-120.218750,12.32083214227939
SHA,41.281250_-120.281250,14.03265036912862
SHA,41.281250_-120.343750,14.032650369122637
SHA,41.281250_-120.406250,14.03265036912788
SHA,41.281250_-120.468750,14.03265036912828
SHA,41.281250_-120.531250,14.032650369124127
SHA,41.281250_-120.593750,14.03265036912927
SHA,41.281250_-120.656250,14.032650369128223
SHA,41.281250_-120.718750,14.032650369122603
SHA,41.281250_-120.781250,14.03265036912789
SHA,41.281250_-120.843750,14.032650369127927
SHA,41.281250_-120.906250,14.032650369122404
SHA,41.281250_-120.968750,14.032650369127982
SHA,41.281250_-121.031250,14.032650369128275
SHA,41.281250_-121.093750,14.032650369123305
SHA,41.281250_-121.156250,14.032650369129534
SHA,41.281250_-121.218750,14.032650369123353
SHA,41.281250_-121.281250,14.032650369129255
SHA,41.281250_-121.343750,14.032650369128781
SHA,41.281250_-121.406250,14.032650369121964
SHA,41.281250_-121.468750,14.03265036912793
SHA,41.281250_-121.531250,14.032650369128891
SHA,41.281250_-121.593750,14.032650369124323
SHA,41.281250_-121.656250,14.032650369129323
SHA,41.281250_-121.718750,14.032650369128378
SHA,41.281250_-121.781250,14.03265036912338
SHA,41.281250_-121.843750,14.032650369129172
SHA,41.281250_-121.906250,14.032650369128776
SHA,41.281250_-121.968750,14.032650369123889
SHA,41.281250_-122.031250,14.032650369129398
SHA,41.281250_-122.093750,14.032650369128227
SHA,41.281250_-122.156250,14.032650369122608
SHA,41.281250_-122.218750,14.032650369127913
SHA,41.281250_-122.281250,14.032650369128804
SHA,41.281250_-122.343750,14.03265036912475
SHA,41.281250_-122.406250,14.032650369128218
SHA,41.281250_-122.468750,13.985303048220482
SHA,41.281250_-122.531250,1.842093341737947
SHA,41.343750_-120.218750,9.67463597230368
SHA,41.343750_-120.281250,14.019406801175146
SHA,41.343750_-120.343750,14.01940680116983
SHA,41.343750_-120.406250,14.019406801175666
SHA,41.343750_-120.468750,14.019406801176624
SHA,41.343750_-120.531250,14.019406801169211
SHA,41.343750_-120.593750,14.019406801175759
SHA,41.343750_-120.656250,14.019406801176029
SHA,41.343750_-120.718750,14.019406801169858
SHA,41.343750_-120.781250,14.019406801177317
SHA,41.343750_-120.843750,14.019406801176707
SHA,41.343750_-120.906250,14.019406801170447
SHA,41.343750_-120.968750,14.019406801176238
SHA,41.343750_-121.031250,14.019406801174751
SHA,41.343750_-121.093750,14.019406801168111
SHA,41.343750_-121.156250,14.019406801175343
SHA,41.343750_-121.218750,14.019406801170206
SHA,41.343750_-121.281250,14.019406801176144
SHA,41.343750_-121.343750,14.019406801175705
SHA,41.343750_-121.406250,14.019406801167952
SHA,41.343750_-121.468750,14.019406801174943
SHA,41.343750_-121.531250,14.019406801174915
SHA,41.343750_-121.593750,14.019406801168532
SHA,41.343750_-121.656250,14.019406801176288
SHA,41.343750_-121.718750,14.019406801175396
SHA,41.343750_-121.781250,14.019406801168584
SHA,41.343750_-121.843750,14.019406801175387
SHA,41.343750_-121.906250,14.01940680117504
SHA,41.343750_-121.968750,14.019406801168435
SHA,41.343750_-122.031250,14.01940680117503
SHA,41.343750_-122.093750,14.01940680117497
SHA,41.343750_-122.156250,14.019406801169636
SHA,41.343750_-122.218750,14.019406801177126
SHA,41.343750_-122.281250,14.019406801175524
SHA,41.343750_-122.343750,13.643928585821328
SHA,41.343750_-122.406250,11.348111762544649
SHA,41.406250_-120.281250,14.00614622182748
SHA,41.406250_-120.343750,14.006146221821513
SHA,41.406250_-120.406250,14.006146221826574
SHA,41.406250_-120.468750,14.006146221826668
SHA,41.406250_-120.531250,14.006146221821957
SHA,41.406250_-120.593750,14.006146221826462
SHA,41.406250_-120.656250,14.006146221827308
SHA,41.406250_-120.718750,14.006146221821675
SHA,41.406250_-120.781250,14.006146221825725
SHA,41.406250_-120.843750,14.006146221827313
SHA,41.406250_-120.906250,14.006146221821146
SHA,41.406250_-120.968750,14.006146221826087
SHA,41.406250_-121.031250,14.00614622182731
SHA,41.406250_-121.093750,14.006146221821503
SHA,41.406250_-121.156250,14.006146221826588
SHA,41.406250_-121.218750,14.006146221820128
SHA,41.406250_-121.281250,14.00614622182465
SHA,41.406250_-121.343750,14.00614622182564
SHA,41.406250_-121.406250,14.00614622182285
SHA,41.406250_-121.468750,14.006146221828196
SHA,41.406250_-121.531250,14.006146221827377
SHA,41.406250_-121.593750,14.006146221822094
SHA,41.406250_-121.656250,14.006146221827857
SHA,41.406250_-121.718750,14.006146221828907
SHA,41.406250_-121.781250,14.006146221821917
SHA,41.406250_-121.843750,14.006146221827755
SHA,41.406250_-121.906250,14.006146221828976
SHA,41.406250_-121.968750,14.006146221823082
SHA,41.406250_-122.031250,14.006146221827578
SHA,41.406250_-122.093750,14.000972029201444
SHA,41.406250_-122.156250,11.356835657492475
SHA,41.406250_-122.218750,7.074365293120356
SHA,41.468750_-120.281250,13.294375429362507
SHA,41.468750_-120.343750,13.992868645257682
SHA,41.468750_-120.406250,13.992868645263265
SHA,41.468750_-120.468750,13.992868645262721
SHA,41.468750_-120.531250,13.992868645257184
SHA,41.468750_-120.593750,13.992868645263417
SHA,41.468750_-120.656250,13.992868645262071
SHA,41.468750_-120.718750,13.992868645255841
SHA,41.468750_-120.781250,13.992868645262911
SHA,41.468750_-120.843750,13.99286864526351
SHA,41.468750_-120.906250,13.992868645258039
SHA,41.468750_-120.968750,13.992868645264396
SHA,41.468750_-121.031250,13.992868645263096
SHA,41.468750_-121.093750,13.992868645257362
SHA,41.468750_-121.218750,13.992868645258396
SHA,41.468750_-121.343750,13.992868645264595
SHA,41.468750_-121.468750,13.99286864526241
SHA,41.468750_-121.531250,13.992868645262366
SHA,41.468750_-121.593750,13.992868645256623
SHA,41.468750_-121.656250,13.992868645261806
SHA,41.468750_-121.718750,13.992868645261122
SHA,41.468750_-121.781250,13.992868645256083
SHA,41.468750_-121.843750,13.992868645262774
SHA,41.468750_-121.906250,10.971963482588148
SHA,41.468750_-122.093750,1.0201457095327562
SHA,41.531250_-120.343750,13.979574085649382
SHA,41.531250_-120.406250,13.979574085654773
SHA,41.531250_-120.468750,13.979574085655571
SHA,41.531250_-120.531250,13.979574085651068
SHA,41.531250_-120.593750,13.979574085656074
SHA,41.531250_-120.656250,13.979574085656
SHA,41.531250_-120.718750,13.979574085651679
SHA,41.531250_-120.781250,13.979574085657472
SHA,41.531250_-120.843750,12.749446100854481
SHA,41.531250_-120.906250,9.369999892122976
SHA,41.531250_-120.968750,13.979574085655976
SHA,41.531250_-121.031250,10.732491509548344
SHA,41.531250_-121.468750,13.97957408565671
SHA,41.531250_-121.531250,13.97957408565723
SHA,41.531250_-121.593750,13.979574085650913
SHA,41.531250_-121.656250,13.979574085656212
SHA,41.531250_-121.718750,13.635393765126677
SHA,41.531250_-121.781250,10.341906289430002
SHA,41.593750_-120.281250,9.857443132746496
SHA,41.593750_-120.343750,13.966262557184086
SHA,41.593750_-120.406250,13.966262557191234
SHA,41.593750_-120.468750,13.966262557189589
SHA,41.593750_-120.531250,13.966262557182127
SHA,41.593750_-120.593750,13.966262557189324
SHA,41.593750_-120.656250,13.966262557190015
SHA,41.593750_-120.718750,13.9662625571832
SHA,41.593750_-120.781250,13.871697365458125
SHA,41.593750_-120.906250,3.6673108191450696
SHA,41.593750_-120.968750,7.648997059924199
SHA,41.593750_-121.531250,8.34953207263557
SHA,41.593750_-121.593750,12.53043428575611
SHA,41.656250_-120.343750,13.95293407410304
SHA,41.656250_-120.406250,13.952934074107205
SHA,41.656250_-120.468750,13.95293407410847
SHA,41.656250_-120.531250,13.952934074103299
SHA,41.656250_-120.593750,13.952934074108379
SHA,41.656250_-120.656250,13.952934074108176
SHA,41.656250_-120.718750,13.952934074103574
SHA,41.656250_-120.781250,13.774515573458988
SHA,41.718750_-120.281250,0.006011557936660359
SHA,41.718750_-120.343750,1.7555941611972188
SHA,41.718750_-120.406250,2.587506955244592
SHA,41.718750_-120.468750,3.299789058803308
SHA,41.718750_-120.531250,6.794746760327346
SHA,41.718750_-120.593750,13.93958865064818
SHA,41.718750_-120.656250,13.939588650648943
SHA,41.718750_-120.718750,11.983215404364657
SHA,41.781250_-120.531250,2.4185899159975492
SHA,41.781250_-120.593750,12.435816055081746
SHA,41.843750_-120.531250,0.06990311940898167
SNS,37.906250_-120.468750,2.4203769857171724
SNS,37.906250_-120.531250,0.11105198089842985
SNS,37.968750_-120.406250,0.5999163863554785
SNS,37.968750_-120.468750,13.469928440806767
SNS,37.968750_-120.531250,10.646721492492897
SNS,37.968750_-120.593750,1.2504484345410312
SNS,38.031250_-120.218750,0.7982773391934895
SNS,38.031250_-120.281250,1.8687232226825417
SNS,38.031250_-120.343750,2.725476151037664
SNS,38.031250_-120.406250,11.4527978181519
SNS,38.031250_-120.468750,14.697531240059977
SNS,38.031250_-120.531250,14.697531240055335
SNS,38.031250_-120.593750,8.0203748095776
SNS,38.093750_-120.093750,0.24405654134059665
SNS,38.093750_-120.156250,9.315161692067646
SNS,38.093750_-120.218750,14.519988882742359
SNS,38.093750_-120.281250,14.685191179852213
SNS,38.093750_-120.343750,14.685191179846068
SNS,38.093750_-120.406250,14.68519117985165
SNS,38.093750_-120.468750,14.666371063558726
SNS,38.093750_-120.531250,9.380349861128915
SNS,38.093750_-120.593750,0.4308034823777448
SNS,38.156250_-119.968750,0.057197250895080286
SNS,38.156250_-120.031250,3.146420432785494
SNS,38.156250_-120.093750,11.328629237457818
SNS,38.156250_-120.156250,14.683818519009938
SNS,38.156250_-120.218750,14.672833404907827
SNS,38.156250_-120.281250,14.672833404908335
SNS,38.156250_-120.343750,14.607475455657731
SNS,38.156250_-120.406250,10.655208915519909
SNS,38.156250_-120.468750,5.047661885633653
SNS,38.218750_-119.656250,7.5793320116942535
SNS,38.218750_-119.718750,9.814653113319288
SNS,38.218750_-119.781250,8.630200116558933
SNS,38.218750_-119.843750,11.196027291892559
SNS,38.218750_-119.906250,12.599360567161972
SNS,38.218750_-119.968750,13.796715091076042
SNS,38.218750_-120.031250,14.542358246455287
SNS,38.218750_-120.093750,14.64945009494161
SNS,38.218750_-120.156250,14.66045792814096
SNS,38.218750_-120.218750,14.660457928147316
SNS,38.218750_-120.281250,14.634450907394518
SNS,38.218750_-120.343750,12.966442368859756
SNS,38.218750_-120.406250,0.1315384477746418
SNS,38.281250_-119.656250,11.822893979205439
SNS,38.281250_-119.718750,14.638970770114096
SNS,38.281250_-119.781250,14.672438190857525
SNS,38.281250_-119.843750,14.626821426133539
SNS,38.281250_-119.906250,14.651511709192778
SNS,38.281250_-119.968750,14.648064762506197
SNS,38.281250_-120.031250,14.648064762512162
SNS,38.281250_-120.093750,14.677233852323598
SNS,38.281250_-120.156250,14.666528017347241
SNS,38.281250_-120.218750,14.645895338802077
SNS,38.281250_-120.281250,9.983334136295596
SNS,38.281250_-120.343750,1.7414953264829494
SNS,38.343750_-119.656250,11.308373023736547
SNS,38.343750_-119.718750,14.635653920991512
SNS,38.343750_-119.781250,14.635653920985638
SNS,38.343750_-119.843750,14.641871278590736
SNS,38.343750_-119.906250,14.645858132617686
SNS,38.343750_-119.968750,14.643645580413068
SNS,38.343750_-120.031250,14.630357398760575
SNS,38.343750_-120.093750,14.634152253742409
SNS,38.343750_-120.156250,14.637115335583298
SNS,38.343750_-120.218750,10.364413608416916
SNS,38.343750_-120.281250,0.2928914328300862
SNS,38.406250_-119.718750,14.623225416551476
SNS,38.406250_-119.781250,14.623225416544184
SNS,38.406250_-119.843750,14.6271173922649
SNS,38.406250_-119.906250,14.636154433691885
SNS,38.406250_-119.968750,14.642466295958876
SNS,38.406250_-120.031250,14.639198490545741
SNS,38.406250_-120.093750,14.623225416548355
SNS,38.406250_-120.156250,9.200271057754124
SNS,38.406250_-120.218750,0.4256330593336416
SNS,38.468750_-119.781250,10.471463857038206
SNS,38.468750_-119.843750,14.241673357977977
SNS,38.468750_-119.906250,12.75237979576026
SNS,38.468750_-119.968750,14.612928024157695
SNS,38.468750_-120.031250,12.7654878404039
SNS,38.468750_-120.093750,5.829577069916804
SNS,38.468750_-120.156250,0.2505387173057904
SNS,38.531250_-119.843750,0.4518875796677733
SNS,38.531250_-119.906250,1.8198662175085782
SNS,38.531250_-119.968750,2.2170163450981697
SNS,38.531250_-120.031250,0.1349576123266928
