,7_calsim,7_calsim,dPL-CalSim,dPL-CalSim
,kge_product_holdout,kge_product_early,kge_product_holdout,kge_product_early
arc,,,,
I_ALD002,0.895894081771373,0.7335861168776573,0.8600868049856976,0.7588636466211972
I_ALD004,0.8742426731902428,0.7621181618481027,0.8466613579472312,0.763513123508253
I_ALMNR,0.6191300700487976,0.7276490178194308,0.7803335713756503,0.814765785111378
I_ALOHA,0.7052147900714735,0.7145276628384952,0.6808935251599832,0.770787920147074
I_AMADR,0.6503161991346934,0.5969593851452032,0.5215716588019346,0.48475134380382057
I_ANG017,0.0688726971161252,0.6471352969720784,-0.2216087901352477,0.5982643303375914
I_ANT011,0.8877678381236505,0.6371719733802963,0.9290186509436712,0.7040282433011751
I_ANTLP,0.6049033591218265,0.6980531437330186,0.5497975011626677,0.7142995957596407
I_BANOS,0.3169004705649421,0.7424373817845544,-0.14432944262557745,0.023124921227703155
I_BCC014,0.9130682153277445,0.7069175723946446,0.9058632367861139,0.7024704492532358
I_BCK040,0.6884163900173379,0.7811708507631308,0.8332997222755534,0.6386207367896468
I_BCN010,0.7539570573745775,0.3924032947908259,0.6861236360615319,0.32320803298496625
I_BEARD,0.7828801421628816,0.7668177331746417,0.8008711446991535,0.7585905399516157
I_BLKBT,0.9222359110063112,0.7875609258808633,0.969244841132227,0.7518568280934206
I_BOWMN,0.8842565734822309,0.8096780282714606,0.842240272173905,0.8010133629493501
I_BRC003,0.49134465008422457,0.8508569758305051,0.46640686334215176,0.8250221649914649
I_BRR023,0.9141829210359831,0.8955433306668356,0.8806116280361184,0.8567346342655686
I_BSH003,0.7874172937660321,0.7322819803495072,0.7914908259514808,0.7192468211650193
I_BTC048,0.8824049854165649,0.7959256653785847,0.9050527597652478,0.8269667114050612
I_BTL006,0.6249166629232037,0.8516796665958775,0.6894464000176046,0.8322630492633665
I_BTVLY,0.72397357800534,0.8762688518195343,0.6828301117556687,0.8005357039864102
I_BUCKS,0.9092559706883446,0.851692076144441,0.8617306835743661,0.887506618972673
I_BUR005,0.5021200377478615,0.8246515095924984,0.691420442007405,0.7780368939989468
I_BVC007,0.817460284390553,0.8741911058327135,0.8155496103267139,0.8761810880591727
I_CAP000,-0.3251677306952423,-0.18729937099470395,-0.5358425729220766,-0.5389066676906236
I_CAPLS,0.7282238779519715,0.7387410173929547,0.8247134805551192,0.8345270944178161
I_CCH053,0.5257894659640239,0.09731758117458189,0.4286368854062341,-0.027664028823859876
I_CFS001,0.9002517592253658,0.49741191599586,0.9227985284202567,0.5586331080729817
I_CHC000,0.12189689776533208,0.31845247869189297,0.41113744450943457,0.7102680774451935
I_CHW031,0.5241249472863662,0.19374967075895844,0.785491075438988,0.33561576709903884
I_CLR011,0.6792502676318584,0.3364777425083729,0.6630853751809802,0.34963215534113257
I_CLRLK,0.7293875721062916,0.3907661184165351,0.6945909207992781,0.34928575665512507
I_CLV026,0.866759586713357,0.661849104784365,0.7333932340996456,0.4657479558283213
I_CMBIE,0.948471122212141,0.9136026707797336,0.8655247345739241,0.84290186435797
I_CMCHE,0.7123789727834037,0.5724185770631619,0.8377832334394579,0.7700347733047112
I_CMP001,0.8931320261708485,0.784136126606152,0.8692652887862287,0.7411327255463633
I_CMP014,0.8031845981122437,0.735735828004583,0.8244403711120105,0.758352872383859
I_CMPFW,0.8338986629671479,0.6068624622526888,0.8899865448826157,0.7632124316949872
I_COL003,0.9437185745481942,0.8809944996747997,0.9415649124901009,0.9065753007581968
I_COT033,0.7859931442255894,0.8719504823756191,0.8734061980773273,0.8475272274764267
I_COW014,0.7843733800577429,0.21878532197102274,0.7955882483597341,0.35544057137872387
I_CSM035,0.831788540499184,0.8836850684687962,0.8430219592891833,0.8617048927997584
I_CWD018,0.9137769299451729,0.8734836380384262,0.8962961792255746,0.867896340735087
I_CYN009,0.917260900556476,0.831390460122686,0.8883348082106273,0.8020393073434269
I_DAVIS,0.8347506181548837,0.8673741114541994,0.7743999057657234,0.8580846401808165
I_DBC024,0.8925543421575343,0.5568257275502995,0.5732432427679177,0.5132816893924165
I_DCC010,0.8378340765868093,0.8471404163936649,0.8272289781345805,0.9099347271453684
I_DCM027,0.5422460897051173,0.05164832411198372,0.5055146418699242,0.2937966624561529
I_DCT050,0.5251310386293924,0.544190161806447,0.5582119099362829,0.4955210012805624
I_DED044,0.4538236721566731,0.15168606680485386,0.8608644880680055,0.5018697565657568
I_DEE023,0.8728421305876997,0.7843874711760266,0.8052662208027672,0.8579182990901945
I_DER001,0.9010157625498699,0.7535956960610566,0.915131156861762,0.7755835245771207
I_DER004,0.8469917323218603,0.8659783360563528,0.8646323072085923,0.8590738940628263
I_DHC021,0.5825796148149356,0.18019548275459707,0.6564744708336362,0.3033701374218659
I_DONLL,0.9196880820454781,0.8741284504170324,0.8941982015619837,0.8136936232623084
I_DPC008,0.05685123854656193,-0.02461821423095767,0.034201053265736414,-0.01440065775686672
I_DRC012,0.8985996988589943,0.5634617469969456,0.9303383705836967,0.6200427178560959
I_DSC035,0.8382212623137575,0.89512969859394,0.7936291412027292,0.8789043788658062
I_EBF001,0.9557107763585004,0.827554873670517,0.9603009543680834,0.8062651227074313
I_ECHOL,0.7040064346485668,0.5145445189758807,0.5424320559056968,0.28440213710870843
I_ELD027,0.6439737893060431,0.608150431403707,0.6346338718478324,0.6240327435701631
I_ELENR,0.872950932020158,0.9591062853109741,0.8432584042583555,0.9241413371850563
I_ENGLB,-0.07315131269753183,0.6122205716779474,-0.21842407433064648,0.5939094523561903
I_EPARK,0.8994753933275372,0.9013396200191478,0.9048561789200508,0.8949268599476617
I_ESTMN,0.8178565242230311,0.8093839453540541,0.8670783343009479,0.8531426738608148
I_FOLSM,0.5766657334924205,0.6940258529567946,0.5939678892236631,0.7276028416002642
I_FRDYC,0.9025756789258016,0.7086858702981287,0.8899153041597865,0.7270326810716281
I_FRMAN,0.8078661291544184,0.3634890880312869,0.7371875490673507,0.6104798410559151
I_FRMDW,0.775030101756089,0.8953228357150755,0.7754402942039351,0.8771285546210621
I_FRNCH,0.7286782900196941,0.732062955609692,0.5348885650676707,0.654826621986102
I_FRS046,0.8398485895809724,0.7482191904105178,0.7374020817665947,0.7368977190374997
I_GERLE,0.827547544962116,0.8577167826739821,0.814397304787579,0.8683164713450001
I_GRZ012,0.6816503737258546,0.704296433492938,0.23617645436853973,0.289253488411202
I_GZL009,0.8986480967617922,0.9011437779664682,0.8072382842836581,0.8669333181390743
I_HHOLE,0.8393140292167081,0.943589663613385,0.8437926053230747,0.9272145751738187
I_HNSLY,0.751107052044064,0.8719127401211028,0.7035908834028654,0.8936848180688782
I_HON021,0.6187854853034531,0.7251447630655561,0.5983281477657343,0.7324895904356061
I_HTCHY,0.8799233274961059,0.7983674612209318,0.8972465848930867,0.7769912130130517
I_ICEHS,0.9420333418865517,0.8155271085763977,0.9460842794443585,0.8131254103524778
I_INDVL,0.6298567717222257,0.715526048052646,0.711905734378254,0.7880204429114954
I_ING008,-0.10372480829954234,-0.07387494697821939,-0.2470898071506833,-0.23105921207694635
I_JKSMD,0.8299855218712993,0.8733686980964723,0.8197256244062483,0.8817662869016745
I_JNKSN,0.8989171491563155,0.712210772671142,0.9097225612327362,0.6784373734037261
I_LCBRF,0.923687665019418,0.7917917509547782,0.9306046136004754,0.8200102802952312
I_LCC038,0.8714250840118636,0.9057924790464025,0.8855037870993576,0.8855003560857664
I_LDC029,0.829325488660803,0.7782644708274806,0.8298123376593303,0.77528025454157
I_LGRSV,0.9103604871771813,0.7187454721432746,0.8788513781319032,0.749609222885204
I_LJC022,0.4474470705071987,0.23526592969018534,0.37940969022139237,0.11111437319192818
I_LKVLY,0.7220559493520129,0.7082117525614854,0.7189448054655073,0.6797159971175933
I_LLOYD,0.9232426911138996,0.9519947927499809,0.9356869725609336,0.9502370558998513
I_LNG012,0.625422002764223,0.644771333925379,0.6003716740452127,0.6618308343225637
I_LOONL,0.7865939130847985,0.8816934676051921,0.7862075584375992,0.8823688935647247
I_LOSVQ,0.68105873180034,-0.32449260504835187,-0.00802540630037285,-1.8551428974599404
I_LPC007,-0.2977261322293254,-0.14463247615591235,-0.48075745717195395,-0.4939420651349766
I_LRB004,0.8036514955573869,0.8718093545370196,0.7322042323738482,0.8338645594143419
I_LWSTN,0.21278195959694246,0.5074115169592066,0.15070283503465898,0.3820253486887444
I_LYONS,0.38957032674228487,0.835165693516191,0.490735481663124,0.8269858824645717
I_MCD055,0.8852863310222596,-0.16135009183102067,0.7960050698803911,0.12346283015967141
I_MCLRE,0.9492740768597842,0.8468149246648802,0.9301730748793879,0.8914235533733237
I_MERLC,0.2494431594183123,0.722312120142937,0.24725777271131222,0.7250594504661632
I_MFA001,0.6497266647513552,0.25741033283399006,0.6456048795427115,0.22971612665889685
I_MFA023,0.5537986281255283,0.5617779025431187,0.5572326139934705,0.5236858029566338
I_MFA025,0.5491533813066646,0.47251022479261273,0.5531065113693133,0.46593580252412614
I_MFA036,0.9026156132446878,0.8144943223594487,0.8526725970278434,0.7868623598319923
I_MFF019,0.9485498360653782,0.7399959125072164,0.9433595826067147,0.7887009833716863
I_MFF087,0.6286856310680389,0.7736296248537616,0.6475445183036068,0.7701977763003851
I_MFM008,0.8543033462741114,0.9097057388571551,0.9064811356609231,0.9236699701877427
I_MFS013,0.7758638389412161,0.7546359448913584,0.7719677960962174,0.7137436147850832
I_MFS022,0.8895501394491513,0.9074172230055312,0.929480935593573,0.8837699582878309
I_MFS047,0.8826390288591645,0.8443200122164889,0.9244616012404869,0.9035291807776511
I_MFY013,0.7815463622392557,0.7182353338741994,0.8051766183425163,0.746007161382235
I_MIL003,0.6960318653248929,0.8423790569645727,0.781876072911811,0.7999303683478993
I_MLC006,0.8333234541376077,0.5918583302167353,0.8718069676680783,0.6568263294261527
I_MLRTN,0.8466589540917244,0.9310837142225961,0.8634292918669768,0.920496210402458
I_MNS000,0.9251250233892394,0.5432347597142508,0.9672439308435911,0.5969774177867135
I_MOK079,0.8669311366345042,0.7813324916407713,0.821133277867063,0.7356701910447545
I_MPS038,0.3926725933548114,0.21070914131689256,0.4231617182024606,0.2044053465809752
I_MSH015,0.28404462261429464,0.2782301826593261,0.30555486645807106,0.2894355012253822
I_MTMDW,0.5603928677720013,0.6304762330235363,0.6643743081446665,0.6628498934799526
I_NBLDB,0.7733857892636502,0.5739455086630342,0.7564584773736913,0.5453964942527809
I_NFA016,0.7825279061983341,0.7157770636106564,0.6375136211528702,0.6502654193816866
I_NFA022,0.7435849469488058,0.6610313095711289,0.8131408558597628,0.754981990434399
I_NFA054,0.8499484310473695,0.8642403709335829,0.8552822094041845,0.9178919047702128
I_NFF029,0.774600291845567,0.8239655921011004,0.7171306301166747,0.8843708071277939
I_NFM010,0.8193541531240167,0.7517979436676708,0.8085959800083661,0.7674521071545303
I_NFS005,0.6702154889049112,0.7146902564703024,0.731671749261182,0.6728631092424328
I_NFS009,0.9113381014987892,0.8781451567426765,0.8949343788012495,0.8192608748518226
I_NFS033,0.9011350954546388,0.7712719157794634,0.9141264263551752,0.775747191470368
I_NFY029,0.9368287343795214,0.7621898748975708,0.9627993679927124,0.7679216424707284
I_NHGAN,0.9164502556365342,0.8240116889153496,0.9348975476660348,0.6793677385567863
I_NLC003,0.7160921025387861,0.8665089682730776,0.6940157903971462,0.8361198487083317
I_NMA003,0.8253803571677152,0.7757850337933235,0.764630646256705,0.7544598658950001
I_NNA013,0.7368889841607169,0.6981837215857079,0.7382560009426493,0.6502409635913775
I_OGN005,0.7756326432737256,0.8201219203552448,0.8064273802906259,0.8489511936183209
I_ORG000,-0.29380689453633346,-0.020392701571972482,-0.4676683481859525,-0.49065118702200716
I_OROVL,0.8871930250810317,0.6944322083599155,0.8669215191591461,0.6737206685494324
I_ORT014,0.384542729314466,0.22886618751445853,0.14827667679419687,0.03636491200830805
I_OWN040,0.7816035719998001,0.7708081284902332,0.8411342640527264,0.8322817171259367
I_PARDE,0.7165676374892299,0.43305259755475645,0.8670267935544511,0.6898222570745343
I_PCRST,0.9273195447119906,0.9483818389657902,0.88941681340117,0.9462599140088591
I_PEDRO,0.9365766586720372,0.9549895041742543,0.8726162343747336,0.9605476520871616
I_PLC007,0.7357237003116461,0.7117524944797411,0.7115369351785399,0.6537292514260746
I_PLM001,0.7052526470150504,0.6901029302502473,0.6779009875529832,0.7019789774628603
I_PTH070,0.8267654030032682,0.7416889465309876,0.8633951956681984,0.7787977008818443
I_PYN001,0.8384165213536757,0.8303455761002327,0.8458829737797042,0.7843322847617399
I_PYR001,0.7675556253270244,0.6869699313187528,0.6746495400571253,0.6459744773057636
I_QNT005,0.5212529752801122,0.43371767481974277,0.12224251832565158,0.5923175763374411
I_RCK001,0.8634574283284832,0.7345801280163451,0.8469800457167388,0.727652430470753
I_RLIEF,0.8870627715680722,0.892283472501247,0.866132353303744,0.8992247302993746
I_RLLNS,0.9216587776489008,0.9192778548617151,0.878469881715968,0.8872250001393734
I_RUB047,0.9013017677272609,0.8781680548473586,0.7646696920071245,0.7555084536845
I_RVPHB,0.7641720290417346,0.4893427593080085,0.8262786865310987,0.6123128231566858
I_SCOTF,0.9121895317047211,0.8741141191802894,0.8335029716628298,0.8851265306862358
I_SCW008,0.17972997854049866,-0.04867582455012465,0.20475898488679378,-0.005340372775101798
I_SFA030,0.66086770059463,0.4062091905738714,0.695765532731455,0.37049227353734393
I_SFA040,0.6925087523182769,0.7659752282128393,0.6878847487204619,0.8559277046524343
I_SFA066,0.9266691705885297,0.7920254624402068,0.9428666098867019,0.8247247090621259
I_SFA076,0.8400560189912241,0.7773274853612908,0.8640101456441024,0.7968115955827851
I_SFD003,0.9225424958489621,0.8171281079902846,0.7986288736655955,0.9016750206469284
I_SFF008,0.7473654910162617,0.48384222338422456,0.8949538487016112,0.38766288593312126
I_SFF011,0.7078657207749107,0.48665800512367585,0.751807386273282,0.48484860592637724
I_SFM005,0.9778952899781792,0.8934359487412399,0.9709056675724428,0.8941901981888948
I_SFR006,0.8939106531165544,0.8537148375635354,0.8354118625639073,0.8050572269052306
I_SFS030,0.5904339534626798,0.8035520488189737,0.5897198025639876,0.8173467434774508
I_SFS033,0.8546980024573937,0.9337868979511422,0.8560276215092518,0.9279578616805855
I_SFY007,0.9179600863548423,0.7889337933063472,0.9615229158795882,0.8259858875715703
I_SFY048,0.9442464049165167,0.8222612844172426,0.9714603786394753,0.8030661768941807
I_SGRGE,0.9620749645066381,0.7038188706025695,0.9409354136784085,0.7186250655755773
I_SHSTA,0.8958182792943055,0.7319191102567296,0.8852147220581066,0.7348993359135012
I_SILVR,0.9672411233285915,0.9185228248914349,0.9380350217143429,0.9032184507654492
I_SLC003,0.6132005972445085,0.8189412659579007,0.650753802653771,0.7857307315952531
I_SLF009,0.859362334962907,0.8458260373604559,0.8661110339280779,0.8473920446993666
I_SLO007,0.3251624281087252,0.4089912852487262,0.4746711697057546,0.6402682302730093
I_SLT009,0.8849884695724363,0.6444371905128009,0.9203427358598906,0.6503282949236167
I_SLTSP,0.8749185429809886,0.6841523290667348,0.8047818858413684,0.6668641888323871
I_SLUIS,0.02368155943390493,-2.411332532817937,0.6966144291966996,-0.37919439260871757
I_SLV006,0.8019852625756788,0.7053981582107243,0.8015862127463356,0.6218451260654076
I_SLV015,0.8096717598701054,0.6621708123298996,0.7737514205007845,0.5827076841367907
I_SLYCK,0.894746438211818,0.5573305692713075,0.9392988233450135,0.5551876719436106
I_SPICE,0.8687541068467215,0.7251332835718475,0.8395846615440968,0.7329889904557465
I_SPLDG,0.7778971492339924,0.8432895983015873,0.7795468831697974,0.8500485967150879
I_STMPY,0.7248626234559684,0.7004034102415386,0.6731794227479605,0.6369548515122215
I_STS059,0.6836967976136448,0.46608361797177533,0.5910092848779216,0.3073447906635942
I_STS072,0.6786237644720847,0.8181554458885671,0.686338041889985,0.8143902203385709
I_TGC003,0.72770738028171,0.6495792355317289,0.7936995368959187,0.7178618016291557
I_THM028,0.9189178592383032,0.9038190074224127,0.9130569478488143,0.9029208136000548
I_TRNTY,0.9125010356367896,0.26699590013293006,0.9414221204077567,0.20769716459373744
I_TULOC,0.4094727132848809,0.8399101970022129,0.6913565383326578,0.7239720426270373
I_UBEAR,0.8687428490149808,0.8731767439423496,0.856686316890947,0.8830116852661555
I_UNVLY,0.9442518585409131,0.7272787648462604,0.9220542805283298,0.7193208632319026
I_WBF006,0.9395408640390364,0.8677416714364381,0.9329043228085727,0.8936957262949309
I_WBF015,0.9324096100686374,0.8529583000127774,0.924868523364758,0.8087959639952135
I_WBF030,0.9298678109134736,0.7456548563352481,0.9653294224958463,0.710710656379923
I_WBR001,0.8142430450281486,0.882114881134492,0.7798879291272278,0.7953169658462902
I_WKYTN,0.9263845948670069,0.8770710217161921,0.9340940700033823,0.8464271261749046
I_WLF013,0.8914468292612004,0.9221572093121871,0.8569425690084155,0.8947622591454368
