run,set,entity_id,kge,where
2_grid,usgs,usgs_11196400,-1.8224741461831524,outside
2_grid,usgs,usgs_11197250,-4.653608600955191,outside
2_grid,usgs,usgs_11199500,-1.4913786565631648,outside
2_grid,usgs,usgs_11209900,0.890211740408294,inside
2_grid,usgs,usgs_11213500,0.9199400715694104,inside
2_grid,usgs,usgs_11214000,0.8476241358272354,inside
2_grid,usgs,usgs_11218500,0.8529968642266661,inside
2_grid,usgs,usgs_11224500,-1.4046052019590696,outside
2_grid,usgs,usgs_11226500,0.7714532589184433,inside
2_grid,usgs,usgs_11230500,0.5260667808241036,inside
2_grid,usgs,usgs_11237500,0.7449562691157894,inside
2_grid,usgs,usgs_11253310,0.4939085489126205,outside
2_grid,usgs,usgs_11264500,0.5482467531546961,inside
2_grid,usgs,usgs_11266500,0.7268115094019114,inside
2_grid,usgs,usgs_11269300,0.7401454736624679,inside
2_grid,usgs,usgs_11274500,0.10253258434796875,outside
2_grid,usgs,usgs_11274630,0.2789553112595594,outside
2_grid,usgs,usgs_11275000,0.8182159960380889,inside
2_grid,usgs,usgs_11281000,0.8180657720069447,inside
2_grid,usgs,usgs_11282000,0.3263261342388919,inside
2_grid,usgs,usgs_11283500,0.616032598367425,inside
2_grid,usgs,usgs_11284400,0.49732595550560266,inside
2_grid,usgs,usgs_11292500,0.23624622241328175,inside
2_grid,usgs,usgs_11294000,0.7803602532242924,inside
2_grid,usgs,usgs_11294500,0.784287064044692,inside
2_grid,usgs,usgs_11299600,0.5235141331176597,inside
2_grid,usgs,usgs_11315000,0.5635629951392465,inside
2_grid,usgs,usgs_11316800,0.6045072438768186,inside
2_grid,usgs,usgs_11318500,0.807441528634807,inside
2_grid,usgs,usgs_11334300,0.7226601388045758,partial
2_grid,usgs,usgs_11337500,0.44877494831747955,outside
2_grid,usgs,usgs_11341400,0.7300744217588897,inside
2_grid,usgs,usgs_11371000,0.6871472996577142,inside
2_grid,usgs,usgs_11374000,0.8598501229795826,inside
2_grid,usgs,usgs_11375700,0.5306367337998574,inside
2_grid,usgs,usgs_11379000,0.6915302008272846,outside
2_grid,usgs,usgs_11390672,0.2883650209685281,outside
2_grid,usgs,usgs_11394500,0.8703248374737986,inside
2_grid,usgs,usgs_11396400,-0.39112151677707185,inside
2_grid,usgs,usgs_11408850,0.493799196402515,inside
2_grid,usgs,usgs_11409300,0.6163446976852816,inside
2_grid,usgs,usgs_11413100,0.8688120431470923,inside
2_grid,usgs,usgs_11414000,0.8698063509663232,inside
2_grid,usgs,usgs_11426150,0.5769837931010886,inside
2_grid,usgs,usgs_11427700,0.5816237577340133,inside
2_grid,usgs,usgs_11433260,0.4888637105057957,inside
2_grid,usgs,usgs_11449500,0.5996054366204716,outside
2_grid,usgs,usgs_11451100,0.5772671376491595,outside
2_grid,usgs,usgs_11523200,0.5620554154484458,partial
2_grid,uf,uf_02,0.6763686185391129,outside
2_grid,uf,uf_03,0.6596488343828737,outside
2_grid,uf,uf_04,0.6806087944244641,outside
2_grid,uf,uf_06,0.8731047689280184,inside
2_grid,uf,uf_07,0.6273839013044258,partial
2_grid,uf,uf_10,0.8120620954763811,partial
2_grid,uf,uf_13,0.7817067908576886,partial
2_grid,uf,uf_20,0.6115565833440354,partial
2_grid,uf,uf_21,0.8816335719160618,partial
2_grid,arcs,cs_I_ALMNR,0.37178186436474614,inside
2_grid,arcs,cs_I_ANT011,0.5963472246794057,outside
2_grid,arcs,cs_I_ANTLP,-0.009431265581487658,inside
2_grid,arcs,cs_I_BCC014,0.6220260003699019,outside
2_grid,arcs,cs_I_BCK040,0.548404132120508,partial
2_grid,arcs,cs_I_BCN010,0.7955879459546548,inside
2_grid,arcs,cs_I_BTL006,0.09077461929443753,inside
2_grid,arcs,cs_I_BUCKS,0.7220803724102539,inside
2_grid,arcs,cs_I_BVC007,0.9091501984993267,inside
2_grid,arcs,cs_I_CAPLS,0.682002252626249,inside
2_grid,arcs,cs_I_CFS001,0.4313964403834324,inside
2_grid,arcs,cs_I_CMP001,0.6211559020899831,partial
2_grid,arcs,cs_I_CMP014,0.6314606205503226,partial
2_grid,arcs,cs_I_COL003,0.6185119862772546,inside
2_grid,arcs,cs_I_CSM035,0.7493264974081495,partial
2_grid,arcs,cs_I_CWD018,0.7581278511460046,inside
2_grid,arcs,cs_I_DAVIS,0.3885973845588664,inside
2_grid,arcs,cs_I_DCC010,0.5205285485159303,inside
2_grid,arcs,cs_I_DCM027,0.4543252091992288,partial
2_grid,arcs,cs_I_DEE023,0.5509505428865401,partial
2_grid,arcs,cs_I_DRC012,0.08764942522776575,partial
2_grid,arcs,cs_I_EBF001,0.9193879474896247,inside
2_grid,arcs,cs_I_ELD027,0.5200433107416884,outside
2_grid,arcs,cs_I_FRDYC,0.8013994512428455,inside
2_grid,arcs,cs_I_FRMAN,-0.02499562646247311,inside
2_grid,arcs,cs_I_FRMDW,0.7109947484499928,inside
2_grid,arcs,cs_I_GZL009,0.8077951766791941,inside
2_grid,arcs,cs_I_HHOLE,0.6738062848366855,inside
2_grid,arcs,cs_I_HON021,0.7597481414133263,partial
2_grid,arcs,cs_I_ICEHS,0.6049978999139229,inside
2_grid,arcs,cs_I_JKSMD,0.5864685681434164,inside
2_grid,arcs,cs_I_JNKSN,0.9037914042101174,partial
2_grid,arcs,cs_I_LCC038,0.12105634836040824,outside
2_grid,arcs,cs_I_LJC022,0.38229306469637414,outside
2_grid,arcs,cs_I_LNG012,0.5223947941675002,inside
2_grid,arcs,cs_I_LOONL,0.35251296985616076,inside
2_grid,arcs,cs_I_LRB004,0.4783551501810842,inside
2_grid,arcs,cs_I_MFA036,0.8245935602681812,inside
2_grid,arcs,cs_I_MFM008,-0.20597550230641715,inside
2_grid,arcs,cs_I_MLC006,0.7875523082115222,partial
2_grid,arcs,cs_I_MPS038,0.3990538932264963,partial
2_grid,arcs,cs_I_NFS033,0.9121804594334626,inside
2_grid,arcs,cs_I_NFY029,0.8555516645342305,inside
2_grid,arcs,cs_I_NMA003,0.6756430241315006,inside
2_grid,arcs,cs_I_OGN005,0.6699771592972837,inside
2_grid,arcs,cs_I_OWN040,0.6717182639410553,outside
2_grid,arcs,cs_I_PCRST,0.7261287383096524,inside
2_grid,arcs,cs_I_RCK001,0.4896815006891556,inside
2_grid,arcs,cs_I_RLIEF,0.6636785457324933,inside
2_grid,arcs,cs_I_RUB047,0.563398680751653,inside
2_grid,arcs,cs_I_SFM005,0.9126547855139676,inside
2_grid,arcs,cs_I_SFY048,0.8396872439051649,inside
2_grid,arcs,cs_I_SILVR,0.5795401107438864,inside
2_grid,arcs,cs_I_SLT009,0.7019037153468117,inside
2_grid,arcs,cs_I_SLTSP,0.7875062191081623,inside
2_grid,arcs,cs_I_SLV006,0.6398465101183772,inside
2_grid,arcs,cs_I_SLV015,0.7068821807436472,inside
2_grid,arcs,cs_I_SLYCK,0.7285351946726522,inside
2_grid,arcs,cs_I_SPICE,0.8083839395869521,inside
2_grid,arcs,cs_I_SPLDG,0.6310511896088955,inside
2_grid,arcs,cs_I_THM028,0.8011360833477799,partial
2_grid,arcs,cs_I_UBEAR,0.8627540174648699,inside
2_grid,arcs,cs_I_UNVLY,0.6339210369726972,inside
2_grid,arcs,cs_I_WBR001,0.7361168433516564,inside
2_grid,arcs_own,cs_I_ALMNR,0.37178186436474614,inside
2_grid,arcs_own,cs_I_ANT011,0.7339802961380022,outside
2_grid,arcs_own,cs_I_ANTLP,-0.009431265581487658,inside
2_grid,arcs_own,cs_I_BCC014,0.6220260003699019,outside
2_grid,arcs_own,cs_I_BTL006,0.09077461929443753,inside
2_grid,arcs_own,cs_I_CAPLS,0.682002252626249,inside
2_grid,arcs_own,cs_I_CFS001,0.4313964403834324,inside
2_grid,arcs_own,cs_I_CMP001,0.6211559020899831,partial
2_grid,arcs_own,cs_I_COL003,0.6185119862772546,inside
2_grid,arcs_own,cs_I_CSM035,0.7493264974081495,partial
2_grid,arcs_own,cs_I_CWD018,0.7581278511460046,inside
2_grid,arcs_own,cs_I_DAVIS,0.12584627677735116,inside
2_grid,arcs_own,cs_I_DCC010,0.5205285485159303,inside
2_grid,arcs_own,cs_I_DCM027,0.4543252091992288,partial
2_grid,arcs_own,cs_I_DEE023,0.45077526625926667,partial
2_grid,arcs_own,cs_I_DRC012,0.08764942522776575,partial
2_grid,arcs_own,cs_I_EBF001,0.6539322764511637,inside
2_grid,arcs_own,cs_I_ELD027,0.5200433107416884,outside
2_grid,arcs_own,cs_I_FRDYC,0.8013994512428455,inside
2_grid,arcs_own,cs_I_FRMAN,-0.02499562646247311,inside
2_grid,arcs_own,cs_I_FRMDW,0.7109947484499928,inside
2_grid,arcs_own,cs_I_HHOLE,0.6738062848366855,inside
2_grid,arcs_own,cs_I_HON021,0.7597481414133263,partial
2_grid,arcs_own,cs_I_ICEHS,0.6049978999139229,inside
2_grid,arcs_own,cs_I_JKSMD,0.5864685681434164,inside
2_grid,arcs_own,cs_I_LCC038,0.12105634836040824,outside
2_grid,arcs_own,cs_I_LJC022,0.38229306469637414,outside
2_grid,arcs_own,cs_I_LNG012,0.5223947941675002,inside
2_grid,arcs_own,cs_I_LOONL,0.35251296985616076,inside
2_grid,arcs_own,cs_I_MFA036,0.8245935602681812,inside
2_grid,arcs_own,cs_I_MFM008,-0.20597550230641715,inside
2_grid,arcs_own,cs_I_MLC006,0.7875523082115222,partial
2_grid,arcs_own,cs_I_NFS033,0.9121804594334626,inside
2_grid,arcs_own,cs_I_NFY029,0.8555516645342305,inside
2_grid,arcs_own,cs_I_NMA003,0.6756430241315006,inside
2_grid,arcs_own,cs_I_OGN005,0.6699771592972837,inside
2_grid,arcs_own,cs_I_PCRST,0.7261287383096524,inside
2_grid,arcs_own,cs_I_RLIEF,0.6636785457324933,inside
2_grid,arcs_own,cs_I_SFM005,0.9126547855139676,inside
2_grid,arcs_own,cs_I_SFY048,0.8396872439051649,inside
2_grid,arcs_own,cs_I_SILVR,0.5795401107438864,inside
2_grid,arcs_own,cs_I_SLT009,0.7019037153468117,inside
2_grid,arcs_own,cs_I_SLYCK,0.7285351946726522,inside
2_grid,arcs_own,cs_I_SPICE,0.8083839395869521,inside
2_grid,arcs_own,cs_I_SPLDG,0.6310511896088955,inside
2_grid,arcs_own,cs_I_THM028,0.8011360833477799,partial
3_pt,usgs,usgs_11196400,-0.9548824858800193,outside
3_pt,usgs,usgs_11197250,-3.789987049185906,outside
3_pt,usgs,usgs_11199500,-2.0276860294086148,outside
3_pt,usgs,usgs_11209900,0.8581698682132425,inside
3_pt,usgs,usgs_11213500,0.9148367144269598,inside
3_pt,usgs,usgs_11214000,0.8032953135326786,inside
3_pt,usgs,usgs_11218500,0.9065800204996147,inside
3_pt,usgs,usgs_11224500,-2.1728609856935654,outside
3_pt,usgs,usgs_11226500,0.7177505601770326,inside
3_pt,usgs,usgs_11230500,0.4726607591476967,inside
3_pt,usgs,usgs_11237500,0.7685292897050128,inside
3_pt,usgs,usgs_11253310,0.6794164093895529,outside
3_pt,usgs,usgs_11264500,0.6096040015750849,inside
3_pt,usgs,usgs_11266500,0.7900681004898445,inside
3_pt,usgs,usgs_11269300,0.7428322390730279,inside
3_pt,usgs,usgs_11274500,0.35758819865333136,outside
3_pt,usgs,usgs_11274630,0.5217281917731134,outside
3_pt,usgs,usgs_11275000,0.8338109566457125,inside
3_pt,usgs,usgs_11281000,0.7152322737089625,inside
3_pt,usgs,usgs_11282000,0.332020244805051,inside
3_pt,usgs,usgs_11283500,0.5756274589385821,inside
3_pt,usgs,usgs_11284400,0.7043059077338971,inside
3_pt,usgs,usgs_11292500,0.38600094031654764,inside
3_pt,usgs,usgs_11294000,0.8506545263556919,inside
3_pt,usgs,usgs_11294500,0.7460529991738774,inside
3_pt,usgs,usgs_11299600,0.5105055027908705,inside
3_pt,usgs,usgs_11315000,0.5449567967912724,inside
3_pt,usgs,usgs_11316800,0.49948786968082015,inside
3_pt,usgs,usgs_11318500,0.8179560985690523,inside
3_pt,usgs,usgs_11334300,0.6922083515707181,partial
3_pt,usgs,usgs_11337500,0.49023904307259625,outside
3_pt,usgs,usgs_11341400,0.6793649060084521,inside
3_pt,usgs,usgs_11371000,0.5406292521763442,inside
3_pt,usgs,usgs_11374000,0.81445776454711,inside
3_pt,usgs,usgs_11375700,0.5727463600105493,inside
3_pt,usgs,usgs_11379000,0.4582035361258765,outside
3_pt,usgs,usgs_11390672,0.33494588426083616,outside
3_pt,usgs,usgs_11394500,0.884949240830293,inside
3_pt,usgs,usgs_11396400,-0.3025420210591274,inside
3_pt,usgs,usgs_11408850,0.5529661809643746,inside
3_pt,usgs,usgs_11409300,0.5914567836394428,inside
3_pt,usgs,usgs_11413100,0.8958260718490415,inside
3_pt,usgs,usgs_11414000,0.6951621379972026,inside
3_pt,usgs,usgs_11426150,0.7244671985937883,inside
3_pt,usgs,usgs_11427700,0.5657875423844609,inside
3_pt,usgs,usgs_11433260,0.5256292126389147,inside
3_pt,usgs,usgs_11449500,0.6735300162861737,outside
3_pt,usgs,usgs_11451100,0.7050516722677278,outside
3_pt,usgs,usgs_11523200,0.4287317907901905,partial
3_pt,uf,uf_02,0.720010030551023,outside
3_pt,uf,uf_03,0.41535370468014765,outside
3_pt,uf,uf_04,0.5804986206519069,outside
3_pt,uf,uf_06,0.9182697211972538,inside
3_pt,uf,uf_07,0.4215484147480476,partial
3_pt,uf,uf_10,0.838089865229818,partial
3_pt,uf,uf_13,0.7224547252701997,partial
3_pt,uf,uf_20,0.7960755682073739,partial
3_pt,uf,uf_21,0.92378555904271,partial
3_pt,arcs,cs_I_ALMNR,0.3424089213872401,inside
3_pt,arcs,cs_I_ANT011,0.22932536108499912,outside
3_pt,arcs,cs_I_ANTLP,0.036614934410451605,inside
3_pt,arcs,cs_I_BCC014,0.4785464648198118,outside
3_pt,arcs,cs_I_BCK040,0.7315569937468708,partial
3_pt,arcs,cs_I_BCN010,0.7251676636789708,inside
3_pt,arcs,cs_I_BTL006,-0.21980578549859775,inside
3_pt,arcs,cs_I_BUCKS,0.687985184306892,inside
3_pt,arcs,cs_I_BVC007,0.8677938567136653,inside
3_pt,arcs,cs_I_CAPLS,0.6931182875498405,inside
3_pt,arcs,cs_I_CFS001,0.4847768644380963,inside
3_pt,arcs,cs_I_CMP001,0.460220456908359,partial
3_pt,arcs,cs_I_CMP014,0.62066711861687,partial
3_pt,arcs,cs_I_COL003,0.6110867763451927,inside
3_pt,arcs,cs_I_CSM035,0.6895754996849848,partial
3_pt,arcs,cs_I_CWD018,0.6582712328326159,inside
3_pt,arcs,cs_I_DAVIS,0.20837607654051016,inside
3_pt,arcs,cs_I_DCC010,0.5127827077691255,inside
3_pt,arcs,cs_I_DCM027,0.7439646421554591,partial
3_pt,arcs,cs_I_DEE023,0.8433149486050142,partial
3_pt,arcs,cs_I_DRC012,-0.07235525404511067,partial
3_pt,arcs,cs_I_EBF001,0.9053150584057348,inside
3_pt,arcs,cs_I_ELD027,0.4720095506536367,outside
3_pt,arcs,cs_I_FRDYC,0.7449024518624077,inside
3_pt,arcs,cs_I_FRMAN,-0.07800668020368318,inside
3_pt,arcs,cs_I_FRMDW,0.6567860473023027,inside
3_pt,arcs,cs_I_GZL009,0.8006031493971315,inside
3_pt,arcs,cs_I_HHOLE,0.5998444660519888,inside
3_pt,arcs,cs_I_HON021,0.5344268082654267,partial
3_pt,arcs,cs_I_ICEHS,0.6207406897646743,inside
3_pt,arcs,cs_I_JKSMD,0.6692363070875698,inside
3_pt,arcs,cs_I_JNKSN,0.7183047846937834,partial
3_pt,arcs,cs_I_LCC038,0.004720701367993296,outside
3_pt,arcs,cs_I_LJC022,0.5860112140215206,outside
3_pt,arcs,cs_I_LNG012,0.44829618861993104,inside
3_pt,arcs,cs_I_LOONL,0.3845285299066976,inside
3_pt,arcs,cs_I_LRB004,0.4888828250439258,inside
3_pt,arcs,cs_I_MFA036,0.8930650563333669,inside
3_pt,arcs,cs_I_MFM008,-0.17815971523771745,inside
3_pt,arcs,cs_I_MLC006,0.7417681913598785,partial
3_pt,arcs,cs_I_MPS038,0.4844043775043976,partial
3_pt,arcs,cs_I_NFS033,0.8691875946820999,inside
3_pt,arcs,cs_I_NFY029,0.9011412491141462,inside
3_pt,arcs,cs_I_NMA003,0.6736177080088794,inside
3_pt,arcs,cs_I_OGN005,0.6205220827332851,inside
3_pt,arcs,cs_I_OWN040,0.746648643227431,outside
3_pt,arcs,cs_I_PCRST,0.7318866491170065,inside
3_pt,arcs,cs_I_RCK001,0.6089263741342666,inside
3_pt,arcs,cs_I_RLIEF,0.6057658922303755,inside
3_pt,arcs,cs_I_RUB047,0.5690471262400987,inside
3_pt,arcs,cs_I_SFM005,0.8868085955333007,inside
3_pt,arcs,cs_I_SFY048,0.7438081841382289,inside
3_pt,arcs,cs_I_SILVR,0.6204774591085146,inside
3_pt,arcs,cs_I_SLT009,0.6953026343454842,inside
3_pt,arcs,cs_I_SLTSP,0.8159527812572007,inside
3_pt,arcs,cs_I_SLV006,0.6027463684273248,inside
3_pt,arcs,cs_I_SLV015,0.7043427381664915,inside
3_pt,arcs,cs_I_SLYCK,0.699410696804156,inside
3_pt,arcs,cs_I_SPICE,0.8634229586628889,inside
3_pt,arcs,cs_I_SPLDG,0.5708884074851565,inside
3_pt,arcs,cs_I_THM028,0.630477335181048,partial
3_pt,arcs,cs_I_UBEAR,0.7908111871417787,inside
3_pt,arcs,cs_I_UNVLY,0.6817339147300567,inside
3_pt,arcs,cs_I_WBR001,0.7896308010334836,inside
3_pt,arcs_own,cs_I_ALMNR,0.3424089213872401,inside
3_pt,arcs_own,cs_I_ANT011,0.38574473439030876,outside
3_pt,arcs_own,cs_I_ANTLP,0.036614934410451605,inside
3_pt,arcs_own,cs_I_BCC014,0.4785464648198118,outside
3_pt,arcs_own,cs_I_BTL006,-0.21980578549859775,inside
3_pt,arcs_own,cs_I_CAPLS,0.6931182875498405,inside
3_pt,arcs_own,cs_I_CFS001,0.4847768644380963,inside
3_pt,arcs_own,cs_I_CMP001,0.460220456908359,partial
3_pt,arcs_own,cs_I_COL003,0.6110867763451927,inside
3_pt,arcs_own,cs_I_CSM035,0.6895754996849848,partial
3_pt,arcs_own,cs_I_CWD018,0.6582712328326159,inside
3_pt,arcs_own,cs_I_DAVIS,0.053110705988896556,inside
3_pt,arcs_own,cs_I_DCC010,0.5127827077691255,inside
3_pt,arcs_own,cs_I_DCM027,0.7439646421554591,partial
3_pt,arcs_own,cs_I_DEE023,0.24040097273074068,partial
3_pt,arcs_own,cs_I_DRC012,-0.07235525404511067,partial
3_pt,arcs_own,cs_I_EBF001,0.5507987237960622,inside
3_pt,arcs_own,cs_I_ELD027,0.4720095506536367,outside
3_pt,arcs_own,cs_I_FRDYC,0.7449024518624077,inside
3_pt,arcs_own,cs_I_FRMAN,-0.07800668020368318,inside
3_pt,arcs_own,cs_I_FRMDW,0.6567860473023027,inside
3_pt,arcs_own,cs_I_HHOLE,0.5998444660519888,inside
3_pt,arcs_own,cs_I_HON021,0.5344268082654267,partial
3_pt,arcs_own,cs_I_ICEHS,0.6207406897646743,inside
3_pt,arcs_own,cs_I_JKSMD,0.6692363070875698,inside
3_pt,arcs_own,cs_I_LCC038,0.004720701367993296,outside
3_pt,arcs_own,cs_I_LJC022,0.5860112140215206,outside
3_pt,arcs_own,cs_I_LNG012,0.44829618861993104,inside
3_pt,arcs_own,cs_I_LOONL,0.3845285299066976,inside
3_pt,arcs_own,cs_I_MFA036,0.8930650563333669,inside
3_pt,arcs_own,cs_I_MFM008,-0.17815971523771745,inside
3_pt,arcs_own,cs_I_MLC006,0.7417681913598785,partial
3_pt,arcs_own,cs_I_NFS033,0.8691875946820999,inside
3_pt,arcs_own,cs_I_NFY029,0.9011412491141462,inside
3_pt,arcs_own,cs_I_NMA003,0.6736177080088794,inside
3_pt,arcs_own,cs_I_OGN005,0.6205220827332851,inside
3_pt,arcs_own,cs_I_PCRST,0.7318866491170065,inside
3_pt,arcs_own,cs_I_RLIEF,0.6057658922303755,inside
3_pt,arcs_own,cs_I_SFM005,0.8868085955333007,inside
3_pt,arcs_own,cs_I_SFY048,0.7438081841382289,inside
3_pt,arcs_own,cs_I_SILVR,0.6204774591085146,inside
3_pt,arcs_own,cs_I_SLT009,0.6953026343454842,inside
3_pt,arcs_own,cs_I_SLYCK,0.699410696804156,inside
3_pt,arcs_own,cs_I_SPICE,0.8634229586628889,inside
3_pt,arcs_own,cs_I_SPLDG,0.5708884074851565,inside
3_pt,arcs_own,cs_I_THM028,0.630477335181048,partial
4_noah,usgs,usgs_11196400,-2.162566420223561,outside
4_noah,usgs,usgs_11197250,-4.876938630354234,outside
4_noah,usgs,usgs_11199500,-1.9040262340044687,outside
4_noah,usgs,usgs_11209900,0.8955357618956505,inside
4_noah,usgs,usgs_11213500,0.9196511048351033,inside
4_noah,usgs,usgs_11214000,0.8179410889701775,inside
4_noah,usgs,usgs_11218500,0.8789401092354968,inside
4_noah,usgs,usgs_11224500,-2.0436263696215646,outside
4_noah,usgs,usgs_11226500,0.7381069283857389,inside
4_noah,usgs,usgs_11230500,0.46702396212029573,inside
4_noah,usgs,usgs_11237500,0.6914133697258196,inside
4_noah,usgs,usgs_11253310,0.666305000917339,outside
4_noah,usgs,usgs_11264500,0.6411794327385374,inside
4_noah,usgs,usgs_11266500,0.7994799035614453,inside
4_noah,usgs,usgs_11269300,0.7171798732498422,inside
4_noah,usgs,usgs_11274500,0.2810823112968527,outside
4_noah,usgs,usgs_11274630,0.42092321635495844,outside
4_noah,usgs,usgs_11275000,0.8047740715734465,inside
4_noah,usgs,usgs_11281000,0.772807946247167,inside
4_noah,usgs,usgs_11282000,0.35687765108219516,inside
4_noah,usgs,usgs_11283500,0.5588453394443281,inside
4_noah,usgs,usgs_11284400,0.6110168830947238,inside
4_noah,usgs,usgs_11292500,0.38274963912018745,inside
4_noah,usgs,usgs_11294000,0.8033916732805962,inside
4_noah,usgs,usgs_11294500,0.7655762202663607,inside
4_noah,usgs,usgs_11299600,0.5114318576158501,inside
4_noah,usgs,usgs_11315000,0.54746017680594,inside
4_noah,usgs,usgs_11316800,0.6088411136518213,inside
4_noah,usgs,usgs_11318500,0.8612075457144435,inside
4_noah,usgs,usgs_11334300,0.7154451856755039,partial
4_noah,usgs,usgs_11337500,0.5085456093139216,outside
4_noah,usgs,usgs_11341400,0.6833081887405175,inside
4_noah,usgs,usgs_11371000,0.5192350385011064,inside
4_noah,usgs,usgs_11374000,0.8098138215823324,inside
4_noah,usgs,usgs_11375700,0.5257100093885816,inside
4_noah,usgs,usgs_11379000,0.4136622688376065,outside
4_noah,usgs,usgs_11390672,0.27871556647889184,outside
4_noah,usgs,usgs_11394500,0.8503893526475119,inside
4_noah,usgs,usgs_11396400,-0.193076683618002,inside
4_noah,usgs,usgs_11408850,0.5507936441897787,inside
4_noah,usgs,usgs_11409300,0.5629580330233344,inside
4_noah,usgs,usgs_11413100,0.8494929230450644,inside
4_noah,usgs,usgs_11414000,0.800817844670493,inside
4_noah,usgs,usgs_11426150,0.7193256362682715,inside
4_noah,usgs,usgs_11427700,0.6153933832165539,inside
4_noah,usgs,usgs_11433260,0.517068993160244,inside
4_noah,usgs,usgs_11449500,0.7249072511064234,outside
4_noah,usgs,usgs_11451100,0.6900335742239789,outside
4_noah,usgs,usgs_11523200,0.2434158546998042,partial
4_noah,uf,uf_02,0.6608203102940824,outside
4_noah,uf,uf_03,0.3170558507593709,outside
4_noah,uf,uf_04,0.4708985962836012,outside
4_noah,uf,uf_06,0.931571264558397,inside
4_noah,uf,uf_07,0.3662919705604586,partial
4_noah,uf,uf_10,0.7948526604037012,partial
4_noah,uf,uf_13,0.7413173779948392,partial
4_noah,uf,uf_20,0.7150785930056243,partial
4_noah,uf,uf_21,0.9553172492845019,partial
4_noah,arcs,cs_I_ALMNR,0.34226850532330044,inside
4_noah,arcs,cs_I_ANT011,0.16849120797248474,outside
4_noah,arcs,cs_I_ANTLP,0.14631051138153395,inside
4_noah,arcs,cs_I_BCC014,0.4480599146242009,outside
4_noah,arcs,cs_I_BCK040,0.7200729415735221,partial
4_noah,arcs,cs_I_BCN010,0.7827906045308375,inside
4_noah,arcs,cs_I_BTL006,-0.17733281997222905,inside
4_noah,arcs,cs_I_BUCKS,0.6280762813773559,inside
4_noah,arcs,cs_I_BVC007,0.9076125527645249,inside
4_noah,arcs,cs_I_CAPLS,0.6554762892758321,inside
4_noah,arcs,cs_I_CFS001,0.5459224374490881,inside
4_noah,arcs,cs_I_CMP001,0.48929441845257304,partial
4_noah,arcs,cs_I_CMP014,0.5974496287187583,partial
4_noah,arcs,cs_I_COL003,0.5879756228378058,inside
4_noah,arcs,cs_I_CSM035,0.7054079016651668,partial
4_noah,arcs,cs_I_CWD018,0.6260791260185373,inside
4_noah,arcs,cs_I_DAVIS,0.3016216756804354,inside
4_noah,arcs,cs_I_DCC010,0.5251054439806145,inside
4_noah,arcs,cs_I_DCM027,0.5121369547360926,partial
4_noah,arcs,cs_I_DEE023,0.8494496835924866,partial
4_noah,arcs,cs_I_DRC012,-0.1663854250991168,partial
4_noah,arcs,cs_I_EBF001,0.9403835005731268,inside
4_noah,arcs,cs_I_ELD027,0.3874108763189337,outside
4_noah,arcs,cs_I_FRDYC,0.7809056860107336,inside
4_noah,arcs,cs_I_FRMAN,0.053369412294143714,inside
4_noah,arcs,cs_I_FRMDW,0.6791421128670189,inside
4_noah,arcs,cs_I_GZL009,0.7821911858723777,inside
4_noah,arcs,cs_I_HHOLE,0.6121452850665827,inside
4_noah,arcs,cs_I_HON021,0.5752184158846085,partial
4_noah,arcs,cs_I_ICEHS,0.6060234344853734,inside
4_noah,arcs,cs_I_JKSMD,0.6448640615272198,inside
4_noah,arcs,cs_I_JNKSN,0.768995153959108,partial
4_noah,arcs,cs_I_LCC038,-0.12304179283168426,outside
4_noah,arcs,cs_I_LJC022,0.4963321756486765,outside
4_noah,arcs,cs_I_LNG012,0.42805880143476505,inside
4_noah,arcs,cs_I_LOONL,0.3681719837405749,inside
4_noah,arcs,cs_I_LRB004,0.49161855738290994,inside
4_noah,arcs,cs_I_MFA036,0.915348980138871,inside
4_noah,arcs,cs_I_MFM008,-0.08123811392605673,inside
4_noah,arcs,cs_I_MLC006,0.6628347435733306,partial
4_noah,arcs,cs_I_MPS038,0.466513474761179,partial
4_noah,arcs,cs_I_NFS033,0.8870548783233142,inside
4_noah,arcs,cs_I_NFY029,0.8570300266431607,inside
4_noah,arcs,cs_I_NMA003,0.6638980713752745,inside
4_noah,arcs,cs_I_OGN005,0.5804176917354789,inside
4_noah,arcs,cs_I_OWN040,0.8043981298144274,outside
4_noah,arcs,cs_I_PCRST,0.6709181838975795,inside
4_noah,arcs,cs_I_RCK001,0.6870539673364626,inside
4_noah,arcs,cs_I_RLIEF,0.6074422628542986,inside
4_noah,arcs,cs_I_RUB047,0.5857108054349274,inside
4_noah,arcs,cs_I_SFM005,0.9120387413962603,inside
4_noah,arcs,cs_I_SFY048,0.7946472009879969,inside
4_noah,arcs,cs_I_SILVR,0.5707520000281958,inside
4_noah,arcs,cs_I_SLT009,0.7095700629673857,inside
4_noah,arcs,cs_I_SLTSP,0.8127089954385884,inside
4_noah,arcs,cs_I_SLV006,0.6222271611675954,inside
4_noah,arcs,cs_I_SLV015,0.7315585359272414,inside
4_noah,arcs,cs_I_SLYCK,0.6895410904769557,inside
4_noah,arcs,cs_I_SPICE,0.8355773096636308,inside
4_noah,arcs,cs_I_SPLDG,0.5812623808900267,inside
4_noah,arcs,cs_I_THM028,0.6263781722691204,partial
4_noah,arcs,cs_I_UBEAR,0.7759772127394154,inside
4_noah,arcs,cs_I_UNVLY,0.6573073294432243,inside
4_noah,arcs,cs_I_WBR001,0.7915648467946081,inside
4_noah,arcs_own,cs_I_ALMNR,0.34226850532330044,inside
4_noah,arcs_own,cs_I_ANT011,0.32451697280970515,outside
4_noah,arcs_own,cs_I_ANTLP,0.14631051138153395,inside
4_noah,arcs_own,cs_I_BCC014,0.4480599146242009,outside
4_noah,arcs_own,cs_I_BTL006,-0.17733281997222905,inside
4_noah,arcs_own,cs_I_CAPLS,0.6554762892758321,inside
4_noah,arcs_own,cs_I_CFS001,0.5459224374490881,inside
4_noah,arcs_own,cs_I_CMP001,0.48929441845257304,partial
4_noah,arcs_own,cs_I_COL003,0.5879756228378058,inside
4_noah,arcs_own,cs_I_CSM035,0.7054079016651668,partial
4_noah,arcs_own,cs_I_CWD018,0.6260791260185373,inside
4_noah,arcs_own,cs_I_DAVIS,0.13567412706095838,inside
4_noah,arcs_own,cs_I_DCC010,0.5251054439806145,inside
4_noah,arcs_own,cs_I_DCM027,0.5121369547360926,partial
4_noah,arcs_own,cs_I_DEE023,-0.6374258094876681,partial
4_noah,arcs_own,cs_I_DRC012,-0.1663854250991168,partial
4_noah,arcs_own,cs_I_EBF001,0.5684882865389529,inside
4_noah,arcs_own,cs_I_ELD027,0.3874108763189337,outside
4_noah,arcs_own,cs_I_FRDYC,0.7809056860107336,inside
4_noah,arcs_own,cs_I_FRMAN,0.053369412294143714,inside
4_noah,arcs_own,cs_I_FRMDW,0.6791421128670189,inside
4_noah,arcs_own,cs_I_HHOLE,0.6121452850665827,inside
4_noah,arcs_own,cs_I_HON021,0.5752184158846085,partial
4_noah,arcs_own,cs_I_ICEHS,0.6060234344853734,inside
4_noah,arcs_own,cs_I_JKSMD,0.6448640615272198,inside
4_noah,arcs_own,cs_I_LCC038,-0.12304179283168426,outside
4_noah,arcs_own,cs_I_LJC022,0.4963321756486765,outside
4_noah,arcs_own,cs_I_LNG012,0.42805880143476505,inside
4_noah,arcs_own,cs_I_LOONL,0.3681719837405749,inside
4_noah,arcs_own,cs_I_MFA036,0.915348980138871,inside
4_noah,arcs_own,cs_I_MFM008,-0.08123811392605673,inside
4_noah,arcs_own,cs_I_MLC006,0.6628347435733306,partial
4_noah,arcs_own,cs_I_NFS033,0.8870548783233142,inside
4_noah,arcs_own,cs_I_NFY029,0.8570300266431607,inside
4_noah,arcs_own,cs_I_NMA003,0.6638980713752745,inside
4_noah,arcs_own,cs_I_OGN005,0.5804176917354789,inside
4_noah,arcs_own,cs_I_PCRST,0.6709181838975795,inside
4_noah,arcs_own,cs_I_RLIEF,0.6074422628542986,inside
4_noah,arcs_own,cs_I_SFM005,0.9120387413962603,inside
4_noah,arcs_own,cs_I_SFY048,0.7946472009879969,inside
4_noah,arcs_own,cs_I_SILVR,0.5707520000281958,inside
4_noah,arcs_own,cs_I_SLT009,0.7095700629673857,inside
4_noah,arcs_own,cs_I_SLYCK,0.6895410904769557,inside
4_noah,arcs_own,cs_I_SPICE,0.8355773096636308,inside
4_noah,arcs_own,cs_I_SPLDG,0.5812623808900267,inside
4_noah,arcs_own,cs_I_THM028,0.6263781722691204,partial
5_px,usgs,usgs_11196400,-2.026441453290661,outside
5_px,usgs,usgs_11197250,-4.530734938328754,outside
5_px,usgs,usgs_11199500,-2.141760377593029,outside
5_px,usgs,usgs_11209900,0.9165400569607057,inside
5_px,usgs,usgs_11213500,0.9296355707416305,inside
5_px,usgs,usgs_11214000,0.787025270719004,inside
5_px,usgs,usgs_11218500,0.8511800543600823,inside
5_px,usgs,usgs_11224500,-1.8551463990779453,outside
5_px,usgs,usgs_11226500,0.7038544436876192,inside
5_px,usgs,usgs_11230500,0.5405471015799411,inside
5_px,usgs,usgs_11237500,0.7575389162938158,inside
5_px,usgs,usgs_11253310,0.7172896204631334,outside
5_px,usgs,usgs_11264500,0.6296053781114144,inside
5_px,usgs,usgs_11266500,0.7707140631826492,inside
5_px,usgs,usgs_11269300,0.7357625478340226,inside
5_px,usgs,usgs_11274500,0.2846526645936974,outside
5_px,usgs,usgs_11274630,0.39962869618063945,outside
5_px,usgs,usgs_11275000,0.8021256552276624,inside
5_px,usgs,usgs_11281000,0.7902610160278681,inside
5_px,usgs,usgs_11282000,0.37231929477731773,inside
5_px,usgs,usgs_11283500,0.537999823381895,inside
5_px,usgs,usgs_11284400,0.5887082263291679,inside
5_px,usgs,usgs_11292500,0.3423858462156293,inside
5_px,usgs,usgs_11294000,0.7949131257460731,inside
5_px,usgs,usgs_11294500,0.6980294848612585,inside
5_px,usgs,usgs_11299600,0.5939162441922626,inside
5_px,usgs,usgs_11315000,0.515210077986536,inside
5_px,usgs,usgs_11316800,0.40440895946365074,inside
5_px,usgs,usgs_11318500,0.659507988543466,inside
5_px,usgs,usgs_11334300,0.5014255294476656,partial
5_px,usgs,usgs_11337500,0.5741077630333367,outside
5_px,usgs,usgs_11341400,0.7765164484410498,inside
5_px,usgs,usgs_11371000,0.5595036323454262,inside
5_px,usgs,usgs_11374000,0.8980662678647652,inside
5_px,usgs,usgs_11375700,0.6312462526815278,inside
5_px,usgs,usgs_11379000,0.4129513805197884,outside
5_px,usgs,usgs_11390672,0.4644358428058587,outside
5_px,usgs,usgs_11394500,0.8994145497238046,inside
5_px,usgs,usgs_11396400,-0.46230344929208833,inside
5_px,usgs,usgs_11408850,0.6388040115510885,inside
5_px,usgs,usgs_11409300,0.7530476398667654,inside
5_px,usgs,usgs_11413100,0.8614256207996882,inside
5_px,usgs,usgs_11414000,0.6504581834352441,inside
5_px,usgs,usgs_11426150,0.4618377245562969,inside
5_px,usgs,usgs_11427700,0.5852433397353833,inside
5_px,usgs,usgs_11433260,0.5519289227875652,inside
5_px,usgs,usgs_11449500,0.754153036849233,outside
5_px,usgs,usgs_11451100,0.7593259921795091,outside
5_px,usgs,usgs_11523200,0.4078541951335991,partial
5_px,uf,uf_02,0.7536238895878095,outside
5_px,uf,uf_03,0.3824516903483445,outside
5_px,uf,uf_04,0.5696116001779901,outside
5_px,uf,uf_06,0.902513897330194,inside
5_px,uf,uf_07,0.5409724570043446,partial
5_px,uf,uf_10,0.8203631082340537,partial
5_px,uf,uf_13,0.8078040840500367,partial
5_px,uf,uf_20,0.7207429731722936,partial
5_px,uf,uf_21,0.8877675955635329,partial
5_px,arcs,cs_I_ALMNR,0.49490595316810093,inside
5_px,arcs,cs_I_ANT011,0.23071751672639385,outside
5_px,arcs,cs_I_ANTLP,0.08134006366716606,inside
5_px,arcs,cs_I_BCC014,0.5459639187434449,outside
5_px,arcs,cs_I_BCK040,0.6476057822295398,partial
5_px,arcs,cs_I_BCN010,0.6892154441321732,inside
5_px,arcs,cs_I_BTL006,0.025660721429844657,inside
5_px,arcs,cs_I_BUCKS,0.7150235712072963,inside
5_px,arcs,cs_I_BVC007,0.8873590112561028,inside
5_px,arcs,cs_I_CAPLS,0.6771576622318557,inside
5_px,arcs,cs_I_CFS001,0.4293296948552616,inside
5_px,arcs,cs_I_CMP001,0.5468684768006935,partial
5_px,arcs,cs_I_CMP014,0.6051837046485575,partial
5_px,arcs,cs_I_COL003,0.6011359698979308,inside
5_px,arcs,cs_I_CSM035,0.7677814653819768,partial
5_px,arcs,cs_I_CWD018,0.6561302844254936,inside
5_px,arcs,cs_I_DAVIS,0.28272157379671525,inside
5_px,arcs,cs_I_DCC010,0.5372700264261081,inside
5_px,arcs,cs_I_DCM027,0.48684641012387864,partial
5_px,arcs,cs_I_DEE023,0.7767281719131006,partial
5_px,arcs,cs_I_DRC012,0.13522405346519206,partial
5_px,arcs,cs_I_EBF001,0.9574057963409707,inside
5_px,arcs,cs_I_ELD027,0.4623486260231294,outside
5_px,arcs,cs_I_FRDYC,0.7033410143206851,inside
5_px,arcs,cs_I_FRMAN,0.06334129955119183,inside
5_px,arcs,cs_I_FRMDW,0.6591739673057211,inside
5_px,arcs,cs_I_GZL009,0.81546726035797,inside
5_px,arcs,cs_I_HHOLE,0.5696829668915546,inside
5_px,arcs,cs_I_HON021,0.5570149857347071,partial
5_px,arcs,cs_I_ICEHS,0.6162323287182565,inside
5_px,arcs,cs_I_JKSMD,0.6587432166120074,inside
5_px,arcs,cs_I_JNKSN,0.917195100191986,partial
5_px,arcs,cs_I_LCC038,-0.030204387180842618,outside
5_px,arcs,cs_I_LJC022,0.40128578554094163,outside
5_px,arcs,cs_I_LNG012,0.48049481654648374,inside
5_px,arcs,cs_I_LOONL,0.37270744853485926,inside
5_px,arcs,cs_I_LRB004,0.46738852380717555,inside
5_px,arcs,cs_I_MFA036,0.9440592450201463,inside
5_px,arcs,cs_I_MFM008,-0.16837637873516131,inside
5_px,arcs,cs_I_MLC006,0.8937318027548069,partial
5_px,arcs,cs_I_MPS038,0.4985044274800233,partial
5_px,arcs,cs_I_NFS033,0.7986401273536987,inside
5_px,arcs,cs_I_NFY029,0.9036688518689229,inside
5_px,arcs,cs_I_NMA003,0.6668280240716737,inside
5_px,arcs,cs_I_OGN005,0.7246030734136156,inside
5_px,arcs,cs_I_OWN040,0.7598062382469202,outside
5_px,arcs,cs_I_PCRST,0.7029601660722475,inside
5_px,arcs,cs_I_RCK001,0.39279305478957427,inside
5_px,arcs,cs_I_RLIEF,0.6641065950745431,inside
5_px,arcs,cs_I_RUB047,0.5235006789857695,inside
5_px,arcs,cs_I_SFM005,0.870832905353303,inside
5_px,arcs,cs_I_SFY048,0.7352680380886649,inside
5_px,arcs,cs_I_SILVR,0.6159225440964712,inside
5_px,arcs,cs_I_SLT009,0.6977262553672752,inside
5_px,arcs,cs_I_SLTSP,0.7392724419008616,inside
5_px,arcs,cs_I_SLV006,0.6363860646660642,inside
5_px,arcs,cs_I_SLV015,0.7248224077617963,inside
5_px,arcs,cs_I_SLYCK,0.7578062199931034,inside
5_px,arcs,cs_I_SPICE,0.8103428818880726,inside
5_px,arcs,cs_I_SPLDG,0.5501699870346533,inside
5_px,arcs,cs_I_THM028,0.7328285069698179,partial
5_px,arcs,cs_I_UBEAR,0.7231104008813993,inside
5_px,arcs,cs_I_UNVLY,0.6590781415119353,inside
5_px,arcs,cs_I_WBR001,0.7840453866113415,inside
5_px,arcs_own,cs_I_ALMNR,0.49490595316810093,inside
5_px,arcs_own,cs_I_ANT011,0.3719616263964167,outside
5_px,arcs_own,cs_I_ANTLP,0.08134006366716606,inside
5_px,arcs_own,cs_I_BCC014,0.5459639187434449,outside
5_px,arcs_own,cs_I_BTL006,0.025660721429844657,inside
5_px,arcs_own,cs_I_CAPLS,0.6771576622318557,inside
5_px,arcs_own,cs_I_CFS001,0.4293296948552616,inside
5_px,arcs_own,cs_I_CMP001,0.5468684768006935,partial
5_px,arcs_own,cs_I_COL003,0.6011359698979308,inside
5_px,arcs_own,cs_I_CSM035,0.7677814653819768,partial
5_px,arcs_own,cs_I_CWD018,0.6561302844254936,inside
5_px,arcs_own,cs_I_DAVIS,0.07860494886479641,inside
5_px,arcs_own,cs_I_DCC010,0.5372700264261081,inside
5_px,arcs_own,cs_I_DCM027,0.48684641012387864,partial
5_px,arcs_own,cs_I_DEE023,0.4453866268006448,partial
5_px,arcs_own,cs_I_DRC012,0.13522405346519206,partial
5_px,arcs_own,cs_I_EBF001,0.6790805325972814,inside
5_px,arcs_own,cs_I_ELD027,0.4623486260231294,outside
5_px,arcs_own,cs_I_FRDYC,0.7033410143206851,inside
5_px,arcs_own,cs_I_FRMAN,0.06334129955119183,inside
5_px,arcs_own,cs_I_FRMDW,0.6591739673057211,inside
5_px,arcs_own,cs_I_HHOLE,0.5696829668915546,inside
5_px,arcs_own,cs_I_HON021,0.5570149857347071,partial
5_px,arcs_own,cs_I_ICEHS,0.6162323287182565,inside
5_px,arcs_own,cs_I_JKSMD,0.6587432166120074,inside
5_px,arcs_own,cs_I_LCC038,-0.030204387180842618,outside
5_px,arcs_own,cs_I_LJC022,0.40128578554094163,outside
5_px,arcs_own,cs_I_LNG012,0.48049481654648374,inside
5_px,arcs_own,cs_I_LOONL,0.37270744853485926,inside
5_px,arcs_own,cs_I_MFA036,0.9440592450201463,inside
5_px,arcs_own,cs_I_MFM008,-0.16837637873516131,inside
5_px,arcs_own,cs_I_MLC006,0.8937318027548069,partial
5_px,arcs_own,cs_I_NFS033,0.7986401273536987,inside
5_px,arcs_own,cs_I_NFY029,0.9036688518689229,inside
5_px,arcs_own,cs_I_NMA003,0.6668280240716737,inside
5_px,arcs_own,cs_I_OGN005,0.7246030734136156,inside
5_px,arcs_own,cs_I_PCRST,0.7029601660722475,inside
5_px,arcs_own,cs_I_RLIEF,0.6641065950745431,inside
5_px,arcs_own,cs_I_SFM005,0.870832905353303,inside
5_px,arcs_own,cs_I_SFY048,0.7352680380886649,inside
5_px,arcs_own,cs_I_SILVR,0.6159225440964712,inside
5_px,arcs_own,cs_I_SLT009,0.6977262553672752,inside
5_px,arcs_own,cs_I_SLYCK,0.7578062199931034,inside
5_px,arcs_own,cs_I_SPICE,0.8103428818880726,inside
5_px,arcs_own,cs_I_SPLDG,0.5501699870346533,inside
5_px,arcs_own,cs_I_THM028,0.7328285069698179,partial
6_aef,usgs,usgs_11196400,-0.024230799127585856,outside
6_aef,usgs,usgs_11197250,0.5549521650356526,outside
6_aef,usgs,usgs_11199500,-2.603316021265306,outside
6_aef,usgs,usgs_11209900,0.8808991245187032,inside
6_aef,usgs,usgs_11213500,0.8640128510746483,inside
6_aef,usgs,usgs_11214000,0.687788569526715,inside
6_aef,usgs,usgs_11218500,0.8830631571700372,inside
6_aef,usgs,usgs_11224500,-0.41618738971706803,outside
6_aef,usgs,usgs_11226500,0.7376814095892803,inside
6_aef,usgs,usgs_11230500,0.8147565146293788,inside
6_aef,usgs,usgs_11237500,0.8699580664874501,inside
6_aef,usgs,usgs_11253310,0.11672751988581775,outside
6_aef,usgs,usgs_11264500,0.7645948692725377,inside
6_aef,usgs,usgs_11266500,0.7715605008731498,inside
6_aef,usgs,usgs_11269300,0.7313596771328539,inside
6_aef,usgs,usgs_11274500,0.18748538988068764,outside
6_aef,usgs,usgs_11274630,0.17534800887684987,outside
6_aef,usgs,usgs_11275000,0.7074732665215372,inside
6_aef,usgs,usgs_11281000,0.8599777324544976,inside
6_aef,usgs,usgs_11282000,0.4550366954807078,inside
6_aef,usgs,usgs_11283500,0.611423960239396,inside
6_aef,usgs,usgs_11284400,0.4963203886503641,inside
6_aef,usgs,usgs_11292500,0.21734292993459015,inside
6_aef,usgs,usgs_11294000,0.7033505317715308,inside
6_aef,usgs,usgs_11294500,0.8040052376503374,inside
6_aef,usgs,usgs_11299600,0.44296931663587813,inside
6_aef,usgs,usgs_11315000,0.6776764414529237,inside
6_aef,usgs,usgs_11316800,0.6640320342060877,inside
6_aef,usgs,usgs_11318500,0.8259660254406079,inside
6_aef,usgs,usgs_11334300,0.8164006526951981,partial
6_aef,usgs,usgs_11337500,0.42744472224576957,outside
6_aef,usgs,usgs_11341400,0.769943986942371,inside
6_aef,usgs,usgs_11371000,0.6784521119267835,inside
6_aef,usgs,usgs_11374000,0.7763401827158478,inside
6_aef,usgs,usgs_11375700,0.583661504474684,inside
6_aef,usgs,usgs_11379000,0.8275888409542302,outside
6_aef,usgs,usgs_11390672,0.3638205458198128,outside
6_aef,usgs,usgs_11394500,0.8864204261726975,inside
6_aef,usgs,usgs_11396400,-0.30523702814527387,inside
6_aef,usgs,usgs_11408850,0.6156335816900016,inside
6_aef,usgs,usgs_11409300,0.6003445522376375,inside
6_aef,usgs,usgs_11413100,0.9149042139383381,inside
6_aef,usgs,usgs_11414000,0.8282682406644233,inside
6_aef,usgs,usgs_11426150,0.545244419024781,inside
6_aef,usgs,usgs_11427700,0.7499422217437133,inside
6_aef,usgs,usgs_11433260,0.519928204011523,inside
6_aef,usgs,usgs_11449500,0.6435825465199317,outside
6_aef,usgs,usgs_11451100,0.6927403090498991,outside
6_aef,usgs,usgs_11523200,0.6622811914705395,partial
6_aef,uf,uf_02,0.9026541268762026,outside
6_aef,uf,uf_03,0.827224618466082,outside
6_aef,uf,uf_04,0.8327025213008861,outside
6_aef,uf,uf_06,0.9054459481070201,inside
6_aef,uf,uf_07,0.7233804366274188,partial
6_aef,uf,uf_10,0.9132794384593552,partial
6_aef,uf,uf_13,0.9712091743881239,partial
6_aef,uf,uf_20,0.8728525238535578,partial
6_aef,uf,uf_21,0.8239056070140516,partial
6_aef,arcs,cs_I_ALMNR,0.04200031716000696,inside
6_aef,arcs,cs_I_ANT011,0.6543471914243408,outside
6_aef,arcs,cs_I_ANTLP,0.29484592789099573,inside
6_aef,arcs,cs_I_BCC014,0.9120620675994107,outside
6_aef,arcs,cs_I_BCK040,0.7437842688326275,partial
6_aef,arcs,cs_I_BCN010,0.7056821771481326,inside
6_aef,arcs,cs_I_BTL006,0.06192417250459936,inside
6_aef,arcs,cs_I_BUCKS,0.7217702313502803,inside
6_aef,arcs,cs_I_BVC007,0.8906197216153604,inside
6_aef,arcs,cs_I_CAPLS,0.5341634840356537,inside
6_aef,arcs,cs_I_CFS001,0.3687334454539185,inside
6_aef,arcs,cs_I_CMP001,0.6796739492602892,partial
6_aef,arcs,cs_I_CMP014,0.6513852752292366,partial
6_aef,arcs,cs_I_COL003,0.7502820725081794,inside
6_aef,arcs,cs_I_CSM035,0.9536933193553938,partial
6_aef,arcs,cs_I_CWD018,0.8324239799867899,inside
6_aef,arcs,cs_I_DAVIS,0.5590733699300946,inside
6_aef,arcs,cs_I_DCC010,0.6967027052190868,inside
6_aef,arcs,cs_I_DCM027,0.6665959708886041,partial
6_aef,arcs,cs_I_DEE023,0.7956882038141129,partial
6_aef,arcs,cs_I_DRC012,0.4169917299413112,partial
6_aef,arcs,cs_I_EBF001,0.9294185673211085,inside
6_aef,arcs,cs_I_ELD027,0.6628084920839776,outside
6_aef,arcs,cs_I_FRDYC,0.857494614547788,inside
6_aef,arcs,cs_I_FRMAN,0.24356437126366637,inside
6_aef,arcs,cs_I_FRMDW,0.7932170550458544,inside
6_aef,arcs,cs_I_GZL009,0.8245553114336652,inside
6_aef,arcs,cs_I_HHOLE,0.7746968560484889,inside
6_aef,arcs,cs_I_HON021,0.35896517756248136,partial
6_aef,arcs,cs_I_ICEHS,0.7247421785448767,inside
6_aef,arcs,cs_I_JKSMD,0.5247033320460193,inside
6_aef,arcs,cs_I_JNKSN,0.9439160943452116,partial
6_aef,arcs,cs_I_LCC038,0.6013050923339783,outside
6_aef,arcs,cs_I_LJC022,0.5101033222847082,outside
6_aef,arcs,cs_I_LNG012,0.5537531694968312,inside
6_aef,arcs,cs_I_LOONL,0.4642289004381145,inside
6_aef,arcs,cs_I_LRB004,0.4308087047345849,inside
6_aef,arcs,cs_I_MFA036,0.8099755676752043,inside
6_aef,arcs,cs_I_MFM008,-0.10894557020147344,inside
6_aef,arcs,cs_I_MLC006,0.8379204237648317,partial
6_aef,arcs,cs_I_MPS038,0.49736396861608934,partial
6_aef,arcs,cs_I_NFS033,0.8517828177082679,inside
6_aef,arcs,cs_I_NFY029,0.8475881546798825,inside
6_aef,arcs,cs_I_NMA003,0.6968512886273209,inside
6_aef,arcs,cs_I_OGN005,0.6478436268252099,inside
6_aef,arcs,cs_I_OWN040,0.7032042240332129,outside
6_aef,arcs,cs_I_PCRST,0.8559308928913278,inside
6_aef,arcs,cs_I_RCK001,0.5225511416357816,inside
6_aef,arcs,cs_I_RLIEF,0.8184904438948385,inside
6_aef,arcs,cs_I_RUB047,0.5075926761306162,inside
6_aef,arcs,cs_I_SFM005,0.9289295491540905,inside
6_aef,arcs,cs_I_SFY048,0.9217172486969676,inside
6_aef,arcs,cs_I_SILVR,0.5928376692112991,inside
6_aef,arcs,cs_I_SLT009,0.6815113932789041,inside
6_aef,arcs,cs_I_SLTSP,0.6644642760986263,inside
6_aef,arcs,cs_I_SLV006,0.6912989302213384,inside
6_aef,arcs,cs_I_SLV015,0.680602647484958,inside
6_aef,arcs,cs_I_SLYCK,0.7365265491841051,inside
6_aef,arcs,cs_I_SPICE,0.7306786431418705,inside
6_aef,arcs,cs_I_SPLDG,0.6854658136352983,inside
6_aef,arcs,cs_I_THM028,0.8328097837180798,partial
6_aef,arcs,cs_I_UBEAR,0.8471128678451006,inside
6_aef,arcs,cs_I_UNVLY,0.6782577757296311,inside
6_aef,arcs,cs_I_WBR001,0.8249232585777904,inside
6_aef,arcs_own,cs_I_ALMNR,0.04200031716000696,inside
6_aef,arcs_own,cs_I_ANT011,0.8315523330016839,outside
6_aef,arcs_own,cs_I_ANTLP,0.29484592789099573,inside
6_aef,arcs_own,cs_I_BCC014,0.9120620675994107,outside
6_aef,arcs_own,cs_I_BTL006,0.06192417250459936,inside
6_aef,arcs_own,cs_I_CAPLS,0.5341634840356537,inside
6_aef,arcs_own,cs_I_CFS001,0.3687334454539185,inside
6_aef,arcs_own,cs_I_CMP001,0.6796739492602892,partial
6_aef,arcs_own,cs_I_COL003,0.7502820725081794,inside
6_aef,arcs_own,cs_I_CSM035,0.9536933193553938,partial
6_aef,arcs_own,cs_I_CWD018,0.8324239799867899,inside
6_aef,arcs_own,cs_I_DAVIS,0.41693862202204857,inside
6_aef,arcs_own,cs_I_DCC010,0.6967027052190868,inside
6_aef,arcs_own,cs_I_DCM027,0.6665959708886041,partial
6_aef,arcs_own,cs_I_DEE023,0.5792007374330703,partial
6_aef,arcs_own,cs_I_DRC012,0.4169917299413112,partial
6_aef,arcs_own,cs_I_EBF001,0.7302483485617153,inside
6_aef,arcs_own,cs_I_ELD027,0.6628084920839776,outside
6_aef,arcs_own,cs_I_FRDYC,0.857494614547788,inside
6_aef,arcs_own,cs_I_FRMAN,0.24356437126366637,inside
6_aef,arcs_own,cs_I_FRMDW,0.7932170550458544,inside
6_aef,arcs_own,cs_I_HHOLE,0.7746968560484889,inside
6_aef,arcs_own,cs_I_HON021,0.35896517756248136,partial
6_aef,arcs_own,cs_I_ICEHS,0.7247421785448767,inside
6_aef,arcs_own,cs_I_JKSMD,0.5247033320460193,inside
6_aef,arcs_own,cs_I_LCC038,0.6013050923339783,outside
6_aef,arcs_own,cs_I_LJC022,0.5101033222847082,outside
6_aef,arcs_own,cs_I_LNG012,0.5537531694968312,inside
6_aef,arcs_own,cs_I_LOONL,0.4642289004381145,inside
6_aef,arcs_own,cs_I_MFA036,0.8099755676752043,inside
6_aef,arcs_own,cs_I_MFM008,-0.10894557020147344,inside
6_aef,arcs_own,cs_I_MLC006,0.8379204237648317,partial
6_aef,arcs_own,cs_I_NFS033,0.8517828177082679,inside
6_aef,arcs_own,cs_I_NFY029,0.8475881546798825,inside
6_aef,arcs_own,cs_I_NMA003,0.6968512886273209,inside
6_aef,arcs_own,cs_I_OGN005,0.6478436268252099,inside
6_aef,arcs_own,cs_I_PCRST,0.8559308928913278,inside
6_aef,arcs_own,cs_I_RLIEF,0.8184904438948385,inside
6_aef,arcs_own,cs_I_SFM005,0.9289295491540905,inside
6_aef,arcs_own,cs_I_SFY048,0.9217172486969676,inside
6_aef,arcs_own,cs_I_SILVR,0.5928376692112991,inside
6_aef,arcs_own,cs_I_SLT009,0.6815113932789041,inside
6_aef,arcs_own,cs_I_SLYCK,0.7365265491841051,inside
6_aef,arcs_own,cs_I_SPICE,0.7306786431418705,inside
6_aef,arcs_own,cs_I_SPLDG,0.6854658136352983,inside
6_aef,arcs_own,cs_I_THM028,0.8328097837180798,partial
7_calsim,usgs,usgs_11196400,-0.24669533291946322,outside
7_calsim,usgs,usgs_11197250,0.33531551231621604,outside
7_calsim,usgs,usgs_11199500,-0.154939510950727,outside
7_calsim,usgs,usgs_11209900,0.8703948502159865,inside
7_calsim,usgs,usgs_11213500,0.8733488447636818,inside
7_calsim,usgs,usgs_11214000,0.6551287691918981,inside
7_calsim,usgs,usgs_11218500,0.9105354968118288,inside
7_calsim,usgs,usgs_11224500,0.67399853172927,outside
7_calsim,usgs,usgs_11226500,0.7105752446886108,inside
7_calsim,usgs,usgs_11230500,0.7298549311220897,inside
7_calsim,usgs,usgs_11237500,0.8554388098902221,inside
7_calsim,usgs,usgs_11253310,0.5270933815632809,outside
7_calsim,usgs,usgs_11264500,0.7999151527594599,inside
7_calsim,usgs,usgs_11266500,0.824998190166058,inside
7_calsim,usgs,usgs_11269300,0.6862961475611364,inside
7_calsim,usgs,usgs_11274500,0.2983746661384372,outside
7_calsim,usgs,usgs_11274630,0.018592527328907038,outside
7_calsim,usgs,usgs_11275000,0.6568698858934379,inside
7_calsim,usgs,usgs_11281000,0.8251805897559031,inside
7_calsim,usgs,usgs_11282000,0.7259030036539835,inside
7_calsim,usgs,usgs_11283500,0.6853862709760168,inside
7_calsim,usgs,usgs_11284400,0.4679978973797412,inside
7_calsim,usgs,usgs_11292500,0.6577042779921818,inside
7_calsim,usgs,usgs_11294000,0.8137907543544921,inside
7_calsim,usgs,usgs_11294500,0.8271417076638606,inside
7_calsim,usgs,usgs_11299600,0.6230629131176233,inside
7_calsim,usgs,usgs_11315000,0.7024786225152206,inside
7_calsim,usgs,usgs_11316800,0.86352238950398,inside
7_calsim,usgs,usgs_11318500,0.9170509396309835,inside
7_calsim,usgs,usgs_11334300,0.5454272087138197,partial
7_calsim,usgs,usgs_11337500,0.5966715810530044,outside
7_calsim,usgs,usgs_11341400,0.8064357730427825,inside
7_calsim,usgs,usgs_11371000,0.7571548728446555,inside
7_calsim,usgs,usgs_11374000,0.7468223303821251,inside
7_calsim,usgs,usgs_11375700,0.7579205616867938,inside
7_calsim,usgs,usgs_11379000,0.5768910160721041,outside
7_calsim,usgs,usgs_11390672,0.669034459163264,outside
7_calsim,usgs,usgs_11394500,0.8118876697038653,inside
7_calsim,usgs,usgs_11396400,0.036868022153776936,inside
7_calsim,usgs,usgs_11408850,0.6271571978409194,inside
7_calsim,usgs,usgs_11409300,0.5155330488673935,inside
7_calsim,usgs,usgs_11413100,0.8914770985766375,inside
7_calsim,usgs,usgs_11414000,0.8731439760663798,inside
7_calsim,usgs,usgs_11426150,0.5480439960288845,inside
7_calsim,usgs,usgs_11427700,0.7007200565874865,inside
7_calsim,usgs,usgs_11433260,0.5533560997225218,inside
7_calsim,usgs,usgs_11449500,0.6488802204961063,outside
7_calsim,usgs,usgs_11451100,0.6867897152829042,outside
7_calsim,usgs,usgs_11523200,0.7714755902015977,partial
7_calsim,uf,uf_02,0.7883766372435433,outside
7_calsim,uf,uf_03,0.9086695177223717,outside
7_calsim,uf,uf_04,0.9642253776089718,outside
7_calsim,uf,uf_06,0.909392000380156,inside
7_calsim,uf,uf_07,0.9238656405122143,partial
7_calsim,uf,uf_10,0.8937951196283974,partial
7_calsim,uf,uf_13,0.8343865245871679,partial
7_calsim,uf,uf_20,0.7789558425504624,partial
7_calsim,uf,uf_21,0.8654563697896418,partial
7_calsim,arcs,cs_I_ALMNR,0.6685188305950335,inside
7_calsim,arcs,cs_I_ANT011,0.8652761490991057,outside
7_calsim,arcs,cs_I_ANTLP,0.2826833718838544,inside
7_calsim,arcs,cs_I_BCC014,0.9307910723670277,outside
7_calsim,arcs,cs_I_BCK040,0.6884163951834512,partial
7_calsim,arcs,cs_I_BCN010,0.7539570536332393,inside
7_calsim,arcs,cs_I_BTL006,0.6248925351307932,inside
7_calsim,arcs,cs_I_BUCKS,0.7641648035270507,inside
7_calsim,arcs,cs_I_BVC007,0.7829111019040882,inside
7_calsim,arcs,cs_I_CAPLS,0.5241428795536354,inside
7_calsim,arcs,cs_I_CFS001,0.6801278102819911,inside
7_calsim,arcs,cs_I_CMP001,0.7028000028616151,partial
7_calsim,arcs,cs_I_CMP014,0.5977286881724981,partial
7_calsim,arcs,cs_I_COL003,0.8189966569343321,inside
7_calsim,arcs,cs_I_CSM035,0.8412051461223693,partial
7_calsim,arcs,cs_I_CWD018,0.9137769264754626,inside
7_calsim,arcs,cs_I_DAVIS,0.6968201247888952,inside
7_calsim,arcs,cs_I_DCC010,0.6715203830651648,inside
7_calsim,arcs,cs_I_DCM027,0.5422461961161006,partial
7_calsim,arcs,cs_I_DEE023,0.8728421358708875,partial
7_calsim,arcs,cs_I_DRC012,0.5935999931383205,partial
7_calsim,arcs,cs_I_EBF001,0.9390643864173818,inside
7_calsim,arcs,cs_I_ELD027,0.6439737934178023,outside
7_calsim,arcs,cs_I_FRDYC,0.8429011814591667,inside
7_calsim,arcs,cs_I_FRMAN,0.5076447585751792,inside
7_calsim,arcs,cs_I_FRMDW,0.7755198380563848,inside
7_calsim,arcs,cs_I_GZL009,0.8469909334297375,inside
7_calsim,arcs,cs_I_HHOLE,0.7653417789918078,inside
7_calsim,arcs,cs_I_HON021,0.6187854849580603,partial
7_calsim,arcs,cs_I_ICEHS,0.7322633269067204,inside
7_calsim,arcs,cs_I_JKSMD,0.5171932275539959,inside
7_calsim,arcs,cs_I_JNKSN,0.9031651971546351,partial
7_calsim,arcs,cs_I_LCC038,0.795343563293351,outside
7_calsim,arcs,cs_I_LJC022,0.44744710008611654,outside
7_calsim,arcs,cs_I_LNG012,0.598452162633124,inside
7_calsim,arcs,cs_I_LOONL,0.4657875133769608,inside
7_calsim,arcs,cs_I_LRB004,0.4754005393441162,inside
7_calsim,arcs,cs_I_MFA036,0.8163268333286635,inside
7_calsim,arcs,cs_I_MFM008,0.15966443608213465,inside
7_calsim,arcs,cs_I_MLC006,0.8671909643635287,partial
7_calsim,arcs,cs_I_MPS038,0.39267260923094804,partial
7_calsim,arcs,cs_I_NFS033,0.8542848793819657,inside
7_calsim,arcs,cs_I_NFY029,0.8353037930800511,inside
7_calsim,arcs,cs_I_NMA003,0.7068960326996324,inside
7_calsim,arcs,cs_I_OGN005,0.52183009552991,inside
7_calsim,arcs,cs_I_OWN040,0.7816038885288894,outside
7_calsim,arcs,cs_I_PCRST,0.8435544441458556,inside
7_calsim,arcs,cs_I_RCK001,0.8182930430972623,inside
7_calsim,arcs,cs_I_RLIEF,0.845091522730619,inside
7_calsim,arcs,cs_I_RUB047,0.5440661108361858,inside
7_calsim,arcs,cs_I_SFM005,0.8813668838443371,inside
7_calsim,arcs,cs_I_SFY048,0.9294195058283095,inside
7_calsim,arcs,cs_I_SILVR,0.5904082222413922,inside
7_calsim,arcs,cs_I_SLT009,0.684844001840953,inside
7_calsim,arcs,cs_I_SLTSP,0.6569263490636055,inside
7_calsim,arcs,cs_I_SLV006,0.714835310276183,inside
7_calsim,arcs,cs_I_SLV015,0.7056135956338591,inside
7_calsim,arcs,cs_I_SLYCK,0.6176447924447331,inside
7_calsim,arcs,cs_I_SPICE,0.8160522544835773,inside
7_calsim,arcs,cs_I_SPLDG,0.744282268663709,inside
7_calsim,arcs,cs_I_THM028,0.918917851088824,partial
7_calsim,arcs,cs_I_UBEAR,0.7820789898559032,inside
7_calsim,arcs,cs_I_UNVLY,0.735525911983685,inside
7_calsim,arcs,cs_I_WBR001,0.7169066967443856,inside
7_calsim,arcs_own,cs_I_ALMNR,0.6685188305950335,inside
7_calsim,arcs_own,cs_I_ANT011,0.7118826545080568,outside
7_calsim,arcs_own,cs_I_ANTLP,0.2826833718838544,inside
7_calsim,arcs_own,cs_I_BCC014,0.9307910723670277,outside
7_calsim,arcs_own,cs_I_BTL006,0.6248925351307932,inside
7_calsim,arcs_own,cs_I_CAPLS,0.5241428795536354,inside
7_calsim,arcs_own,cs_I_CFS001,0.6801278102819911,inside
7_calsim,arcs_own,cs_I_CMP001,0.7028000028616151,partial
7_calsim,arcs_own,cs_I_COL003,0.8189966569343321,inside
7_calsim,arcs_own,cs_I_CSM035,0.8412051461223693,partial
7_calsim,arcs_own,cs_I_CWD018,0.9137769264754626,inside
7_calsim,arcs_own,cs_I_DAVIS,0.6583809324822301,inside
7_calsim,arcs_own,cs_I_DCC010,0.6715203830651648,inside
7_calsim,arcs_own,cs_I_DCM027,0.5422461961161006,partial
7_calsim,arcs_own,cs_I_DEE023,0.5274446996570978,partial
7_calsim,arcs_own,cs_I_DRC012,0.5935999931383205,partial
7_calsim,arcs_own,cs_I_EBF001,0.586022052592194,inside
7_calsim,arcs_own,cs_I_ELD027,0.6439737934178023,outside
7_calsim,arcs_own,cs_I_FRDYC,0.8429011814591667,inside
7_calsim,arcs_own,cs_I_FRMAN,0.5076447585751792,inside
7_calsim,arcs_own,cs_I_FRMDW,0.7755198380563848,inside
7_calsim,arcs_own,cs_I_HHOLE,0.7653417789918078,inside
7_calsim,arcs_own,cs_I_HON021,0.6187854849580603,partial
7_calsim,arcs_own,cs_I_ICEHS,0.7322633269067204,inside
7_calsim,arcs_own,cs_I_JKSMD,0.5171932275539959,inside
7_calsim,arcs_own,cs_I_LCC038,0.795343563293351,outside
7_calsim,arcs_own,cs_I_LJC022,0.44744710008611654,outside
7_calsim,arcs_own,cs_I_LNG012,0.598452162633124,inside
7_calsim,arcs_own,cs_I_LOONL,0.4657875133769608,inside
7_calsim,arcs_own,cs_I_MFA036,0.8163268333286635,inside
7_calsim,arcs_own,cs_I_MFM008,0.15966443608213465,inside
7_calsim,arcs_own,cs_I_MLC006,0.8671909643635287,partial
7_calsim,arcs_own,cs_I_NFS033,0.8542848793819657,inside
7_calsim,arcs_own,cs_I_NFY029,0.8353037930800511,inside
7_calsim,arcs_own,cs_I_NMA003,0.7068960326996324,inside
7_calsim,arcs_own,cs_I_OGN005,0.52183009552991,inside
7_calsim,arcs_own,cs_I_PCRST,0.8435544441458556,inside
7_calsim,arcs_own,cs_I_RLIEF,0.845091522730619,inside
7_calsim,arcs_own,cs_I_SFM005,0.8813668838443371,inside
7_calsim,arcs_own,cs_I_SFY048,0.9294195058283095,inside
7_calsim,arcs_own,cs_I_SILVR,0.5904082222413922,inside
7_calsim,arcs_own,cs_I_SLT009,0.684844001840953,inside
7_calsim,arcs_own,cs_I_SLYCK,0.6176447924447331,inside
7_calsim,arcs_own,cs_I_SPICE,0.8160522544835773,inside
7_calsim,arcs_own,cs_I_SPLDG,0.744282268663709,inside
7_calsim,arcs_own,cs_I_THM028,0.918917851088824,partial
dPL-CalSim,usgs,usgs_11196400,-0.34657679839325883,outside
dPL-CalSim,usgs,usgs_11197250,0.10429625296784584,outside
dPL-CalSim,usgs,usgs_11199500,-0.4076599522043687,outside
dPL-CalSim,usgs,usgs_11209900,0.8895499876543307,inside
dPL-CalSim,usgs,usgs_11213500,0.8971165980056215,inside
dPL-CalSim,usgs,usgs_11214000,0.6704865633205682,inside
dPL-CalSim,usgs,usgs_11218500,0.8937871569096757,inside
dPL-CalSim,usgs,usgs_11224500,0.42501602482469125,outside
dPL-CalSim,usgs,usgs_11226500,0.6835331765645007,inside
dPL-CalSim,usgs,usgs_11230500,0.7550576677703906,inside
dPL-CalSim,usgs,usgs_11237500,0.8591928411400958,inside
dPL-CalSim,usgs,usgs_11253310,0.5382782545909379,outside
dPL-CalSim,usgs,usgs_11264500,0.8802433811571209,inside
dPL-CalSim,usgs,usgs_11266500,0.9074256378471705,inside
dPL-CalSim,usgs,usgs_11269300,0.6025384569439012,inside
dPL-CalSim,usgs,usgs_11274500,0.05432290570053555,outside
dPL-CalSim,usgs,usgs_11274630,-0.02244611616410852,outside
dPL-CalSim,usgs,usgs_11275000,0.6764091525895953,inside
dPL-CalSim,usgs,usgs_11281000,0.7865241143294894,inside
dPL-CalSim,usgs,usgs_11282000,0.6537360207886866,inside
dPL-CalSim,usgs,usgs_11283500,0.7366731726461349,inside
dPL-CalSim,usgs,usgs_11284400,0.5369778720807552,inside
dPL-CalSim,usgs,usgs_11292500,0.7915153717741505,inside
dPL-CalSim,usgs,usgs_11294000,0.8284129151800177,inside
dPL-CalSim,usgs,usgs_11294500,0.8017319785224555,inside
dPL-CalSim,usgs,usgs_11299600,0.42777744861958167,inside
dPL-CalSim,usgs,usgs_11315000,0.6661773615380041,inside
dPL-CalSim,usgs,usgs_11316800,0.7949598849165032,inside
dPL-CalSim,usgs,usgs_11318500,0.8658805162616393,inside
dPL-CalSim,usgs,usgs_11334300,0.5819370417310532,partial
dPL-CalSim,usgs,usgs_11337500,0.4738052785328205,outside
dPL-CalSim,usgs,usgs_11341400,0.8484265445844892,inside
dPL-CalSim,usgs,usgs_11371000,0.85326973015986,inside
dPL-CalSim,usgs,usgs_11374000,0.8253825631525856,inside
dPL-CalSim,usgs,usgs_11375700,0.8457930344781632,inside
dPL-CalSim,usgs,usgs_11379000,0.5724154900895081,outside
dPL-CalSim,usgs,usgs_11390672,0.4568674391366787,outside
dPL-CalSim,usgs,usgs_11394500,0.7044695967719666,inside
dPL-CalSim,usgs,usgs_11396400,0.48659733270003414,inside
dPL-CalSim,usgs,usgs_11408850,0.5549328193676937,inside
dPL-CalSim,usgs,usgs_11409300,0.5388345098806491,inside
dPL-CalSim,usgs,usgs_11413100,0.9342322509136591,inside
dPL-CalSim,usgs,usgs_11414000,0.9012487210731439,inside
dPL-CalSim,usgs,usgs_11426150,0.6858915970044012,inside
dPL-CalSim,usgs,usgs_11427700,0.7511548774360628,inside
dPL-CalSim,usgs,usgs_11433260,0.5106513405258584,inside
dPL-CalSim,usgs,usgs_11449500,0.6700995330905928,outside
dPL-CalSim,usgs,usgs_11451100,0.7643649901740863,outside
dPL-CalSim,usgs,usgs_11523200,0.8041226043119833,partial
dPL-CalSim,uf,uf_02,0.8229423410640673,outside
dPL-CalSim,uf,uf_03,0.9135033806459132,outside
dPL-CalSim,uf,uf_04,0.9747909995366143,outside
dPL-CalSim,uf,uf_06,0.9118246801279183,inside
dPL-CalSim,uf,uf_07,0.944835219378212,partial
dPL-CalSim,uf,uf_10,0.9177200731716482,partial
dPL-CalSim,uf,uf_13,0.8478588276141166,partial
dPL-CalSim,uf,uf_20,0.8276153507760823,partial
dPL-CalSim,uf,uf_21,0.8890860228616967,partial
dPL-CalSim,arcs,cs_I_ALMNR,0.7610940799848608,inside
dPL-CalSim,arcs,cs_I_ANT011,0.8469328967551867,outside
dPL-CalSim,arcs,cs_I_ANTLP,0.529339182392446,inside
dPL-CalSim,arcs,cs_I_BCC014,0.8059551800434395,outside
dPL-CalSim,arcs,cs_I_BCK040,0.8332997308276422,partial
dPL-CalSim,arcs,cs_I_BCN010,0.6860137033362199,inside
dPL-CalSim,arcs,cs_I_BTL006,0.6895410168891668,inside
dPL-CalSim,arcs,cs_I_BUCKS,0.7876405628516405,inside
dPL-CalSim,arcs,cs_I_BVC007,0.7950502517489628,inside
dPL-CalSim,arcs,cs_I_CAPLS,0.5584825156162873,inside
dPL-CalSim,arcs,cs_I_CFS001,0.8120796428890296,inside
dPL-CalSim,arcs,cs_I_CMP001,0.7836730362499394,partial
dPL-CalSim,arcs,cs_I_CMP014,0.6935770268694876,partial
dPL-CalSim,arcs,cs_I_COL003,0.8201861499522033,inside
dPL-CalSim,arcs,cs_I_CSM035,0.8514539347872677,partial
dPL-CalSim,arcs,cs_I_CWD018,0.8962960501090345,inside
dPL-CalSim,arcs,cs_I_DAVIS,0.716278249011234,inside
dPL-CalSim,arcs,cs_I_DCC010,0.7489050454185716,inside
dPL-CalSim,arcs,cs_I_DCM027,0.5055146266904201,partial
dPL-CalSim,arcs,cs_I_DEE023,0.8052662205633646,partial
dPL-CalSim,arcs,cs_I_DRC012,0.5841881591826756,partial
dPL-CalSim,arcs,cs_I_EBF001,0.9502481037428077,inside
dPL-CalSim,arcs,cs_I_ELD027,0.6346338785145129,outside
dPL-CalSim,arcs,cs_I_FRDYC,0.8304304102808683,inside
dPL-CalSim,arcs,cs_I_FRMAN,0.5776094592828076,inside
dPL-CalSim,arcs,cs_I_FRMDW,0.842465696838779,inside
dPL-CalSim,arcs,cs_I_GZL009,0.8374948629304027,inside
dPL-CalSim,arcs,cs_I_HHOLE,0.7839209909849698,inside
dPL-CalSim,arcs,cs_I_HON021,0.5983281469227073,partial
dPL-CalSim,arcs,cs_I_ICEHS,0.680130562360179,inside
dPL-CalSim,arcs,cs_I_JKSMD,0.46434373831353437,inside
dPL-CalSim,arcs,cs_I_JNKSN,0.8519018570094128,partial
dPL-CalSim,arcs,cs_I_LCC038,0.8357156259023806,outside
dPL-CalSim,arcs,cs_I_LJC022,0.37940969397795965,outside
dPL-CalSim,arcs,cs_I_LNG012,0.6926199695578751,inside
dPL-CalSim,arcs,cs_I_LOONL,0.47117903293669616,inside
dPL-CalSim,arcs,cs_I_LRB004,0.5077548806499959,inside
dPL-CalSim,arcs,cs_I_MFA036,0.741650211731627,inside
dPL-CalSim,arcs,cs_I_MFM008,0.13575867884564863,inside
dPL-CalSim,arcs,cs_I_MLC006,0.9075960250805537,partial
dPL-CalSim,arcs,cs_I_MPS038,0.4231690279314455,partial
dPL-CalSim,arcs,cs_I_NFS033,0.8041872473036942,inside
dPL-CalSim,arcs,cs_I_NFY029,0.7982112404800454,inside
dPL-CalSim,arcs,cs_I_NMA003,0.7056274154449059,inside
dPL-CalSim,arcs,cs_I_OGN005,0.599438305150908,inside
dPL-CalSim,arcs,cs_I_OWN040,0.8411342471029868,outside
dPL-CalSim,arcs,cs_I_PCRST,0.7647253172777706,inside
dPL-CalSim,arcs,cs_I_RCK001,0.7084527504741421,inside
dPL-CalSim,arcs,cs_I_RLIEF,0.8794240266843563,inside
dPL-CalSim,arcs,cs_I_RUB047,0.5790498500047419,inside
dPL-CalSim,arcs,cs_I_SFM005,0.9801082980131026,inside
dPL-CalSim,arcs,cs_I_SFY048,0.8971927412159909,inside
dPL-CalSim,arcs,cs_I_SILVR,0.5798657515110226,inside
dPL-CalSim,arcs,cs_I_SLT009,0.7411641062698737,inside
dPL-CalSim,arcs,cs_I_SLTSP,0.6105032940920325,inside
dPL-CalSim,arcs,cs_I_SLV006,0.6657430205558814,inside
dPL-CalSim,arcs,cs_I_SLV015,0.6896697693410624,inside
dPL-CalSim,arcs,cs_I_SLYCK,0.6209540859498568,inside
dPL-CalSim,arcs,cs_I_SPICE,0.8148169793017592,inside
dPL-CalSim,arcs,cs_I_SPLDG,0.719180892621111,inside
dPL-CalSim,arcs,cs_I_THM028,0.9130569571580501,partial
dPL-CalSim,arcs,cs_I_UBEAR,0.8242134904968426,inside
dPL-CalSim,arcs,cs_I_UNVLY,0.7174581519410377,inside
dPL-CalSim,arcs,cs_I_WBR001,0.5954342179449683,inside
dPL-CalSim,arcs_own,cs_I_ALMNR,0.7610940799848608,inside
dPL-CalSim,arcs_own,cs_I_ANT011,0.6448890641480853,outside
dPL-CalSim,arcs_own,cs_I_ANTLP,0.529339182392446,inside
dPL-CalSim,arcs_own,cs_I_BCC014,0.8059551800434395,outside
dPL-CalSim,arcs_own,cs_I_BTL006,0.6895410168891668,inside
dPL-CalSim,arcs_own,cs_I_CAPLS,0.5584825156162873,inside
dPL-CalSim,arcs_own,cs_I_CFS001,0.8120796428890296,inside
dPL-CalSim,arcs_own,cs_I_CMP001,0.7836730362499394,partial
dPL-CalSim,arcs_own,cs_I_COL003,0.8201861499522033,inside
dPL-CalSim,arcs_own,cs_I_CSM035,0.8514539347872677,partial
dPL-CalSim,arcs_own,cs_I_CWD018,0.8962960501090345,inside
dPL-CalSim,arcs_own,cs_I_DAVIS,0.7259597963642436,inside
dPL-CalSim,arcs_own,cs_I_DCC010,0.7489050454185716,inside
dPL-CalSim,arcs_own,cs_I_DCM027,0.5055146266904201,partial
dPL-CalSim,arcs_own,cs_I_DEE023,0.21116248659319714,partial
dPL-CalSim,arcs_own,cs_I_DRC012,0.5841881591826756,partial
dPL-CalSim,arcs_own,cs_I_EBF001,0.8534176996425971,inside
dPL-CalSim,arcs_own,cs_I_ELD027,0.6346338785145129,outside
dPL-CalSim,arcs_own,cs_I_FRDYC,0.8304304102808683,inside
dPL-CalSim,arcs_own,cs_I_FRMAN,0.5776094592828076,inside
dPL-CalSim,arcs_own,cs_I_FRMDW,0.842465696838779,inside
dPL-CalSim,arcs_own,cs_I_HHOLE,0.7839209909849698,inside
dPL-CalSim,arcs_own,cs_I_HON021,0.5983281469227073,partial
dPL-CalSim,arcs_own,cs_I_ICEHS,0.680130562360179,inside
dPL-CalSim,arcs_own,cs_I_JKSMD,0.46434373831353437,inside
dPL-CalSim,arcs_own,cs_I_LCC038,0.8357156259023806,outside
dPL-CalSim,arcs_own,cs_I_LJC022,0.37940969397795965,outside
dPL-CalSim,arcs_own,cs_I_LNG012,0.6926199695578751,inside
dPL-CalSim,arcs_own,cs_I_LOONL,0.47117903293669616,inside
dPL-CalSim,arcs_own,cs_I_MFA036,0.741650211731627,inside
dPL-CalSim,arcs_own,cs_I_MFM008,0.13575867884564863,inside
dPL-CalSim,arcs_own,cs_I_MLC006,0.9075960250805537,partial
dPL-CalSim,arcs_own,cs_I_NFS033,0.8041872473036942,inside
dPL-CalSim,arcs_own,cs_I_NFY029,0.7982112404800454,inside
dPL-CalSim,arcs_own,cs_I_NMA003,0.7056274154449059,inside
dPL-CalSim,arcs_own,cs_I_OGN005,0.599438305150908,inside
dPL-CalSim,arcs_own,cs_I_PCRST,0.7647253172777706,inside
dPL-CalSim,arcs_own,cs_I_RLIEF,0.8794240266843563,inside
dPL-CalSim,arcs_own,cs_I_SFM005,0.9801082980131026,inside
dPL-CalSim,arcs_own,cs_I_SFY048,0.8971927412159909,inside
dPL-CalSim,arcs_own,cs_I_SILVR,0.5798657515110226,inside
dPL-CalSim,arcs_own,cs_I_SLT009,0.7411641062698737,inside
dPL-CalSim,arcs_own,cs_I_SLYCK,0.6209540859498568,inside
dPL-CalSim,arcs_own,cs_I_SPICE,0.8148169793017592,inside
dPL-CalSim,arcs_own,cs_I_SPLDG,0.719180892621111,inside
dPL-CalSim,arcs_own,cs_I_THM028,0.9130569571580501,partial
