gid,tier,tier_label,area_km2_delineated,frac_in_calsim,n_obs,coverage_frac,first_obs,last_obs,synthetic,station_name,lat,lon,area_km2_usgs,area_ratio_delin_over_usgs
11196400,2,mixed,424.914162,0.99866,7826,0.3105,1961-10-01,1983-03-05,False,CALIENTE C AB TEHACHAPI C NR CALIENTE CA,35.31134824,-118.5703669,427.34802,0.9943
11197250,2,mixed,145.846792,0.99767,9130,0.3623,1961-10-01,1986-09-29,False,AVENAL C NR AVENAL CA,35.85412696,-120.1270849,147.8883148,0.9862
11199500,2,mixed,234.707382,1.0,13831,0.5488,1950-01-01,2005-09-30,False,WHITE R NR DUCOR CA,35.814583,-118.928319,239.83288879999998,0.9786
11203580,2,mixed,51.947989,1.0,5443,0.216,2000-01-22,2014-12-31,False,SF TULE R NR CHOLOLLO CAMPGROUND NR PORTERVILLE CA,36.0482899,-118.6542574,52.0587588,0.9979
11204100,2,mixed,249.129685,1.0,5164,0.2049,2000-09-02,2014-12-31,False,SF TULE R NR RESERVATION BNDRY NR PORTERVILLE CA,36.02411648,-118.8134258,248.1208504,1.0041
11208000,3,snow,132.679085,1.0,3928,0.1559,1950-04-01,1960-12-31,False,MARBLE F KAWEAH R (R ONLY) A POTWISHA CAMP CA,36.5218899,-118.7992652,133.1253832,0.9966
11208500,2,mixed,4.882494,1.0,2313,0.0918,1967-06-01,1973-09-29,False,MF KAWEAH TRIB NR HAMMOND CA,36.49300156,-118.825932,4.920977199999999,0.9922
11209900,2,mixed,1085.216984,1.0,11688,0.4638,1958-10-01,1990-09-30,False,KAWEAH R A THREE RIVERS CA,36.4438363,-118.9034335,1082.614984,1.0024
11213500,3,snow,2465.67487,0.99968,11960,0.4746,1950-01-01,1982-09-29,False,KINGS R AB NF NR TRIMMER CA,36.8632806,-119.124282,2465.668576,1.0
11214000,3,snow,97.464112,1.0,9130,0.3623,1956-10-01,1981-09-29,False,NF KINGS R BL MEADOWBROOK CA,37.08133045,-118.862888,97.6425476,0.9982
11218500,2,mixed,3473.577869,0.99977,11550,0.4583,1962-03-01,1993-10-13,False,KINGS R BL NF NR TRIMMER CA,36.87466959,-119.1417828,3475.763896,0.9994
11220000,2,mixed,181.092192,1.0,7305,0.2899,1953-10-01,1973-09-30,False,BIG C AB PINE FLAT RES NR TRIMMER CA,36.91633697,-119.2445652,181.29916,0.9989
11220500,1,rain,145.113905,1.0,7457,0.2959,1953-05-01,1973-09-29,False,SYCAMORE C AB PINE FLAT RES NR TRIMMER CA,36.9202264,-119.3098459,145.2983268,0.9987
11224500,2,mixed,247.688077,0.99863,23610,0.9368,1950-01-01,2014-12-31,False,LOS GATOS C AB NUNEZ CYN NR COALINGA CA,36.21466074,-120.4706956,248.1208504,0.9983
11226500,3,snow,650.469648,0.99901,14534,0.5767,1951-10-01,1991-09-30,False,SAN JOAQUIN R A MILLER CROSSING CA,37.51049707,-119.1973476,644.907012,1.0086
11230500,2,mixed,135.6825,0.99955,21677,0.8601,1950-01-01,2014-10-31,False,BEAR C NR LAKE THOMAS A EDISON CA,37.3393863,-118.9734513,135.97437,0.9979
11237500,3,snow,60.236876,1.0,21958,0.8713,1950-01-01,2013-12-31,False,PITMAN C BL TAMARACK C CA,37.19855659,-119.2137328,59.31072519999999,1.0156
11253310,2,mixed,120.180068,0.99946,17418,0.6911,1966-10-01,2014-12-31,False,CANTUA C NR CANTUA CREEK CA,36.40217399,-120.4334917,120.17544319999999,1.0
11257500,2,mixed,345.484122,0.99988,7670,0.3043,1950-01-01,1970-12-31,False,FRESNO R NR KNOWLES CA,37.2371691,-119.7748763,344.468404,1.0029
11258000,2,mixed,668.761326,0.99972,7670,0.3043,1950-01-01,1970-12-31,False,FRESNO R BL HIDDEN DAM NR DAULTON CA,37.09744734,-119.8896013,668.216904,1.0008
11259000,1,rain,614.426795,0.9994,8307,0.3296,1950-01-01,1972-09-29,False,CHOWCHILLA R BL BUCHANAN DAM NR RAYMOND CA,37.21550105,-119.991276,611.237168,1.0052
11264500,3,snow,468.199608,0.9996,23525,0.9335,1950-01-01,2014-12-31,False,MERCED R A HAPPY ISLES BRIDGE NR YOSEMITE CA,37.73130354,-119.5590243,468.787828,0.9987
11266500,3,snow,833.94497,0.99951,23505,0.9327,1950-01-01,2014-12-31,False,MERCED R A POHONO BRIDGE NR YOSEMITE CA,37.71627778,-119.6656667,831.3861479999999,1.0031
11268000,3,snow,623.092431,0.99928,8956,0.3554,1951-04-01,1975-10-07,False,SF MERCED R NR EL PORTAL CA,37.6513197,-119.8854532,624.187108,0.9982
11269300,1,rain,44.193021,0.99937,7304,0.2898,1959-10-01,1980-09-29,False,MAXWELL C A COULTERVILLE CA,37.71604127,-120.1899102,44.029796,1.0037
11274500,2,mixed,349.524223,0.99824,23616,0.9371,1950-01-01,2014-12-31,False,ORESTIMBA C NR NEWMAN CA,37.3154653,-121.125171,347.05839199999997,1.0071
11274630,2,mixed,188.334012,0.99775,17752,0.7044,1965-06-18,2014-12-31,False,DEL PUERTO C NR PATTERSON CA,37.48657227,-121.2090645,188.0331288,1.0016
11275000,3,snow,119.515579,0.99782,12233,0.4854,1950-01-01,1983-09-29,False,FALLS C NR HETCH HETCHY CA,37.97075376,-119.7643429,119.139448,1.0032
11281000,2,mixed,225.708775,0.99881,18758,0.7443,1950-01-01,2002-09-30,False,SF TUOLUMNE R NR OAKLAND RECREATION CAMP CA,37.82159266,-120.0129616,225.328956,1.0017
11282000,3,snow,187.355542,0.99842,18619,0.7388,1950-01-01,2002-09-30,False,M TUOLUMNE R A OAKLAND RECREATION CAMP CA,37.82825915,-120.0115727,190.364118,0.9842
11283500,2,mixed,373.556633,0.99934,11915,0.4728,1959-10-01,1995-06-13,False,CLAVEY R NR BUCK MEADOWS CA,37.90048017,-120.0718517,372.95827199999997,1.0016
11284400,1,rain,41.626131,0.99995,16660,0.6611,1969-05-01,2014-12-31,False,BIG C AB WHITES GULCH NR GROVELAND CA,37.8418518,-120.1848757,42.475803199999994,0.98
11292500,3,snow,174.800999,0.99729,15732,0.6242,1950-10-01,1994-09-30,False,CLARK FORK STANISLAUS R NR DARDANELLE CA,38.36380105,-119.8712915,174.82419,0.9999
11294000,3,snow,117.897785,0.99941,10319,0.4095,1952-10-01,1980-12-31,False,HIGHLAND C BL SPICER MEADOWS RES CA,38.3929682,-119.9990737,117.5854552,1.0027
11294500,3,snow,428.712663,0.99907,14245,0.5652,1950-01-01,1988-12-31,False,NF STANISLAUS R NR AVERY CA,38.2438067,-120.2910282,429.93800799999997,0.9971
11299600,1,rain,37.273596,0.99931,11402,0.4524,1983-08-24,2014-12-31,False,BLACK C NR COPPEROPOLIS CA,37.96103615,-120.6152035,37.2958272,0.9994
11315000,3,snow,53.835063,0.99935,22925,0.9097,1950-01-01,2014-12-31,False,COLE C NR SALT SPRINGS DAM CA,38.5190783,-120.2126928,54.389748,0.9898
11316800,2,mixed,54.517491,1.0,20159,0.7999,1960-08-01,2015-12-31,False,FOREST C NR WILSEYVILLE CA,38.40324566,-120.4468676,53.8717504,1.012
11318500,2,mixed,194.068885,0.99965,23998,0.9522,1950-01-01,2015-12-31,False,SF MOKELUMNE R NR WEST POINT CA,38.36824625,-120.5454823,194.50809879999997,0.9977
11334300,2,mixed,166.064286,0.99984,8400,0.3333,1957-10-01,1980-09-29,False,SF COSUMNES R NR RIVER PINES CA,38.5568511,-120.7932682,166.5362284,0.9972
11337500,2,mixed,110.249514,0.99688,11139,0.442,1953-04-01,1983-09-29,False,MARSH C NR BYRON CA,37.87325835,-121.7271752,110.3334888,0.9992
11341400,2,mixed,333.008065,0.99913,10226,0.4058,1959-10-01,1987-09-29,False,SACRAMENTO R NR MT SHASTA CA,41.26654165,-122.311677,349.64838,0.9524
11371000,2,mixed,298.427657,0.99973,15621,0.6198,1950-10-01,1993-09-30,False,CLEAR C A FRENCH GULCH CA,40.6948699,-122.6366845,297.84862,1.0019
11372000,1,rain,590.959576,0.99919,4383,0.1739,1950-01-01,1961-12-31,False,CLEAR C NR IGO CA,40.51320587,-122.5241795,590.517264,1.0007
11374000,1,rain,1094.780303,0.99978,11323,0.4493,1950-01-01,1980-12-31,False,COW C NR MILLVILLE CA,40.50487467,-122.2330577,1100.7449,0.9946
11375700,2,mixed,227.065494,0.99881,8765,0.3478,1956-10-01,1980-09-29,False,NF COTTONWOOD C NR IGO CA,40.4420952,-122.5502903,229.7319356,0.9884
11379000,1,rain,318.81824,0.99895,11960,0.4746,1950-01-01,1982-09-29,False,ANTELOPE C NR RED BLUFF CA,40.2037674,-122.1183272,318.56852399999997,1.0008
11390672,2,mixed,100.264672,0.99997,9678,0.384,1958-04-01,1985-09-29,False,STONE CORRAL C NR SITES CA,39.2882206,-122.3010909,98.9375416,1.0134
11394500,2,mixed,2750.350438,0.99889,12783,0.5072,1951-10-01,1986-09-29,False,MF FEATHER R NR MERRIMAC CA,39.7082199,-121.2705175,2750.567256,0.9999
11396400,1,rain,48.788984,0.99984,8127,0.3225,1965-07-01,1987-09-30,False,SUCKER RUN NR FORBESTOWN CA,39.55322067,-121.302185,48.4327756,1.0074
11408850,2,mixed,350.394393,0.99853,4885,0.1938,1967-08-18,1980-12-31,False,M YUBA R NR CAMPTONVILLE CA,39.41683845,-120.9527274,352.238368,0.9948
11409300,1,rain,59.698054,0.99917,12023,0.4771,1967-10-01,2000-09-30,False,OREGON C A CAMPTONVILLE CA,39.4460031,-121.046343,59.569724,1.0022
11409500,2,mixed,89.10747,0.99892,7214,0.2862,1950-01-01,1969-10-01,False,OREGON C NR NORTH SAN JUAN CA,39.4026698,-121.0774542,89.0955872,1.0001
11413100,2,mixed,907.52094,0.99972,6758,0.2682,1968-07-01,1986-12-31,False,N YUBA R AB SLATE C NR STRAWBERRY CA,39.52461288,-121.0916235,909.085788,0.9983
11413320,2,mixed,8.127935,0.99881,6958,0.2761,1994-10-01,2014-12-31,False,DEADWOOD C NR STRAWBERRY VALLEY CA,39.54989055,-121.0944014,8.18436208,0.9931
11413323,2,mixed,5.391029,0.99123,6590,0.2615,1994-10-01,2014-12-31,False,OWL GULCH NR STRAWBERRY VALLEY CA,39.5454461,-121.0952348,5.36127516,1.0055
11414000,3,snow,135.516369,0.99809,11323,0.4493,1950-01-01,1980-12-31,False,S YUBA R NR CISCO CA,39.3212909,-120.5643753,134.1613784,1.0101
11418000,2,mixed,2871.410342,0.99903,7305,0.2899,1950-01-01,1969-12-31,False,YUBA R BL ENGLEBRIGHT DAM NR SMARTSVILLE CA,39.23517079,-121.2741256,2869.706704,1.0006
11426150,3,snow,9.32846,1.0,7306,0.2899,1959-10-01,1979-10-01,False,ONION C NR SODA SPRINGS CA,39.26712708,-120.3649233,9.27215704,1.0061
11427700,3,snow,25.637131,0.99759,19009,0.7543,1961-07-31,2014-12-31,False,DUNCAN CYN C NR FRENCH MEADOWS CA,39.1357376,-120.4785353,25.74448072,0.9958
11433260,2,mixed,229.581304,0.99919,7365,0.2922,1965-08-01,1985-09-29,False,NF OF MF AMERICAN R NR FORESTHILL CA,39.0240671,-120.7185401,230.24993320000002,0.9971
11433300,2,mixed,1348.247851,0.99828,3014,0.1196,1958-10-01,1966-12-31,False,MF AMERICAN R NR FORESTHILL CA,39.0060108,-120.7607633,1357.153712,0.9934
11433500,2,mixed,1590.977349,0.99846,5203,0.2065,1950-01-01,1964-12-31,False,MF AMERICAN R NR AUBURN CA,38.917954,-121.0152215,1590.252632,1.0005
11445500,2,mixed,1743.560145,0.99858,3014,0.1196,1951-10-01,1959-12-31,False,SF AMERICAN R NR LOTUS CA,38.81851188,-120.946885,1743.0619239999999,1.0003
11449500,1,rain,95.030973,0.99743,23379,0.9277,1950-01-01,2014-12-31,False,KELSEY C NR KELSEYVILLE CA,38.9273642,-122.8435719,94.79356080000001,1.0025
11451100,1,rain,155.193556,0.99709,15653,0.6211,1971-10-01,2015-12-31,False,NF CACHE C A HOUGH SPRING NR CLEARLAKE OAKS CA,39.1654458,-122.6199862,155.9172776,0.9954
11451715,1,rain,247.592273,0.99894,6051,0.2401,1997-11-21,2014-12-31,False,BEAR C AB HOLSTEN CHIMNEY CYN NR RUMSEY CA,38.95764605,-122.342726,245.78986120000002,1.0073
11523200,3,snow,383.325385,0.99839,20747,0.8232,1957-10-01,2014-12-31,False,TRINITY R AB COFFEE C NR TRINITY CENTER CA,41.11122108,-122.7055474,385.908212,0.9933
11525500,2,mixed,1862.092717,0.99821,4018,0.1594,1950-01-01,1960-12-31,False,TRINITY R A LEWISTON CA,40.7247222,-122.801111,1862.201372,0.9999
