arc,node,set,n_months,kge,nse,pbias,r,mean_set_taf,mean_calsim3_taf,cov_frac,n_hru
I_ALD002,ALD002,15cdec,1167,0.7783276130401879,0.6204122695308958,-7.411392016435194,0.8008330527318964,0.3317639439892514,0.35832047939217543,1.015,3.0
I_ALD002,ALD002,11obs,1167,0.7976664055956537,0.5919162243257126,-0.6020627518986776,0.7979935344947021,0.35616316525333036,0.35832047939217543,1.015,2.0
I_ALD002,ALD002,vic,1167,0.7168957038065338,0.42031776877519267,-0.6978926897901336,0.7548289547712177,0.35581978696047645,0.35832047939217543,,
I_ALD004,ALD004,15cdec,1167,0.7898997933634861,0.7793298461071541,-12.302106668495417,0.8866461379445725,1.7540029571481583,2.0000514157368596,0.981,11.0
I_ALD004,ALD004,11obs,1167,0.8965311090037916,0.8014813743966449,3.1492005208972116,0.9017338708112003,2.063037045339457,2.0000514157368596,1.005,5.0
I_ALD004,ALD004,vic,1167,0.8556052643622303,0.7382688118823445,1.766365819861,0.8821337134481758,2.0353796403240816,2.0000514157368596,,
I_ALMNR,ALMNR,15cdec,1167,0.12161674531275035,-0.16659375779090424,-6.508765227363542,0.8935060036363459,37.97597133492279,40.61982005829472,0.913,93.0
I_ALMNR,ALMNR,11obs,1167,0.17137316204662034,-0.10147750651965848,1.6471173647669939,0.8823768269171842,41.288876168011996,40.61982005829472,1.0,37.0
I_ALMNR,ALMNR,vic,1167,-0.20938614609158712,-0.9053873711685783,4.203786258836443,0.8979835903007113,42.3273904722694,40.61982005829472,,
I_ALOHA,ALOHA,15cdec,1167,0.19235894998542502,0.22874184178337664,-59.83007769838343,0.7066377978607903,0.40813604893942634,1.0160239939597828,0.998,3.0
I_ALOHA,ALOHA,11obs,1167,0.5666382662956884,0.5759576451504744,-40.121261604829456,0.8386733883409176,0.6083823493753417,1.0160239939597828,0.945,2.0
I_ALOHA,ALOHA,vic,1167,0.5346200475038229,0.6479698461363443,-41.88401498329446,0.8769381756710823,0.5904723520958006,1.0160239939597828,,
I_ANG017,ANG017,15cdec,1167,-0.20784466046439376,-0.18661234650146552,-87.72855744375163,0.6823963801209888,0.07931642143972316,0.6463496127383721,0.969,2.0
I_ANG017,ANG017,11obs,1167,-0.16324244976450264,-0.11869700658073046,-83.40657119660423,0.729945678163042,0.107251562810766,0.6463496127383721,0.969,2.0
I_ANG017,ANG017,vic,1167,-0.060247049032155386,0.006040993775492498,-77.40666558099639,0.6883918136918863,0.14603192952191515,0.6463496127383721,,
I_ANTLP,ANTLP,15cdec,1167,0.009587774829327378,0.19333533279591353,-72.81892916104326,0.716647907675497,0.76641768908976,2.8196743742388057,0.914,22.0
I_ANTLP,ANTLP,11obs,1167,0.4832050749292818,0.49119253010754815,-28.61355949473357,0.7264673578322768,2.0128651696082285,2.8196743742388057,0.996,10.0
I_ANTLP,ANTLP,vic,1167,0.7408339453661541,0.60474436550532,-8.404455944523797,0.7853890144818068,2.582696083676878,2.8196743742388057,,
I_BCN010,BCN010,15cdec,1167,0.8229735529640119,0.64872650057356,3.9178623325632156,0.8286425234782493,5.189597496801366,4.99394173466863,0.938,20.0
I_BCN010,BCN010,11obs,1167,0.6447606802887516,0.6847690937684725,33.06590601888357,0.8839443687034985,6.645233815291964,4.99394173466863,1.0,13.0
I_BCN010,BCN010,vic,1167,0.586111906344069,0.5902450535455099,9.041695680892829,0.9104271760869425,5.445478748798468,4.99394173466863,,
I_BEARD,BEARD,15cdec,1167,0.17246306137971912,0.2424175004850312,-56.45475639424605,0.700348191690979,1.0483545399322733,2.4075064303779588,1.001,11.0
I_BEARD,BEARD,11obs,1167,0.10675507005021712,0.14955960797353984,-63.880080365543016,0.659875971994051,0.869589387846903,2.4075064303779588,1.001,4.0
I_BEARD,BEARD,vic,1167,0.26603684207064004,0.2577694113087713,-55.03790864808341,0.6674196344130385,1.0824652405298039,2.4075064303779588,,
I_BLKBT,BLKBT,9unimp,1167,0.9002897100192315,0.8935681619184207,-0.18049093534381805,0.9457443251682972,17.04433087404658,17.0751499719423,0.981,40.0
I_BLKBT,BLKBT,11obs,1167,0.7061350191051547,0.8513577372087067,-15.691145635697644,0.9450668930266587,14.395863322331047,17.0751499719423,0.981,40.0
I_BLKBT,BLKBT,vic,1167,0.8844378394701471,0.8706470567206328,9.297162624754812,0.938894757452562,18.66265443325455,17.0751499719423,,
I_BOWMN,BOWMN,15cdec,1167,0.6250922651140494,0.716399321025182,-25.24528025727424,0.884635948267375,4.8677813718078715,6.5116709534337405,0.997,8.0
I_BOWMN,BOWMN,11obs,1167,0.7375465807653709,0.7317121322641815,-23.715555819330895,0.8887601178731968,4.967391993701005,6.5116709534337405,1.001,6.0
I_BOWMN,BOWMN,vic,1167,0.7445954174965548,0.7741617125598337,-23.84466978979156,0.90852868895923,4.958984516789693,6.5116709534337405,,
I_BRC003,BRC003,9unimp,1167,0.6918536961024393,0.6145055096375945,-9.963149777076696,0.7853732870911888,2.446641467579081,2.717377897517974,1.0,16.0
I_BRC003,BRC003,vic,1167,0.5391094088899466,0.6305892243920579,35.407865452952926,0.8949484860269858,3.6795434073194198,2.717377897517974,,
I_BRR023,BRR023,9unimp,1167,0.8064926104677033,0.875255893063722,-16.353337445266355,0.9419104205354706,6.301725964997885,7.533744649853056,1.0,20.0
I_BRR023,BRR023,vic,1167,0.7560698385495844,0.7760457319753812,8.785465697054233,0.9284274704120257,8.195619201769555,7.533744649853056,,
I_BSH003,BSH003,15cdec,1167,0.7192202511669117,0.41726496494194143,-0.8232962705597737,0.7463175410419796,0.9351504840065762,0.9429134553188223,1.001,5.0
I_BSH003,BSH003,11obs,1167,0.6977305988366183,0.5287713755421797,-19.523404775155594,0.7705189411664711,0.7588246447575228,0.9429134553188223,1.001,3.0
I_BSH003,BSH003,vic,1167,0.6093766351076011,0.19976859081800258,-11.502882338447362,0.689873916907757,0.8344512300001098,0.9429134553188223,,
I_BTL006,BTL006,15cdec,1167,0.1344419184073944,-0.015010664353003467,13.349420272199943,0.9340054405434209,32.89175804265288,29.018020527732606,0.936,84.0
I_BTL006,BTL006,11obs,1167,-0.018242932949595447,-0.6091519714892919,46.25420441548643,0.9292529800712045,42.44007505995786,29.018020527732606,1.0,40.0
I_BTL006,BTL006,vic,1167,-0.4231247967604521,-1.5027227363810138,22.30309747051772,0.9140105658501815,35.48993793004765,29.018020527732606,,
I_BTVLY,BTVLY,15cdec,1167,0.3038624165099597,0.09146641379584486,31.01815207361503,0.8653524016126208,7.457784493497494,5.692176523224962,0.967,30.0
I_BTVLY,BTVLY,11obs,1167,0.3633126447890864,0.2531887037504936,26.518259731594895,0.8892985172498362,7.201642678034625,5.692176523224962,1.0,14.0
I_BTVLY,BTVLY,vic,1167,0.15804148854745625,-0.060093711897109214,35.65759338413574,0.9005431282259976,7.721869682583754,5.692176523224962,,
I_BUCKS,BUCKS,15cdec,1167,0.5525634246907625,0.008582055391513688,-6.411470641226047,0.6068598327746648,6.843230145117224,7.312039404832969,0.978,13.0
I_BUCKS,BUCKS,11obs,1167,0.7588718502122462,0.5878327890052402,-8.651832976857522,0.7849223423749159,6.679413968324814,7.312039404832969,1.001,7.0
I_BUCKS,BUCKS,vic,1167,0.7211281592180123,0.4467591863154229,-8.979245249705327,0.7573538462535592,6.655473453917923,7.312039404832969,,
I_BVC007,BVC007,15cdec,1167,0.6762451628926957,0.6827371377776437,20.248767240834326,0.9031776769109672,3.7955230274931244,3.1563924642083423,0.986,15.0
I_BVC007,BVC007,11obs,1167,0.8598459736896007,0.767090633148418,-3.2079444102460246,0.8970742725785559,3.055137148587344,3.1563924642083423,0.998,10.0
I_BVC007,BVC007,vic,1167,0.5805728421309357,0.5913812941492822,14.824320084210582,0.9095378742938848,3.624306186216489,3.1563924642083423,,
I_CAPLS,CAPLS,15cdec,1167,0.7352414225929729,0.6928585000866123,-15.866461528343487,0.8395350683166025,2.0484966602296386,2.434815767221951,1.0,8.0
I_CAPLS,CAPLS,11obs,1167,0.36962011581930465,-0.09303788049248851,4.251301709908679,0.76193130431891,2.5383271315669838,2.434815767221951,0.948,4.0
I_CAPLS,CAPLS,vic,1167,0.6649899420721942,0.5805737822067076,-1.2076923734772567,0.8770861477641839,2.4054106828929895,2.434815767221951,,
I_CCH053,CCH053,9unimp,1167,-0.6098899546904863,-0.5813572922462236,132.50316773141975,0.8968168428461678,10.547196407544332,4.536366755969587,0.999,34.0
I_CCH053,CCH053,vic,1167,-1.3070157615871185,-2.36842851371664,172.20144188913324,0.9198093153688582,12.348055719128512,4.536366755969587,,
I_CFS001,CFS001,15cdec,1167,0.5239059240589454,0.6321517191714444,33.432560329818024,0.927292889569158,11.816156414344668,8.85552700565555,0.986,24.0
I_CFS001,CFS001,11obs,1167,0.2998019684879518,0.27226329477683975,25.581933505257627,0.9174503132271206,11.120942035782484,8.85552700565555,0.893,9.0
I_CFS001,CFS001,vic,1167,0.11204763749722668,-0.09648326351509517,33.447924231878666,0.8994526494350459,11.81751696884077,8.85552700565555,,
I_CLR011,CLR011,15cdec,1167,0.3662554619981838,0.5952228338063015,-52.41733405269721,0.8851980225313313,1.8019111173769211,3.786906600341635,0.942,12.0
I_CLR011,CLR011,11obs,1167,0.6079883100421088,0.7358977401530078,-24.27408745991625,0.8939484522727651,2.8676695801493652,3.786906600341635,0.999,4.0
I_CLR011,CLR011,vic,1167,0.6353394733268652,0.7444448814214186,-34.06489398314759,0.8965003626599822,2.4969008816944385,3.786906600341635,,
I_CLRLK,CLRLK,9unimp,1167,0.7358437594962518,0.7732625938872258,-18.921811230971443,0.8873838234579599,29.131420942777034,35.9300341868331,0.952,43.0
I_CLRLK,CLRLK,vic,1167,0.8455502231774152,0.8139602395636963,-12.568219539795026,0.9109037135233208,31.414268609508508,35.9300341868331,,
I_CMBIE,CMBIE,9unimp,1167,0.9000976094707632,0.8769810313046086,-7.87600315390736,0.9409354298461678,2.2830015749616415,2.4781833757991936,1.001,7.0
I_CMBIE,CMBIE,vic,1167,0.6219100200848371,0.714412451891733,18.01422310056312,0.9376548142549364,2.924608857956727,2.4781833757991936,,
I_CMP001,CMP001,9unimp,1167,0.6565293764161004,0.5385245391070201,1.0972158587287841,0.8620660354421372,0.9963923263880449,0.9855784038408965,1.002,5.0
I_CMP001,CMP001,vic,1167,0.21145229869828752,-0.21345422784105939,35.26729351199327,0.7909846358086444,1.3331652323142837,0.9855784038408965,,
I_CMP014,CMP014,9unimp,1167,0.8082654468105206,0.6383071146241901,-7.407294218364334,0.8304133431958555,3.1423837985052776,3.3937703536994173,0.997,9.0
I_CMP014,CMP014,vic,1167,0.718374786967733,0.44669988162614116,3.3950520737748766,0.7746337454928383,3.5089906244718465,3.3937703536994173,,
I_CMPFW,CMPFW,9unimp,1167,0.2707729816651513,0.5344262007655624,-53.620261789475656,0.8909730706574807,0.5935215503112925,1.2797000871743007,1.001,7.0
I_CMPFW,CMPFW,vic,1167,0.6280303869266481,0.6173626140885822,-28.108196683091276,0.8076199887472135,0.9199994697176578,1.2797000871743007,,
I_COL003,COL003,15cdec,1167,0.8066855524047059,0.8530283975002779,-11.280607824936364,0.9293294109304674,3.4365802426556464,3.873538984435881,1.002,10.0
I_COL003,COL003,9unimp,1167,0.6891312973231887,0.8135007514005653,-21.332579285321067,0.9234593411985349,3.0472132094332762,3.873538984435881,1.002,5.0
I_COL003,COL003,vic,1167,0.7413973250901953,0.8118732099532664,-18.058423348509663,0.9123624808454215,3.1740389160568876,3.873538984435881,,
I_COW014,COW014,15cdec,1167,0.786311978301128,0.8413536734444539,-12.256439516132309,0.9253589158753167,30.461113150043587,34.716066890907726,0.921,101.0
I_COW014,COW014,11obs,1167,0.7948121251029554,0.795374847921857,1.2995084053535126,0.8946500836199885,35.16720509816322,34.716066890907726,1.0,40.0
I_COW014,COW014,vic,1167,0.8449662162560345,0.7944734911013255,-11.975271773510155,0.902226291008358,30.55872353164795,34.716066890907726,,
I_CSM035,CSM035,9unimp,1167,0.9611475193453027,0.9527448171444239,1.1546832592430964,0.9761203887073319,25.169564819468803,24.882253602597203,1.001,55.0
I_CSM035,CSM035,vic,1167,0.500596068133367,0.7385365522186188,39.306353418953236,0.9557920989300179,34.662560142234284,24.882253602597203,,
I_CWD018,CWD018,15cdec,1167,0.7451264119643319,0.8234130300847279,-8.563289152293962,0.9207122854542904,22.26053756673538,24.345295626186505,0.94,93.0
I_CWD018,CWD018,11obs,1167,0.7281300562453374,0.8430217221591313,16.714512294932263,0.9337493118892818,28.414493056863055,24.345295626186505,0.979,38.0
I_CWD018,CWD018,vic,1167,0.8077319142368244,0.8515012355008064,11.734588335408036,0.9460223006936546,27.20211584695759,24.345295626186505,,
I_CYN009,CYN009,15cdec,1167,0.7218849842323241,0.4213342536958463,1.9682050890903249,0.7433995848466224,0.2035781668862058,0.199648671572024,0.99,2.0
I_CYN009,CYN009,11obs,1167,0.670688084887561,0.5935759497908775,13.596253775448174,0.8738228315001167,0.22679341161826744,0.199648671572024,0.99,3.0
I_CYN009,CYN009,vic,1167,0.4703208769005123,0.23498500477696727,17.954082515651542,0.8191801522590725,0.23549375880746734,0.199648671572024,,
I_DAVIS,DAVIS,15cdec,1167,0.36878828274304676,0.5880070677160529,-46.00506420119946,0.8663950685808834,1.380280824854227,2.556315336678091,0.94,22.0
I_DAVIS,DAVIS,11obs,1167,0.5631080614076385,0.5706998436640345,-25.63555704693072,0.7742612159467268,1.9009896602445397,2.556315336678091,1.002,11.0
I_DAVIS,DAVIS,vic,1167,0.8004525329186504,0.7526528978381681,3.048423586570595,0.8678903702125541,2.6342426563485075,2.556315336678091,,
I_DCC010,DCC010,15cdec,1167,0.6666151924232593,0.5852095681128893,-4.732862705695176,0.7657398465620701,2.216050756568007,2.3261439563593194,0.998,6.0
I_DCC010,DCC010,11obs,1167,0.6895381741732276,0.5450532483210899,-14.24151584131626,0.7547110317073153,1.9948657963225862,2.3261439563593194,0.998,4.0
I_DCC010,DCC010,vic,1167,0.7006739506232351,0.5772158644729112,-16.20105969406244,0.7761744501610923,1.9492839854197204,2.3261439563593194,,
I_DER001,DER001,15cdec,1167,0.7807848196432083,0.7494862343278397,8.92478004574819,0.9088180277063643,2.746733866611853,2.5216795163214742,0.327,3.0
I_DER001,DER001,11obs,1167,0.6510239461711071,0.7855343240923421,-23.739741103163475,0.9150549094288388,1.9230393276952513,2.5216795163214742,0.506,3.0
I_DER001,DER001,vic,1167,0.7291409295630511,0.7411730276063272,7.711103255722012,0.9220123244120665,2.7161288276034146,2.5216795163214742,,
I_DER004,DER004,15cdec,1167,0.671898909712781,0.7531029431615884,16.872985223934887,0.9381219445779794,3.3681552471988585,2.881893741950112,0.937,8.0
I_DER004,DER004,11obs,1167,0.6399917621921232,0.7556850101272388,23.21727278860417,0.942577326823628,3.5509908734963815,2.881893741950112,0.731,8.0
I_DER004,DER004,vic,1167,0.17336053749293778,0.21721494607794467,44.483431318876505,0.9395117911338234,4.16385896533349,2.881893741950112,,
I_DONLL,DONLL,15cdec,1167,0.8174711718708384,0.6824399981975332,9.404697509757066,0.8525086047158644,16.38233626807166,14.974070255631053,0.944,48.0
I_DONLL,DONLL,11obs,1167,0.78632616905544,0.7963121421417034,9.569314580235329,0.9288116690757959,16.406986143857836,14.974070255631053,1.003,19.0
I_DONLL,DONLL,vic,1167,0.5465482894689262,0.4547663411462458,20.24888850643139,0.8630085821038869,18.00615304656849,14.974070255631053,,
I_EBF001,EBF001,15cdec,1167,0.8602774077783583,0.8514644541883889,-12.022602485357302,0.9307015375045374,45.06874003634885,51.22763494890576,0.936,221.0
I_EBF001,EBF001,11obs,1167,0.8798615857733592,0.8698134245861523,6.232570749551887,0.9337863478167263,54.42043354041848,51.22763494890576,0.986,92.0
I_EBF001,EBF001,vic,1167,0.6190044897491589,0.7701144870038887,32.92337666256249,0.9403272302377058,68.0935021584565,51.22763494890576,,
I_ECHOL,ECHOL,15cdec,1167,-0.12010633096391854,-0.5441092924441151,-55.04070997801,0.09020027540595181,0.5596564776826364,1.2448071964857612,0.994,4.0
I_ECHOL,ECHOL,vic,1167,0.5839537728599384,0.5292489688884081,-37.1008188761799,0.8142138183766904,0.7829735331599261,1.2448071964857612,,
I_ELENR,ELENR,15cdec,1167,0.8750802066734262,0.871001075746254,-10.952377103986437,0.9404959719289981,12.898902985642037,14.485398448765878,0.857,38.0
I_ELENR,ELENR,11obs,1167,0.9264832978639163,0.8636669328812336,-1.826276746161335,0.9341004957975085,14.220854985307252,14.485398448765878,1.0,18.0
I_ELENR,ELENR,vic,1167,0.7496130671936103,0.7543991469410727,-20.89472689973919,0.9082197575241374,11.45871400255719,14.485398448765878,,
I_ENGLB,ENGLB,15cdec,1167,0.7078287739732145,0.577025119398467,-0.12225293020751805,0.7625829692812164,10.050602681825353,10.062904877902584,0.929,53.0
I_ENGLB,ENGLB,11obs,1167,0.6605070702363716,0.5467580251386617,0.24280959859363466,0.7405418220068452,10.087338576843479,10.062904877902584,1.0,22.0
I_ENGLB,ENGLB,vic,1167,0.6129653994819644,0.37127775407025343,23.951174530807393,0.7541313160577311,12.473088788078163,10.062904877902584,,
I_EPARK,EPARK,9unimp,1167,0.8250630348364545,0.7872959458526666,-13.499142789410332,0.893964190367229,4.672765931777026,5.401988006200907,1.002,16.0
I_EPARK,EPARK,11obs,1167,0.7435395658683313,0.7809027614218563,-21.247759270772065,0.8930239807672845,4.254186598807358,5.401988006200907,1.002,16.0
I_EPARK,EPARK,vic,1167,0.7775749660569065,0.6793189695755505,-2.792207236977792,0.8791586791548489,5.251153306151092,5.401988006200907,,
I_ESTMN,ESTMN,9unimp,1167,0.9209141113073569,0.905817812450195,-4.257527907695442,0.9519234992546236,5.628582599786896,5.878877447785581,1.0,30.0
I_ESTMN,ESTMN,vic,1167,0.547347872126182,0.8013180933348149,41.06266733835847,0.9431815994190493,8.292901337399554,5.878877447785581,,
I_FOLSM,FOLSM,15cdec,1167,0.4024644917383856,0.4840449761938508,-39.24535314002545,0.7387954599519524,6.951612278153788,11.442107949661285,0.921,74.0
I_FOLSM,FOLSM,11obs,1167,0.06876484152689488,0.24039002171773816,-59.22202541715455,0.6742764094430053,4.665859871454618,11.442107949661285,1.0,26.0
I_FOLSM,FOLSM,vic,1167,0.6205497120809855,0.45333790830245113,-19.154287386984308,0.7015201648061381,9.250453709854185,11.442107949661285,,
I_FRDYC,FRDYC,15cdec,1167,0.7077191996154879,0.7654063663096012,-13.100290388232075,0.8890146516203808,6.587623481903739,7.580719787597133,0.945,14.0
I_FRDYC,FRDYC,11obs,1167,0.6739792588240479,0.4915286375294844,-2.2661987011873577,0.8314669575836844,7.408925614229953,7.580719787597133,0.945,6.0
I_FRDYC,FRDYC,vic,1167,0.8183396450240652,0.7361186791437152,-5.370347271912555,0.8927710231564623,7.173608809292575,7.580719787597133,,
I_FRMAN,FRMAN,15cdec,1167,0.13170598383561072,0.3265637040516759,-68.80654867625907,0.709827762798947,0.6049150629537751,1.9392373632390656,0.934,30.0
I_FRMAN,FRMAN,11obs,1167,0.4234449179841008,0.40528275305483774,-28.904901105679496,0.6579433818425826,1.378702721190427,1.9392373632390656,0.87,10.0
I_FRMAN,FRMAN,vic,1167,0.41578338563707196,0.40012525395555765,52.51676443634544,0.7440750235620405,2.957662081152922,1.9392373632390656,,
I_FRMDW,FRMDW,15cdec,1167,0.7620186541935728,0.6962321892455322,-2.1974472361669175,0.8345851938210486,9.253747332052857,9.46166237030456,0.948,21.0
I_FRMDW,FRMDW,11obs,1167,0.8715109702049137,0.7747945304431876,3.3687392197451564,0.8972728388231549,9.78040110141288,9.46166237030456,1.0,9.0
I_FRMDW,FRMDW,vic,1167,0.8976950286317151,0.7981802193006452,0.2099994133444421,0.9026324952326016,9.481531805774832,9.46166237030456,,
I_FRNCH,FRNCH,15cdec,1167,0.5967922039228668,0.7087837619132531,-32.21424057857017,0.8936388417798801,0.9040657013692363,1.3337103679086677,0.999,3.0
I_FRNCH,FRNCH,11obs,1167,0.604750916407548,0.32199372508200874,-21.19539108053753,0.7602755206187216,1.0510252395487498,1.3337103679086677,0.999,2.0
I_FRNCH,FRNCH,vic,1167,0.7022545618374176,0.6101399501010873,-22.43149295124438,0.8507733135215854,1.0345392207412194,1.3337103679086677,,
I_GERLE,GERLE,15cdec,1167,0.6195461911683922,0.6688820320974698,-26.0736094736067,0.8413982939819741,2.9650880637598482,4.010865460422078,0.878,11.0
I_GERLE,GERLE,11obs,1167,0.8492140782339364,0.7550645434681547,-4.561992959051176,0.8718379927343836,3.8278900605206077,4.010865460422078,1.002,5.0
I_GERLE,GERLE,vic,1167,0.8455474112733335,0.7288901219742561,-6.7382859791313985,0.8627983740472085,3.7406018754606336,4.010865460422078,,
I_GZL009,GZL009,15cdec,1167,0.7427649872043713,0.496552362338325,-8.089805444888588,0.7805163363514876,3.8697027156338386,4.210308480321492,0.999,10.0
I_GZL009,GZL009,11obs,1167,0.78049621730351,0.6973469839986091,-14.36801694004919,0.8500827354800965,3.605370644640573,4.210308480321492,0.999,5.0
I_GZL009,GZL009,vic,1167,0.7189368516834661,0.4928822189082108,-12.070234566340432,0.7950929061371584,3.702114370780165,4.210308480321492,,
I_HHOLE,HHOLE,15cdec,1167,0.7200185158254981,0.7394138325912936,-13.807491391571814,0.8699542455296418,14.186651712393916,16.459263039719325,0.889,32.0
I_HHOLE,HHOLE,11obs,1167,0.8344398361459975,0.7523947871377694,-11.489538845521182,0.8809400478369819,14.56816961908426,16.459263039719325,0.964,13.0
I_HHOLE,HHOLE,vic,1167,0.821732647556032,0.8031821553030426,-14.470581596637865,0.9048580456305182,14.07751195135148,16.459263039719325,,
I_HNSLY,HNSLY,9unimp,1167,0.6311310307581157,0.805547118832287,31.649833143869806,0.9401697652456,7.356856651992622,5.588200513670905,1.001,29.0
I_HNSLY,HNSLY,vic,1167,-0.18061054991286785,0.07291220122623676,94.99529901105781,0.9256718156701642,10.89672830097005,5.588200513670905,,
I_HTCHY,HTCHY,15cdec,1167,0.5805450304691637,0.754642988628178,31.015830023703014,0.95312639538201,81.66705049917441,62.3337275231546,0.935,123.0
I_HTCHY,HTCHY,11obs,1167,0.6384811297274866,0.7758604248606269,20.557548316498945,0.9549170833471246,75.14801367620191,62.3337275231546,0.96,51.0
I_HTCHY,HTCHY,vic,1167,0.644470481176314,0.6779639422256615,1.8349319206751387,0.9252499652573188,63.47750898682362,62.3337275231546,,
I_ICEHS,ICEHS,15cdec,1167,0.6662372461328466,0.6709680792149693,-21.307312418428683,0.8343163157112925,3.6220214415710865,4.602742075388605,0.97,15.0
I_ICEHS,ICEHS,11obs,1167,0.7092621071421467,0.7448559584744264,-21.66756151939864,0.8778751342606379,3.6054401046245332,4.602742075388605,0.998,9.0
I_ICEHS,ICEHS,vic,1167,0.6646208561999124,0.6552483923665339,-23.75620749320249,0.8278846404848083,3.5093051175823535,4.602742075388605,,
I_INDVL,INDVL,9unimp,1167,0.8002823934385022,0.8055389594419203,-5.627726274397172,0.9002225066119588,8.33362190503218,8.830582941408247,0.989,17.0
I_INDVL,INDVL,vic,1167,0.905953709919151,0.8185271438469011,0.5159412741571305,0.907787793555534,8.87614356355165,8.830582941408247,,
I_JKSMD,JKSMD,15cdec,1167,0.7340229532869632,0.7832489300779593,22.548140796210173,0.8979651573034946,7.896752270524992,6.44379606187318,0.944,15.0
I_JKSMD,JKSMD,11obs,1167,0.6477335361055803,0.5640660822966674,15.153105249635107,0.867348787409312,7.420231261200666,6.44379606187318,1.0,8.0
I_JKSMD,JKSMD,vic,1167,0.706205699412584,0.6581263696837936,11.07016006473661,0.890187824115975,7.157134600167736,6.44379606187318,,
I_JNKSN,JNKSN,9unimp,1167,0.8412196770820457,0.8987117020280891,13.40611941601115,0.9579769284210741,1.6112803610294444,1.420805481509102,0.997,6.0
I_JNKSN,JNKSN,vic,1167,0.5945060389146941,0.7449245814635224,32.11609609848895,0.9327880423726854,1.8771127353231638,1.420805481509102,,
I_LCBRF,LCBRF,15cdec,1167,0.49426330067172053,0.5625216572159739,-30.973244617288426,0.799166105270469,3.4449674408815154,4.990771218756056,0.8,11.0
I_LCBRF,LCBRF,11obs,1167,0.6126532438240333,0.6180171487717253,-24.89606437126196,0.809322335100754,3.748265603512133,4.990771218756056,1.002,6.0
I_LCBRF,LCBRF,vic,1167,0.6351294723717373,0.6365189095243402,-24.309460478183382,0.8191469647829565,3.7775416617760014,4.990771218756056,,
I_LGRSV,LGRSV,15cdec,1167,0.6907736409427626,0.6107818560642498,-14.091526822063544,0.79057719041841,5.585228592016047,6.501371035250199,0.988,10.0
I_LGRSV,LGRSV,11obs,1167,0.6297861146575551,0.6724659819015617,-20.492099548294743,0.8442289792671089,5.169103610702728,6.501371035250199,1.0,7.0
I_LGRSV,LGRSV,vic,1167,0.7252243906910472,0.6428230498755141,-18.608074776722706,0.8206115283629104,5.291591051498651,6.501371035250199,,
I_LKVLY,LKVLY,15cdec,1167,-0.14922432592609813,-0.985744563321064,81.22002373352758,0.7238502474781502,0.9559627984802365,0.5275149946376336,0.996,4.0
I_LKVLY,LKVLY,11obs,1167,-0.4617866972824085,-2.176793226964377,83.59106678437865,0.6771611461964184,0.9684704061027896,0.5275149946376336,0.996,2.0
I_LKVLY,LKVLY,vic,1167,-0.5022093834965538,-2.280138039019606,84.01486563054986,0.6895807808335644,0.9707060085634439,0.5275149946376336,,
I_LLOYD,LLOYD,15cdec,1167,0.7911745591973293,0.8615723307434765,-18.763277401140154,0.9394409521109433,19.285465683871518,23.73983719050501,0.947,38.0
I_LLOYD,LLOYD,11obs,1167,0.7563336188206864,0.853703277807225,-21.298390913568515,0.9393193855338544,18.683633863426532,23.73983719050501,1.0,19.0
I_LLOYD,LLOYD,vic,1167,0.7406885431979687,0.7852219776061309,-22.558209447230468,0.9207122221071214,18.384554994639377,23.73983719050501,,
I_LNG012,LNG012,15cdec,1167,0.7874793914427992,0.7824372956145844,1.3770751639287362,0.8871077085182324,1.3695026464467706,1.3508997416154074,0.994,7.0
I_LNG012,LNG012,11obs,1167,0.7514418011415117,0.7795768872283192,-12.578940946173656,0.8898852250118755,1.1809708608755927,1.3508997416154074,0.994,2.0
I_LNG012,LNG012,vic,1167,0.7929118483946905,0.737160677980364,-13.05870925922862,0.864303329898548,1.1744896719741806,1.3508997416154074,,
I_LOONL,LOONL,15cdec,1167,0.5180789906895231,0.5190820417198241,-34.0397204113885,0.7743042484270259,1.295483633110096,1.96403599437406,0.68,9.0
I_LOONL,LOONL,11obs,1167,0.561503152408563,0.631567627555164,-36.31449641855909,0.8510466579075863,1.2508062135378806,1.96403599437406,1.012,4.0
I_LOONL,LOONL,vic,1167,0.5415676874229176,0.6318674862218385,-38.30664547233575,0.8585429243483852,1.2116796890601247,1.96403599437406,,
I_LRB004,LRB004,15cdec,1167,0.2286142719918659,0.26367436353692386,-60.92418662501505,0.7025199228042187,0.6352615585649426,1.6257155096651579,1.004,4.0
I_LRB004,LRB004,11obs,1167,0.4613977130035686,0.5920899652359122,-45.558841395619716,0.8531503417721711,0.8850583590728179,1.6257155096651579,1.004,4.0
I_LRB004,LRB004,vic,1167,0.42049104158705275,0.5401474368603765,-47.33177291832324,0.8306968962249772,0.8562355363324842,1.6257155096651579,,
I_LYONS,LYONS,15cdec,1167,0.6993290818556062,0.4561118326535595,4.591988231576652,0.7958542878800131,1.2795445048552814,1.2233676082552782,0.974,8.0
I_LYONS,LYONS,11obs,1167,0.786234830082557,0.5632488101421548,-2.105845851604156,0.7921677095996628,1.1976053722269655,1.2233676082552782,1.003,5.0
I_LYONS,LYONS,vic,1167,0.48179677390510267,0.16453118066105998,20.14473266616469,0.7736852051451871,1.4698117424627568,1.2233676082552782,,
I_MCLRE,MCLRE,15cdec,1167,0.8917401016133041,0.9079797785295869,7.802939560486218,0.960419080849072,86.08293818103108,79.85212512014253,0.906,271.0
I_MCLRE,MCLRE,11obs,1167,0.9441139206999593,0.9271192325430196,3.866336263584726,0.9649179009783617,82.93947679090566,79.85212512014253,1.0,98.0
I_MCLRE,MCLRE,vic,1167,0.7374686931212526,0.8205231318254145,16.53614812574925,0.94832142109084,93.05659081156793,79.85212512014253,,
I_MFA001,MFA001,15cdec,1167,0.6535420486908794,0.3812278797350377,15.75854663226254,0.6915567844839853,6.4930625302900316,5.609143099314258,0.923,37.0
I_MFA001,MFA001,11obs,1167,0.6776768324088197,0.4381905667061128,2.955819120957207,0.694169392275923,5.7749392235656405,5.609143099314258,1.001,17.0
I_MFA001,MFA001,vic,1167,0.41485607175915185,0.027311185191380982,37.52831441639718,0.6844369448974758,7.714159957690558,5.609143099314258,,
I_MFA023,MFA023,15cdec,1167,-0.17174259384258894,0.05765601853509006,-80.71878067323027,0.8157804438713634,0.3543465141119251,1.837780630501704,0.997,4.0
I_MFA023,MFA023,11obs,1167,-0.13286619294960156,0.10768144499207144,-77.90819905956099,0.833069687445454,0.40599883861238134,1.837780630501704,0.997,4.0
I_MFA023,MFA023,vic,1167,-0.06701224093348057,0.1871905242864591,-73.8850745967568,0.8144832744260772,0.47993504073077276,1.837780630501704,,
I_MFA025,MFA025,15cdec,1167,0.29070706201214014,0.403044970174964,64.14796820420945,0.8361974351000543,17.50498124902217,10.664147379055569,0.935,53.0
I_MFA025,MFA025,11obs,1167,0.20126917605439498,0.29242445002214934,70.96942550699944,0.8283868931885408,18.232431509191045,10.664147379055569,1.001,21.0
I_MFA025,MFA025,vic,1167,-0.04896957191840645,0.20256122800555054,-71.80256104312606,0.8168188426929905,3.0070164474802645,10.664147379055569,,
I_MFA036,MFA036,15cdec,1167,0.33077469619812916,-0.0012442335824087714,42.252074821745246,0.7663327468702172,6.129028783451384,4.308568990035198,0.946,13.0
I_MFA036,MFA036,11obs,1167,0.5869173034729047,0.49444910738629244,24.627311918565226,0.8525767387804104,5.369653714437741,4.308568990035198,1.002,8.0
I_MFA036,MFA036,vic,1167,0.4506728718773898,0.23007812394994998,25.045599511147618,0.8185056128236536,5.387675923940911,4.308568990035198,,
I_MFF019,MFF019,15cdec,1167,0.8764050309751982,0.7711464673151939,4.318127936230776,0.8913455229807918,68.7312188498003,65.88616974780778,0.937,122.0
I_MFF019,MFF019,11obs,1167,0.8926031646789182,0.8697650318128591,1.353665505344484,0.9328053955289768,66.77804810047657,65.88616974780778,1.001,59.0
I_MFF019,MFF019,vic,1167,0.832202174795644,0.7847452866634214,8.32868820209105,0.9116026950150682,71.37362339440313,65.88616974780778,,
I_MFF087,MFF087,15cdec,1167,-0.0402993179678921,-0.4181501650047055,54.061993863889754,0.8788304576458561,17.046939814179716,11.064987143578252,0.882,126.0
I_MFF087,MFF087,11obs,1167,0.5076454382294795,0.2889454266213397,34.56789201152358,0.7800555928735275,14.88991995045935,11.064987143578252,0.952,42.0
I_MFF087,MFF087,vic,1167,-0.36096020514427885,-0.9971539120908504,112.44943970180621,0.8187468894104813,23.507503189608887,11.064987143578252,,
I_MFM008,MFM008,15cdec,1167,-0.8239757269331749,-1.602054797736951,133.2283905136843,0.9462667943359985,9.152625501667115,3.9243187681861995,0.952,38.0
I_MFM008,MFM008,9unimp,1167,-0.7714333816374928,-1.5479706788446013,121.21944559417933,0.9542894867456598,8.681356222329837,3.9243187681861995,1.001,17.0
I_MFM008,MFM008,vic,1167,-1.290363928098321,-3.5035969948990617,149.37476528954977,0.9129160346006152,9.786260717378086,3.9243187681861995,,
I_MFS013,MFS013,15cdec,1167,-0.35948411842954964,-1.9484885086632828,57.70338685074875,0.6996765710591522,1.1989376318390388,0.7602484992752371,0.827,15.0
I_MFS013,MFS013,11obs,1167,-1.038302447235568,-4.58727890730224,102.85280641802535,0.6386812168006512,1.5421854165307394,0.7602484992752371,0.999,6.0
I_MFS013,MFS013,vic,1167,-2.1193411159312245,-10.558530445202667,149.3361111523683,0.619506035294828,1.8955740431871169,0.7602484992752371,,
I_MFS022,MFS022,15cdec,1167,0.25238385235088034,-0.004294907993869446,53.478155620077004,0.7858601106606369,6.4821702926569404,4.223513285306241,0.944,29.0
I_MFS022,MFS022,11obs,1167,0.16852202068171263,-0.5204667860144674,49.37559186909317,0.6632468158481118,6.30889796759598,4.223513285306241,1.001,10.0
I_MFS022,MFS022,vic,1167,-0.3077312053255772,-1.2478289793745785,77.81258196240809,0.7820757138606875,7.509938022128355,4.223513285306241,,
I_MFS047,MFS047,15cdec,1167,0.8100105942496518,0.6971914890648998,6.1091825033077285,0.874121628539405,3.7433264637118104,3.527806336266063,1.002,14.0
I_MFS047,MFS047,11obs,1167,0.4598058756824108,0.41295491738975165,4.997033312963159,0.8997956280094418,3.7040919941061032,3.527806336266063,0.944,5.0
I_MFS047,MFS047,vic,1167,0.34697121574027845,0.33189720892281327,13.244349983581529,0.9219867170717564,3.995041354184105,3.527806336266063,,
I_MFY013,MFY013,15cdec,1167,0.8139334847724933,0.8299068539594836,15.229028771458209,0.931202189389131,20.388172118809702,17.693607536384768,0.939,51.0
I_MFY013,MFY013,11obs,1167,0.9085067553422136,0.8861475478724193,4.205625164653455,0.9488506743668322,18.437734347469984,17.693607536384768,1.003,18.0
I_MFY013,MFY013,vic,1167,0.8107610237384835,0.8192791361371681,5.622070989013279,0.9357433540117129,18.68835471259772,17.693607536384768,,
I_MIL003,MIL003,15cdec,1167,0.5811987156510923,0.4718317619656064,-29.10297120337926,0.7331808581781377,0.9316793010709956,1.3141302490174362,0.942,9.0
I_MIL003,MIL003,11obs,1167,0.6254469489966945,0.49603086992713774,-28.64139278310752,0.7626086985635632,0.9377450427147234,1.3141302490174362,0.999,5.0
I_MIL003,MIL003,vic,1167,0.5744409354577129,0.17386852035441613,-10.60532804712998,0.7208187697146548,1.174762425142571,1.3141302490174362,,
I_MLRTN,MLRTN,15cdec,1167,0.9235800069270075,0.8862012376926424,-5.124369208020958,0.9436410945382288,138.42582965246817,145.90240770675427,0.932,394.0
I_MLRTN,MLRTN,11obs,1167,0.9404458568329939,0.915832902447608,3.394289021484355,0.959808831620335,150.85475711362596,145.90240770675427,0.973,135.0
I_MLRTN,MLRTN,vic,1167,0.7884466660114349,0.8105928762650554,-2.885780771243068,0.9380203869213374,141.6919840803721,145.90240770675427,,
I_MOK079,MOK079,15cdec,1167,0.017850293129445638,0.0907537778514198,-70.32061251481488,0.610119223867783,1.3390032435290813,4.511559560309198,0.964,31.0
I_MOK079,MOK079,9unimp,1167,0.30445097885312955,0.2591486127892938,-48.95991825590247,0.6204166434657308,2.302703687515462,4.511559560309198,1.002,13.0
I_MOK079,MOK079,vic,1167,0.5026738759238241,0.15829475722869568,-28.02387189119541,0.589808636570103,3.24724588883317,4.511559560309198,,
I_MTMDW,MTMDW,15cdec,1167,0.3528913611914851,-0.5367426239319038,-60.97878256123354,0.7913218932124363,7.806938522575583,20.006906588259373,0.92,58.0
I_MTMDW,MTMDW,11obs,1167,0.3998338267618373,-0.3297158194005303,-55.05482275279189,0.820999514169978,8.992139627776531,20.006906588259373,0.935,17.0
I_MTMDW,MTMDW,vic,1167,0.4083748065873448,-0.22402506636962394,-46.86539613150684,0.8158763240718788,10.63059056201108,20.006906588259373,,
I_NBLDB,NBLDB,15cdec,1167,0.8730060029274134,0.772037189373624,5.866461768880252,0.8874380170853361,34.31193712220622,32.41058268020091,0.94,66.0
I_NBLDB,NBLDB,11obs,1167,0.8844435465382758,0.8464580374979507,-5.037207834269116,0.9208779286911764,30.77799427030156,32.41058268020091,1.001,27.0
I_NBLDB,NBLDB,vic,1167,0.8270058193863064,0.7233355150804384,-3.4389708305749083,0.8839849545008691,31.295992195809436,32.41058268020091,,
I_NFA016,NFA016,15cdec,1167,0.45419423452566987,0.4239582467896946,-42.569855838702296,0.7308538978630574,0.7339001559187773,1.2779005984340785,1.003,8.0
I_NFA016,NFA016,11obs,1167,0.061825765959411805,0.16426176107996826,-67.31884124532168,0.737681426941202,0.41763272330122553,1.2779005984340785,1.003,5.0
I_NFA016,NFA016,vic,1167,0.5864008990161087,0.5123281604216036,-33.47053518591191,0.7731871525391185,0.8501804289942214,1.2779005984340785,,
I_NFA022,NFA022,15cdec,1167,0.7352719004779471,0.5960071925130952,-17.299173340990603,0.8016126277326896,14.925217313421166,18.047240779056008,0.975,42.0
I_NFA022,NFA022,11obs,1167,0.713221415494548,0.7061670849854706,-23.44395087306818,0.8608447928230356,13.81625451686979,18.047240779056008,1.001,22.0
I_NFA022,NFA022,vic,1167,0.6954437339449382,0.45340459440374403,-10.490242573324922,0.7893579658613907,16.15404144354102,18.047240779056008,,
I_NFA054,NFA054,15cdec,1167,0.7392935528910477,0.8479914176030328,21.98370705015678,0.953720424711919,35.78643434690869,29.337060835668954,0.957,57.0
I_NFA054,NFA054,11obs,1167,0.6708250510602337,0.8082984658302798,25.33312607658755,0.9542962590193013,36.76905544433416,29.337060835668954,0.993,25.0
I_NFA054,NFA054,vic,1167,0.641462471233547,0.7920762499403838,24.75794769659229,0.9583070774945734,36.600315013081335,29.337060835668954,,
I_NFF029,NFF029,15cdec,1167,0.7363756212009511,0.5879133434820429,-4.5856395954102,0.8492344917675595,53.84591286769216,56.43376179368274,0.929,85.0
I_NFF029,NFF029,11obs,1167,0.8567778822157206,0.7624686189715861,-8.643876281848938,0.8874200451400823,51.555697243043475,56.43376179368274,1.001,35.0
I_NFF029,NFF029,vic,1167,0.6911884624987595,0.5538737136992107,-2.38463745184766,0.8535659497417581,55.08802117446409,56.43376179368274,,
I_NFM010,NFM010,15cdec,1167,0.6406207753648929,0.492018560965518,-10.945727130691564,0.7122694492325183,8.44232217238867,9.479974290260275,0.926,40.0
I_NFM010,NFM010,9unimp,1167,0.6701561617105602,0.519627857764392,-15.1684994540195,0.7386488697120717,8.042004441800955,9.479974290260275,1.0,14.0
I_NFM010,NFM010,vic,1167,0.648904655378087,0.270591995215987,-2.8979718044541625,0.6534985797776323,9.205247308259027,9.479974290260275,,
I_NFS005,NFS005,15cdec,1167,-0.08930589162481883,-0.043391119898072095,-66.21327286268163,0.3997738357387867,0.24268829499305136,0.7182947729938467,1.01,7.0
I_NFS005,NFS005,11obs,1167,0.3336239025904948,0.1402245921353632,-37.490206427991055,0.5107640805629298,0.4490045798369838,0.7182947729938467,1.01,2.0
I_NFS005,NFS005,vic,1167,0.40882671091823153,-0.14410296829929137,-21.419653985947743,0.44933156054794704,0.5644385180194159,0.7182947729938467,,
I_NFS009,NFS009,15cdec,1167,0.7980884017416316,0.7948495932411779,-1.9676483267747753,0.8939881032404926,12.505819937805246,12.75682947961031,0.893,44.0
I_NFS009,NFS009,11obs,1167,0.7080539712185336,0.7137247372661598,-17.309139150193175,0.8538263664114045,10.548732113831697,12.75682947961031,1.001,17.0
I_NFS009,NFS009,vic,1167,0.9150784370622033,0.843656795504912,-3.4270396867618635,0.9228642163322784,12.319647870571528,12.75682947961031,,
I_NFS033,NFS033,15cdec,1167,0.7729136035609562,0.7090259954302454,-15.409411875547278,0.8513757198693582,4.366287823351781,5.161670961464343,0.979,16.0
I_NFS033,NFS033,11obs,1167,0.8501766022612847,0.7810165406517566,-10.547938624942521,0.89465616897885,4.617221076427604,5.161670961464343,1.0,8.0
I_NFS033,NFS033,vic,1167,0.7594079630082098,0.566715206190005,-2.7276811318633505,0.8253448568504187,5.02087703655961,5.161670961464343,,
I_NFY029,NFY029,15cdec,1167,0.6886726273272644,0.5434263630564758,13.094491302149963,0.8437566208707785,50.81139731957247,44.928269038163606,0.923,72.0
I_NFY029,NFY029,11obs,1167,0.780083955444104,0.7478496804524413,5.635644274535047,0.9111371575339695,47.46026645986058,44.928269038163606,1.001,32.0
I_NFY029,NFY029,vic,1167,0.6681559286791301,0.6439695351799174,5.318662066050602,0.9026009299268831,47.31785184042957,44.928269038163606,,
I_NHGAN,NHGAN,15cdec,1167,0.8411041068989388,0.9168754116831725,-3.381172091184048,0.9646576025111424,12.466776181508143,12.903050524762799,0.858,96.0
I_NHGAN,NHGAN,9unimp,1167,0.9189019698932552,0.928059534562027,5.121057341658323,0.9675384867652712,13.563823140959046,12.903050524762799,1.001,42.0
I_NHGAN,NHGAN,vic,1167,0.6305742727417349,0.810531503980129,30.505851030011907,0.9472230810975012,16.83923589617411,12.903050524762799,,
I_NLC003,NLC003,15cdec,1167,0.43921704101693393,0.4655293449723409,44.85260176188046,0.8673878212100546,0.575599801410595,0.3973693219240956,0.999,3.0
I_NLC003,NLC003,11obs,1167,0.19769611436084333,0.1700893158218174,61.018812276707976,0.864387913044368,0.6398393625141868,0.3973693219240956,0.999,3.0
I_NLC003,NLC003,vic,1167,0.13797278897481036,-0.010672918533434439,57.75988227331249,0.855074285354987,0.6268893744577133,0.3973693219240956,,
I_NMA003,NMA003,15cdec,1167,0.7831768838964631,0.6390777245921175,-6.13754408508382,0.8082407844271413,13.84666669535264,14.75208224671244,0.966,26.0
I_NMA003,NMA003,11obs,1167,0.8112893914108997,0.718649308397638,-5.769770588137378,0.8501736911909568,13.90092094410379,14.75208224671244,0.999,14.0
I_NMA003,NMA003,vic,1167,0.7970050221089724,0.5869005222402273,-2.3270048282767006,0.8031001452309764,14.408800580560092,14.75208224671244,,
I_NNA013,NNA013,15cdec,1167,0.11388874722910325,-0.7225244296269264,49.25286332997989,0.6536356144662342,0.8087663505538106,0.5418766062569444,1.003,4.0
I_NNA013,NNA013,11obs,1167,-0.3680347391050254,-1.8971532881488566,78.73270042403267,0.6735983963855791,0.9685106913291396,0.5418766062569444,1.003,3.0
I_NNA013,NNA013,vic,1167,-0.40473015203145746,-1.9799838485178642,79.35269384755466,0.6862177816891969,0.9718702906515369,0.5418766062569444,,
I_OGN005,OGN005,15cdec,1167,0.7710607525496774,0.826874341386307,21.54226775712276,0.9255379624362047,5.009968118806066,4.1219965788506245,0.998,14.0
I_OGN005,OGN005,11obs,1167,0.9057518798487515,0.8546855129750359,-1.2489175957213972,0.924743723938168,4.070516238282325,4.1219965788506245,0.998,9.0
I_OGN005,OGN005,vic,1167,0.8387433617659805,0.7714087833652086,1.4364655828864192,0.9064879026465719,4.18120764103357,4.1219965788506245,,
I_OROVL,OROVL,15cdec,1167,0.8372343009005118,0.6976335434375689,6.702739314414334,0.8549083573893378,45.38213800984618,42.53137107953851,0.921,86.0
I_OROVL,OROVL,11obs,1167,0.7909554527623229,0.7410831709848733,-5.104773761907868,0.8616925994655389,40.36024080809055,42.53137107953851,1.0,40.0
I_OROVL,OROVL,vic,1167,0.7338967520874746,0.613275408213422,13.90705731340266,0.8517946288632163,48.44623323174589,42.53137107953851,,
I_PCRST,PCRST,15cdec,1167,0.7486558221767028,0.7943733372268518,11.964527509418312,0.9363863963684687,4.9983478701957065,4.464224501617489,0.993,16.0
I_PCRST,PCRST,11obs,1167,0.8919438360908912,0.8733910311743154,-6.490397440433648,0.9435030542293239,4.174478588829296,4.464224501617489,1.003,8.0
I_PCRST,PCRST,vic,1167,0.7233455161789966,0.7731271849154209,2.287647518048957,0.9391953184809473,4.566350222628875,4.464224501617489,,
I_PEDRO,PEDRO,15cdec,1167,0.8772905895813681,0.8905694357727678,-11.037689828226505,0.9480698411150725,47.41662165291099,53.299674391724174,0.904,232.0
I_PEDRO,PEDRO,11obs,1167,0.8993465333346671,0.860456587346075,-7.133278833373839,0.9306914746618719,49.497660000082135,53.299674391724174,1.0,85.0
I_PEDRO,PEDRO,vic,1167,0.5132764252638342,0.612026087000825,22.397227611290287,0.9379460572248082,65.23732378131524,53.299674391724174,,
I_PLC007,PLC007,15cdec,1167,0.4769363897032183,0.5506980539411096,-28.160130369277077,0.7865011258292188,0.5399748077557825,0.751636675471997,1.006,5.0
I_PLC007,PLC007,11obs,1167,0.36935211610005014,0.5195186046627285,-44.26663297823816,0.8151442924910389,0.4189124270109771,0.751636675471997,1.006,2.0
I_PLC007,PLC007,vic,1167,0.46082475949141677,0.49212878975705765,-39.10387323016575,0.7528512490880018,0.4577176227439949,0.751636675471997,,
I_PLM001,PLM001,15cdec,1167,0.6785674143119454,0.49566348199089905,21.431305094047357,0.7842995368453494,0.7406893393869912,0.609965724088475,1.003,6.0
I_PLM001,PLM001,11obs,1167,0.43708514426361056,0.36481817941502215,43.80067503338423,0.8192533144180404,0.8771348287114971,0.609965724088475,1.003,3.0
I_PLM001,PLM001,vic,1167,0.3197238746664349,0.10423283460614119,42.83598723137228,0.8031158854267801,0.8712505637747617,0.609965724088475,,
I_PTH070,PTH070,9unimp,1167,0.9647425667086222,0.9501603885618469,-1.1834856891640904,0.9747858454846591,30.20573588766118,30.567497850254483,0.966,51.0
I_PTH070,PTH070,vic,1167,0.8778072085734799,0.9061319590514023,9.22816264009374,0.959289999345917,33.38831626688312,30.567497850254483,,
I_PYR001,PYR001,15cdec,1167,0.04400080646912041,0.003623547910915015,-65.2803411685606,0.5487263790330855,0.56540086827506,1.6284747238445711,0.996,4.0
I_PYR001,PYR001,11obs,1167,0.5343784238265163,0.5648878084951754,-42.98724708400148,0.8362794587122908,0.9284382706049945,1.6284747238445711,0.548,1.0
I_PYR001,PYR001,vic,1167,0.5050848388870799,0.6146650183816771,-43.4622839352241,0.864263394212921,0.920702415553887,1.6284747238445711,,
I_RCK001,RCK001,15cdec,1167,0.05361828835900173,-0.13705438719948626,52.23222864420876,0.8917579378450917,6.190646849660212,4.066580976179985,0.915,20.0
I_RCK001,RCK001,11obs,1167,0.38689113635779504,0.29680230496083015,28.802200166412923,0.8744232741025112,5.237845768868613,4.066580976179985,1.001,11.0
I_RCK001,RCK001,vic,1167,-0.24471790197042353,-0.9203899777662832,59.74650682546845,0.8649474823116109,6.4962210566765615,4.066580976179985,,
I_RLIEF,RLIEF,15cdec,1167,0.7432677464789497,0.752929037155684,1.3075922558058601,0.9249659658222201,4.548684845956617,4.489974289854802,0.997,11.0
I_RLIEF,RLIEF,11obs,1167,0.6671209984689587,0.679243116012033,-9.17702092321805,0.9157323124826393,4.077928409827716,4.489974289854802,0.999,5.0
I_RLIEF,RLIEF,vic,1167,0.4311421643036525,0.37613793684560803,-1.3138092861142323,0.90056650333986,4.430984590690548,4.489974289854802,,
I_RLLNS,RLLNS,9unimp,1167,0.883277992259543,0.8859542158851085,-9.404481692576034,0.9488050945462849,14.389231092890217,15.882939202425284,1.002,18.0
I_RLLNS,RLLNS,vic,1167,0.787868376466704,0.8167984952809761,0.08677383331233289,0.9411598794402246,15.896721437613897,15.882939202425284,,
I_RUB047,RUB047,15cdec,1167,0.5706697835980201,0.655926013201817,-37.119691486653416,0.8603765000406254,4.6433363074023175,7.384404461719128,1.001,6.0
I_RUB047,RUB047,11obs,1167,0.5969936529130971,0.663748195847621,-36.88072342880705,0.8650740327506636,4.6609826753280075,7.384404461719128,1.001,5.0
I_RUB047,RUB047,vic,1167,0.564497818119186,0.7505542618267498,-38.61070931485478,0.9237192919212043,4.5332335203715886,7.384404461719128,,
I_RVPHB,RVPHB,15cdec,1167,0.6684601740554483,0.4587957651309936,16.683964943923016,0.8043921366391517,1.9846872546372347,1.700908308687533,0.993,6.0
I_RVPHB,RVPHB,11obs,1167,0.6219142504277447,0.2124932129555701,7.31210412058132,0.6955598771535587,1.825280495214384,1.700908308687533,0.993,4.0
I_RVPHB,RVPHB,vic,1167,0.5693378126886237,0.27618165002864137,8.805416508781166,0.7851762668319813,1.8506803696999354,1.700908308687533,,
I_SCOTF,SCOTF,15cdec,1167,0.8568003015186041,0.8201004683277356,-6.946453551926985,0.906933651506994,2.681704331749657,2.881893741950112,0.994,5.0
I_SCOTF,SCOTF,11obs,1167,0.7120332872524295,0.8492459157398963,-20.752093269309682,0.9423142236048653,2.2838404646982258,2.881893741950112,0.819,6.0
I_SCOTF,SCOTF,vic,1167,0.8235183961559109,0.8513222219992345,-16.09899731153013,0.9307297793701864,2.417937745912408,2.881893741950112,,
I_SCW008,SCW008,15cdec,1167,0.5854647872357819,0.7922463556977521,37.91130361745246,0.9411883417338112,20.104714603385247,14.578003452967888,0.945,89.0
I_SCW008,SCW008,11obs,1167,0.259914129850354,0.6663566321081751,73.27674527851359,0.9292486450463725,25.260289909892084,14.578003452967888,0.98,42.0
I_SCW008,SCW008,vic,1167,0.035039791133081644,0.31114560953104364,78.06540752614909,0.9454207892201757,25.958381257703355,14.578003452967888,,
I_SFA030,SFA030,15cdec,1167,-0.0755618695609066,0.0844486000995488,-72.5790084602492,0.6575367634614773,1.3953384189776898,5.088577548171224,0.971,15.0
I_SFA030,SFA030,11obs,1167,-0.078345737568835,0.08658687851964453,-73.49677101594347,0.6742554623325311,1.3486373596231085,5.088577548171224,1.002,9.0
I_SFA030,SFA030,vic,1167,0.1442863948012828,0.2785493815059942,-59.415261442607516,0.677492000207513,2.0651858942154635,5.088577548171224,,
I_SFA040,SFA040,15cdec,1167,0.7716647379167512,0.7202139683579973,-3.839482662005726,0.8490761265864819,7.379343266370361,7.673984573557079,0.967,41.0
I_SFA040,SFA040,11obs,1167,0.7598090380767659,0.6924854355683696,19.044812580449943,0.8552706699781436,9.135480553043665,7.673984573557079,1.0,19.0
I_SFA040,SFA040,vic,1167,0.5650696423044459,0.4702916166301886,30.143518134225594,0.8287311705823901,9.987193505104932,7.673984573557079,,
I_SFA066,SFA066,15cdec,1167,0.7298653537817135,0.6574566597784001,-14.226995450568406,0.8182484400172092,6.828229412991,7.960814068318945,0.952,28.0
I_SFA066,SFA066,11obs,1167,0.8030368380563019,0.6025589223302019,-3.170169109141016,0.8085150211709844,7.708442799888946,7.960814068318945,1.002,12.0
I_SFA066,SFA066,vic,1167,0.7519932843760732,0.5007841599158063,-5.7165405865446175,0.7628904500529198,7.5057309010841395,7.960814068318945,,
I_SFA076,SFA076,15cdec,1167,0.7588631730276235,0.6924936227908604,16.709451090367647,0.8759176382572429,5.453011572945385,4.672296478134527,0.909,21.0
I_SFA076,SFA076,11obs,1167,0.23841246683812156,-0.11042968723163415,26.348563664228422,0.8241677308923354,5.903379490257305,4.672296478134527,0.762,6.0
I_SFA076,SFA076,vic,1167,0.41857508706500857,0.2124544920682917,20.927296650709938,0.8359360768059105,5.650081822514411,4.672296478134527,,
I_SFD003,SFD003,15cdec,1167,0.2145103107648617,0.23300120511365874,55.78626217125451,0.8960052077760872,1.1226222346537804,0.720616965197927,1.006,2.0
I_SFD003,SFD003,11obs,1167,0.3414716820865772,0.4745906510457131,46.54189390181605,0.9286858237014592,1.0560057485788328,0.720616965197927,0.559,2.0
I_SFD003,SFD003,vic,1167,0.16327514064776238,0.17059751703130988,47.44285959229074,0.9256352466227875,1.0624982601950062,0.720616965197927,,
I_SFF008,SFF008,15cdec,1167,-0.9036063838845245,-2.254479808746887,141.54535514277433,0.8370206535497727,4.230602553176987,1.751473362291042,0.891,12.0
I_SFF008,SFF008,11obs,1167,-0.16554031096923505,-0.28644025308658216,92.96811610771972,0.8793298365644413,3.37978515134156,1.751473362291042,1.0,8.0
I_SFF008,SFF008,vic,1167,-0.7644025472680109,-2.0768492357737203,120.65968154834847,0.8291221874938661,3.8647955436355645,1.751473362291042,,
I_SFF011,SFF011,15cdec,1167,0.46113945219640606,0.4423764794016337,43.35947278122734,0.8469837389217558,11.135308868574814,7.767403613131146,0.908,28.0
I_SFF011,SFF011,11obs,1167,0.6794884796212868,0.7495839382732189,29.772979411938895,0.9044171670617763,10.079991091710879,7.767403613131146,1.0,13.0
I_SFF011,SFF011,vic,1167,0.43468461119392543,0.38166186894344056,38.29228063729636,0.8567620741445674,10.74171960290282,7.767403613131146,,
I_SFM005,SFM005,15cdec,1167,0.5205111867554807,0.6878661961796668,37.36207818906855,0.935392522998822,6.4292397164301,4.680505566886326,0.927,27.0
I_SFM005,SFM005,9unimp,1167,0.5145657159634575,0.5574222232994983,27.437713778165087,0.906734552817354,5.9647292876996785,4.680505566886326,1.002,15.0
I_SFM005,SFM005,vic,1167,0.3466126395319086,0.35995978005951934,34.1295063541565,0.9066634287941971,6.277939011743443,4.680505566886326,,
I_SFR006,SFR006,15cdec,1167,0.5703448972065792,0.7276196087254446,-30.370743334576748,0.8994088386793669,1.8698528167788093,2.6854413020142833,1.002,6.0
I_SFR006,SFR006,11obs,1167,0.7622658530337364,0.8120703663643708,-15.269912388201618,0.9102774714569527,2.2753767679601213,2.6854413020142833,1.002,5.0
I_SFR006,SFR006,vic,1167,0.762451732480534,0.8099675945947143,-17.831573864675565,0.9096664178204329,2.2065848526531013,2.6854413020142833,,
I_SFS030,SFS030,15cdec,1167,0.6485839535046443,0.6626854509205118,-26.394071017154904,0.8307249821719367,0.20501174911007639,0.2785261349773295,1.007,5.0
I_SFS030,SFS030,11obs,1167,0.6815498221464511,0.6377994683986892,-20.17766221916281,0.8092981104448255,0.22232607226951445,0.2785261349773295,1.007,2.0
I_SFS030,SFS030,vic,1167,0.7300148553568311,0.46598406957656335,-2.198089519747448,0.7786707076931257,0.27240388119463516,0.2785261349773295,,
I_SFS033,SFS033,15cdec,1167,0.825875993841636,0.8467602573490909,-8.432424811316347,0.9236586578889069,2.7252377828207597,2.976203942503828,0.998,14.0
I_SFS033,SFS033,11obs,1167,0.7022450799618274,0.6854407780338216,-20.752449593535175,0.8401177640929043,2.3585687195349143,2.976203942503828,1.001,7.0
I_SFS033,SFS033,vic,1167,0.8739091796661319,0.8679444616601035,-10.91094472419436,0.9372234461742321,2.651471975457942,2.976203942503828,,
I_SFY007,SFY007,15cdec,1167,0.23678175944422275,0.24682648520792183,57.0015455109173,0.881104538502954,24.11741506316398,15.361259651731862,0.958,55.0
I_SFY007,SFY007,11obs,1167,0.3320758804998608,0.4533236793264056,49.90824053473584,0.9171431374572027,23.027794067883526,15.361259651731862,1.001,23.0
I_SFY007,SFY007,vic,1167,0.11375838317430653,0.01637378578344595,55.58418307064272,0.889249634513923,23.899690338507277,15.361259651731862,,
I_SFY048,SFY048,15cdec,1167,0.7840594348836781,0.7867446033730692,-4.534855071138539,0.8904444553409293,11.720060329648504,12.276795199318073,0.912,22.0
I_SFY048,SFY048,11obs,1167,0.8160863134382903,0.7146608671137126,-0.6695689156701927,0.8840443004576217,12.19459359482295,12.276795199318073,0.996,11.0
I_SFY048,SFY048,vic,1167,0.8987832993309518,0.8358376025160968,-2.6778814884944913,0.9247214892768024,11.948037173295154,12.276795199318073,,
I_SGRGE,SGRGE,9unimp,1167,0.8104405158246459,0.8084498027550613,12.092542199226733,0.9239240634199837,15.146612809936846,13.512596389344209,0.974,25.0
I_SGRGE,SGRGE,11obs,1167,0.9234447987447634,0.8501793063173635,-0.005540260270299425,0.9242936168706695,13.511847756334964,13.512596389344209,0.974,25.0
I_SGRGE,SGRGE,vic,1167,0.6915977205046844,0.7372391550007282,18.48526361553495,0.920285558043896,16.010435453217745,13.512596389344209,,
I_SHSTA,SHSTA,15cdec,1167,0.6963833546801941,0.820114456737356,-19.031665050931636,0.9717664504803859,378.02319961970113,466.87782311133066,0.875,1509.0
I_SHSTA,SHSTA,11obs,1167,0.7160157281379087,0.822933159313555,9.059091815352431,0.9630783442493723,509.1727137725048,466.87782311133066,0.965,493.0
I_SHSTA,SHSTA,vic,1167,0.7804871813250274,0.868617148578477,2.364674314910338,0.9654027721064369,477.9179630764568,466.87782311133066,,
I_SILVR,SILVR,15cdec,1167,0.8544369415153364,0.7289828078354139,5.737915267901218,0.8692024568661815,2.59430285963827,2.453521854545037,0.874,10.0
I_SILVR,SILVR,11obs,1167,0.39552485284522665,-0.03891849876897879,19.792253696264627,0.7486435650624265,2.939129124489887,2.453521854545037,0.998,5.0
I_SILVR,SILVR,vic,1167,0.6644434608972134,0.5402416470551489,15.392202172627952,0.8466688359402031,2.8311728987462197,2.453521854545037,,
I_SLC003,SLC003,15cdec,1167,0.04693029685807626,0.021118875044272678,81.46607343111968,0.8458534462904226,1.3355405415396726,0.735972579495204,1.002,8.0
I_SLC003,SLC003,11obs,1167,0.018724025322678473,-0.10267505130733645,74.51664178773773,0.8581967287949227,1.2843946302136184,0.735972579495204,1.002,4.0
I_SLC003,SLC003,vic,1167,-0.023806706355708807,-0.27454786504392614,70.07034389012821,0.8516082373236441,1.2516710968845408,0.735972579495204,,
I_SLF009,SLF009,15cdec,1167,0.7289221488254922,0.7305426801920809,20.18259841273195,0.9021788508745339,6.414249291544613,5.337086546853274,1.001,21.0
I_SLF009,SLF009,11obs,1167,0.2731136596021383,0.1102172309174092,34.586776103203455,0.8652333822455065,7.183012721247609,5.337086546853274,1.001,8.0
I_SLF009,SLF009,vic,1167,0.41670744957131445,0.349938057482736,27.86238169476688,0.8790492940223544,6.824125971917587,5.337086546853274,,
I_SLT009,SLT009,15cdec,1167,0.8110276303290659,0.7363829534356563,-5.568555169353495,0.8596322898314614,10.974010094857102,11.621139668611349,0.999,19.0
I_SLT009,SLT009,11obs,1167,0.7306158832269076,0.8125589581794883,-14.227383099651213,0.9175496480235155,9.967755607412474,11.621139668611349,1.002,11.0
I_SLT009,SLT009,vic,1167,0.8120590950767053,0.7986648195650885,-15.432128262690627,0.9031074216161038,9.827750489364824,11.621139668611349,,
I_SLTSP,SLTSP,15cdec,1167,0.8830122837419947,0.7746390336454875,2.3411542121749758,0.8860983886054605,28.390874350562267,27.741405272508405,0.885,65.0
I_SLTSP,SLTSP,9unimp,1167,0.6591820805303794,0.5550714923383422,4.189706047274765,0.8676746777553869,28.90368860680969,27.741405272508405,0.94,21.0
I_SLTSP,SLTSP,vic,1167,0.6843475112171716,0.6093329796674314,7.786051450471041,0.879782727829377,29.901365360109597,27.741405272508405,,
I_SLV006,SLV006,15cdec,1167,0.6186458478413045,0.518855618508619,-30.94533583368177,0.7804330186438262,2.062296541515536,2.986469583790159,0.978,11.0
I_SLV006,SLV006,11obs,1167,0.7677022144472845,0.547288362822778,-7.820904490023889,0.7912443183842109,2.7529006500183164,2.986469583790159,0.998,6.0
I_SLV006,SLV006,vic,1167,0.6173469119443279,0.2388642758964854,-4.358277670436116,0.7273159917206795,2.8563109467854657,2.986469583790159,,
I_SLV015,SLV015,15cdec,1167,0.6450191150821039,0.570786753541518,-28.70409748755889,0.7998836278730717,2.9892349761168537,4.192716370474773,0.997,13.0
I_SLV015,SLV015,11obs,1167,0.7972332491982801,0.5998964401715837,-4.5363612611516135,0.8170060337150842,4.002519609254594,4.192716370474773,1.0,10.0
I_SLV015,SLV015,vic,1167,0.6696477754452425,0.37794497669027327,-4.106285039866181,0.7706003440651478,4.020551485389948,4.192716370474773,,
I_SLYCK,SLYCK,15cdec,1167,0.8183746217243034,0.7119780015265473,-11.893835900153949,0.8667493536364416,5.376121861757418,6.101868032371655,0.953,19.0
I_SLYCK,SLYCK,11obs,1167,0.7425536127771859,0.8047194493651526,-19.892664408279096,0.9168592798256651,4.888043902055899,6.101868032371655,1.0,6.0
I_SLYCK,SLYCK,vic,1167,0.7414429818981519,0.6780145536593873,-19.65252027038523,0.8752965940467574,4.902697180437659,6.101868032371655,,
I_SPICE,SPICE,15cdec,1167,0.7980554773817883,0.6428494893421985,-10.18585661067026,0.826028135914071,6.763882350674286,7.530976854451479,0.965,21.0
I_SPICE,SPICE,11obs,1167,0.8591932610500443,0.7646613011417784,-4.863019606330578,0.8944457248707737,7.164743973471286,7.530976854451479,1.002,10.0
I_SPICE,SPICE,vic,1167,0.7048028426146149,0.5597776111622828,3.8696771444643145,0.8495157456512475,7.822401344543086,7.530976854451479,,
I_SPLDG,SPLDG,15cdec,1167,0.6520952359274236,0.684571290097383,-18.37148623074829,0.8464513430249341,6.9144387517490475,8.47061698476448,0.896,14.0
I_SPLDG,SPLDG,11obs,1167,0.7520969010437457,0.5812774147897504,-13.716763379205892,0.7939898087673634,7.308722496205511,8.47061698476448,1.0,9.0
I_SPLDG,SPLDG,vic,1167,0.791519830686672,0.6748919828755651,-13.664453777942205,0.8426556077899832,7.313153442174816,8.47061698476448,,
I_STMPY,STMPY,15cdec,1167,0.679335905675096,0.6055392866061164,-20.23859073919113,0.7936420879080734,1.511236069018401,1.894695797157829,0.999,11.0
I_STMPY,STMPY,11obs,1167,0.8566065808403195,0.712820334687864,-0.14305709678499876,0.8566211571755088,1.8919853003575076,1.894695797157829,0.999,4.0
I_STMPY,STMPY,vic,1167,0.7400144212636309,0.5260618655962918,3.747939207862866,0.8117571492084988,1.9657078438092372,1.894695797157829,,
I_STS072,STS072,15cdec,1167,0.9041342429173908,0.8249832718163124,-2.6117078696890346,0.9107829776223416,13.866866061653502,14.238740364292312,0.922,108.0
I_STS072,STS072,11obs,1167,0.887236865309552,0.8207342825503098,-0.4240467042666507,0.9064667007268158,14.178361455048446,14.238740364292312,1.001,36.0
I_STS072,STS072,vic,1167,0.4235177768963402,0.5264144539190156,40.09749853202075,0.9072328047892388,19.94811907284267,14.238740364292312,,
I_TGC003,TGC003,15cdec,1167,0.42632615104526994,-0.0979109681161856,32.70734733776894,0.5572505946146677,0.9403685856309419,0.7086032570883211,1.005,5.0
I_TGC003,TGC003,9unimp,1167,0.6440732896000856,0.24128001787592335,4.368998442316567,0.6658089139656584,0.7395621223527142,0.7086032570883211,1.005,4.0
I_TGC003,TGC003,vic,1167,0.4327453608806876,-0.2592590277120783,17.391483535504936,0.5706513331050883,0.8318398758768881,0.7086032570883211,,
I_TRNTY,TRNTY,11obs,1167,0.7102874330529877,0.5989012538585787,16.48261658738084,0.8565106382062176,120.17932761108429,103.17361605706232,0.928,56.0
I_TRNTY,TRNTY,vic,1167,0.572577212257747,0.3714963255782351,14.977653055899056,0.8233755156511179,118.62660231531446,103.17361605706232,,
I_UBEAR,UBEAR,15cdec,1167,0.7763026786479946,0.7720247493440977,-9.632190263302897,0.8829506445720725,5.532980164385886,6.122733504892085,0.962,17.0
I_UBEAR,UBEAR,9unimp,1167,0.8149213939848655,0.7386067799842746,-12.75996349144647,0.8840395366594567,5.341474944989294,6.122733504892085,1.003,10.0
I_UBEAR,UBEAR,vic,1167,0.8268166171873039,0.7277194334303112,-8.580236510161107,0.8811935253900605,5.597388489285468,6.122733504892085,,
I_UNVLY,UNVLY,15cdec,1167,0.6129720638826742,0.6428411760276982,-26.246065798962984,0.8286679417980145,9.830400890585286,13.328646121832328,0.965,29.0
I_UNVLY,UNVLY,11obs,1167,0.764234721323447,0.7950513683026565,-15.812779339408271,0.9010478747666192,11.221016721656383,13.328646121832328,1.001,14.0
I_UNVLY,UNVLY,vic,1167,0.7472264544146743,0.6715477679856776,-17.75045744832164,0.835720844280291,10.962750463539107,13.328646121832328,,
I_WBF006,WBF006,15cdec,1167,0.5950221986181502,0.5130029671263578,-34.347295482212644,0.7964304861949705,3.7808081812068792,5.758800355562719,0.922,21.0
I_WBF006,WBF006,11obs,1167,0.6552947560663586,0.6896516247191489,-29.02560181029783,0.8736160243253334,4.087273895307068,5.758800355562719,1.0,9.0
I_WBF006,WBF006,vic,1167,0.6889582882972716,0.47994230034159635,-7.619651114538781,0.8149099740245299,5.31999986008602,5.758800355562719,,
I_WBF015,WBF015,15cdec,1167,0.6977946582561808,0.6533862668890775,12.082986450903435,0.8930319729319104,13.786745154852046,12.300479842131221,0.947,23.0
I_WBF015,WBF015,11obs,1167,0.8829117611400623,0.822511778134721,3.4985222867497243,0.9211677993158555,12.73081487078534,12.300479842131221,1.0,13.0
I_WBF015,WBF015,vic,1167,0.5797893728078091,0.4860609406856229,9.031396470155398,0.8724210178193053,13.411384944405636,12.300479842131221,,
I_WBF030,WBF030,15cdec,1167,0.6722336266641955,0.6973731281923041,20.838946357481394,0.9161218812610324,9.678454047370973,8.00938301691155,0.982,16.0
I_WBF030,WBF030,11obs,1167,0.8077900947694062,0.7263047143719596,11.053246727606762,0.8867887675371792,8.894679883129818,8.00938301691155,1.004,8.0
I_WBF030,WBF030,vic,1167,0.6241473620383952,0.6301260715014361,14.695967989533138,0.9102651111151484,9.186439381235974,8.00938301691155,,
I_WBR001,WBR001,15cdec,1167,0.7697845275706339,0.7817904111421818,-7.528120913053232,0.8881479797285483,4.4866373213362145,4.851893749360982,0.957,40.0
I_WBR001,WBR001,11obs,1167,0.3704429732795905,0.5487787472692602,-35.497131596777265,0.8236084515420947,3.129610640214503,4.851893749360982,1.001,19.0
I_WBR001,WBR001,vic,1167,0.7123577771136558,0.6815811678287524,23.25720695309434,0.8670135473123941,5.980308719794113,4.851893749360982,,
I_WKYTN,WKYTN,15cdec,1167,0.885989203655963,0.8609773818715251,-8.817827597793862,0.9311792114862799,21.211637682900765,23.262922042848313,0.945,67.0
I_WKYTN,WKYTN,11obs,1167,0.7575677299348562,0.8172715889123946,22.95912798160634,0.9227661173274111,28.603886086927172,23.262922042848313,0.95,23.0
I_WKYTN,WKYTN,vic,1167,0.7885386884409997,0.7567746178599686,-0.6452770793059034,0.9136644149295895,23.112811738929015,23.262922042848313,,
I_WLF013,WLF013,9unimp,1167,0.7447301927965161,0.8545915998559123,14.542679882560995,0.9610029322389665,1.7856487254740385,1.5589374434969037,1.004,5.0
I_WLF013,WLF013,vic,1167,0.3943800372172669,0.600706510366509,38.93386389507763,0.9581155332817974,2.165892025957391,1.5589374434969037,,
