scenario,dT_C,cc_pct_per_C,dmean_pct,F_extreme
1,0.0,0.0,0.0,1.0
2,2.0,7.0,-25.0,1.1449
3,3.0,7.0,-25.0,1.225043
4,4.0,7.0,-25.0,1.310796
5,5.0,7.0,-25.0,1.402552
6,1.0,7.0,-12.5,1.07
7,2.0,7.0,-12.5,1.1449
8,3.0,7.0,-12.5,1.225043
9,4.0,7.0,-12.5,1.310796
10,5.0,7.0,-12.5,1.402552
11,1.0,7.0,0.0,1.07
12,2.0,7.0,0.0,1.1449
13,3.0,7.0,0.0,1.225043
14,4.0,7.0,0.0,1.310796
15,5.0,7.0,0.0,1.402552
16,1.0,7.0,12.5,1.07
17,2.0,7.0,12.5,1.1449
18,3.0,7.0,12.5,1.225043
19,4.0,7.0,12.5,1.310796
20,5.0,7.0,12.5,1.402552
21,2.0,7.0,25.0,1.1449
22,3.0,7.0,25.0,1.225043
23,4.0,7.0,25.0,1.310796
24,5.0,7.0,25.0,1.402552
25,3.0,0.0,-12.5,1.0
26,3.0,0.0,0.0,1.0
27,3.0,0.0,12.5,1.0
28,3.0,14.0,-12.5,1.481544
29,3.0,14.0,0.0,1.481544
30,3.0,14.0,12.5,1.481544
