site,n_months,kge_fit,nse_fit,pbias_fit,r_fit,seas_mismatch_fit,kge_workbook,nse_workbook,pbias_workbook,r_workbook,seas_mismatch_workbook,kge_unrouted,nse_unrouted,pbias_unrouted,r_unrouted,seas_mismatch_unrouted
SHA,336,0.8540099547613551,0.7157371366582609,1.157755895915454,0.8555549781874723,0.08555763854599145,0.8228891662756288,0.6881420948349662,9.114785580721668,0.8484166077963089,0.1019827082526524,0.3848493553500111,0.09987765996132392,-0.9977770415319973,0.8264941103521276,0.22706400804946408
CLE,336,0.8003896216895418,0.5928580644577759,-0.9976230749017728,0.8030860685522031,0.14511498181704643,,,,,,0.6984790951329355,0.46521994565244806,0.7122358331898179,0.8037012124296424,0.16983288495678406
BND,336,0.9066026441797874,0.8180136628288112,1.0728964462112929,0.908024875718715,0.07342046015867218,,,,,,0.5232803754103007,0.49203949134353786,0.09790712114455545,0.9009378633137101,0.18911831098916543
ORO,336,0.8140443633064798,0.6248571907855995,-0.9672482811833316,0.8146476284763284,0.11996178078827743,0.8392007407637431,0.6739966768703345,0.5562662502847927,0.8410334449322328,0.07519689810509127,0.6088034099616089,0.3973324906791704,3.7392631655558093,0.8209239015843356,0.16302644882455403
FOL,336,0.9046787309006307,0.8246121760039146,1.0100104000876575,0.910088372259663,0.07230810405174747,0.8927249359963689,0.8427557675721775,-0.038348393526229534,0.9181039249329295,0.05471829326006502,0.8306534944399737,0.7599589512212666,9.881779360250693,0.8962609544468021,0.09934967912794784
YRS,336,0.8944393576542093,0.7998525141801989,1.0074791306400126,0.8977709690880378,0.050602237769646626,0.8426057168569561,0.8142513437007084,-4.821785219653289,0.9034015505893843,0.03523745724087708,0.8741183251554869,0.7524057265445457,2.429467645378943,0.8807626492878685,0.07933523128631886
CSN,336,0.9079981232915744,0.8357634816323426,1.0127648001005167,0.9155509738552934,0.12936619865582455,0.8364097975984452,0.8660201954598048,8.961048938338994,0.9334626498722802,0.04044173238809939,0.3768337362533818,0.45235893421199025,43.69339747542548,0.8947132580403374,0.16914308311469678
MKM,336,0.8307118913211832,0.713350471615599,1.0179113347161342,0.848193012854903,0.15636085556237972,0.8201474022869731,0.7635711228523252,5.050474890072991,0.8747241196922813,0.13728137880585103,0.8100123753841475,0.6267170171909429,1.6239603771455187,0.8111301694291281,0.20081958088107307
NML,217,0.9131853200745276,0.8266251810158763,0.12679439706564746,0.9132038906700247,0.035745878918419766,0.6958415287172568,0.636747009373726,15.16928076256418,0.8857867497348291,0.07869668187477429,0.6901547536885488,0.6163270714635394,13.933774290530776,0.8793909333860126,0.10047046854791608
TLG,336,0.9277785067062002,0.8569663908133953,0.506088060006255,0.9281377242649969,0.06269061414203696,0.8489303066147091,0.822648077165895,11.109784849991554,0.9230928318174206,0.07029458434328928,0.9053318419560176,0.8368972653521363,3.188761504738016,0.9233196037349154,0.06802116807241314
MRC,336,0.9101549353646529,0.8358427977166555,1.0103605097908233,0.9158828664153419,0.07825599416969807,0.8464051399466442,0.8177362275674102,12.435873935313872,0.9169118118502806,0.08973702749155812,0.7728809593359109,0.7462558191651919,15.003147923253783,0.903155440513999,0.1242055787547878
MIL,336,0.9497441340909932,0.8994606570489525,-0.031034197656062936,0.9497460573138534,0.04151781948320166,0.8355444395610195,0.8591364619720104,9.55176081505201,0.9464643790265934,0.04446021106938769,0.9264800813249763,0.8752668515549057,-2.7477233485756627,0.9403873069938246,0.06107217149740861
