site,model,n_months,wy_start,wy_end,kge,nse,pbias,r,seas_mismatch,mean_sim_taf,mean_obs_taf
SHA,dpl,336,1991,2018,0.9410406990533523,0.9069615426915143,0.3541533401623192,0.9559713447985936,0.036817063238191935,474.28517981131864,472.61141071428574
SHA,bcm,336,1991,2018,0.8540099547613551,0.7157371366582609,1.157755895915454,0.8555549781874723,0.08555763854599145,478.08309718659956,472.61141071428574
SHA,vic_calsim3,336,1991,2018,0.6642175655909909,0.8045903777528618,11.421540780353716,0.9700211993540476,0.052915435393656556,526.5909157216229,472.61141071428574
CLE,dpl,336,1991,2018,0.9363048560983019,0.8987407096523282,0.6504800567995601,0.9481625403581733,0.05152576382805284,110.39485632254868,109.68140068507385
CLE,bcm,336,1991,2018,0.8003896216895418,0.5928580644577759,-0.9976230749017728,0.8030860685522031,0.14511498181704643,108.58719372296409,109.68140068507385
CLE,vic_calsim3,336,1991,2018,0.8457929257609819,0.7346477552019567,-6.9907208085524255,0.8794444782271318,0.15870952442271513,102.01388018427063,109.68140068507385
BND,dpl,336,1991,2018,0.9577374611136411,0.9459721883395396,-3.2988753303375455,0.9735864735420702,0.028940531011138106,674.6410573029068,697.6558541666667
BND,bcm,336,1991,2018,0.9066026441797874,0.8180136628288112,1.0728964462112929,0.908024875718715,0.07342046015867218,705.1409790328058,697.6558541666667
BND,vic_calsim3,336,1991,2018,0.6992209029432928,0.8356616958185904,6.341468114549848,0.9713008797655683,0.075148959646861,741.8974777079362,697.6558541666667
ORO,dpl,336,1991,2018,0.9628102426604254,0.9551278731192975,2.9315885963073893,0.9780673441026908,0.04587904316211467,373.1845186233024,362.55587202380957
ORO,bcm,336,1991,2018,0.8140443633064798,0.6248571907855995,-0.9672482811833316,0.8146476284763284,0.11996178078827743,359.04905658333,362.55587202380957
ORO,vic_calsim3,336,1991,2018,0.669478196023076,0.7809742823399477,16.043492685236313,0.9543697984438901,0.0980618159069293,420.7224968318442,362.55587202380957
FOL,dpl,336,1991,2018,0.973930243958559,0.94898883322299,-0.2427276977708314,0.974653582995752,0.06894388246362165,223.0008861330679,223.54348809523808
FOL,bcm,336,1991,2018,0.9046787309006307,0.8246121760039146,1.0100104000876575,0.910088372259663,0.07230810405174747,225.8013005737187,223.54348809523808
FOL,vic_calsim3,336,1991,2018,0.7809899377212234,0.7749988693390911,5.576656864025242,0.9230540866184352,0.15532001728193803,236.00974136818263,223.54348809523808
YRS,dpl,336,1991,2018,0.9312067821391247,0.9525875064619211,-1.7585623930368492,0.9769018964769212,0.026203892334527728,186.52193902291924,189.86075892857144
YRS,bcm,336,1991,2018,0.8944393576542093,0.7998525141801989,1.0074791306400126,0.8977709690880378,0.050602237769646626,191.77356645205154,189.86075892857144
YRS,vic_calsim3,336,1991,2018,0.8009164854298062,0.8570273715740426,7.516090198042103,0.9544970165505955,0.11045751077547306,204.13086482033015,189.86075892857144
CSN,dpl,336,1991,2018,0.9589074822717326,0.9663021757669907,-0.9235811349846469,0.9832150461035418,0.042495301034528574,31.87913814781629,32.176312499999995
CSN,bcm,336,1991,2018,0.9079981232915744,0.8357634816323426,1.0127648001005167,0.9155509738552934,0.12936619865582455,32.50218286697034,32.176312499999995
CSN,vic_calsim3,336,1991,2018,0.4750785994725316,0.7127338406193495,38.98061302622124,0.9562711087038426,0.12449279633481436,44.71883636173264,32.176312499999995
MKM,dpl,336,1991,2018,0.8508007946500369,0.8724386658760938,-10.60313345556628,0.9379151021908987,0.10820154463330126,56.61344453121507,63.32822023809525
MKM,bcm,336,1991,2018,0.8307118913211832,0.713350471615599,1.0179113347161342,0.848193012854903,0.15636085556237972,63.972845369972816,63.32822023809525
MKM,vic_calsim3,336,1991,2018,0.8172684128404911,0.6637333245287855,0.022288243540004325,0.8539315602304904,0.19404785312715753,63.34233498605146,63.32822023809525
NML,dpl,217,1991,2018,0.958279474858902,0.9339839253647385,0.6820356307589198,0.9681881895116147,0.06775967497078769,107.5961534811257,106.86728055015058
NML,bcm,217,1991,2018,0.9131853200745276,0.8266251810158763,0.12679439706564746,0.9132038906700247,0.035745878918419766,107.0027822741846,106.86728055015058
NML,vic_calsim3,217,1991,2018,0.5617400591280224,0.6797074906657263,18.577230723852175,0.9538361616569854,0.12115991046362903,126.72026182625845,106.86728055015058
TLG,dpl,336,1991,2018,0.9122295243605117,0.9590059167390856,-4.585271936728053,0.9815237277297727,0.04390962462174031,155.22307918015264,162.68251488095237
TLG,bcm,336,1991,2018,0.9277785067062002,0.8569663908133953,0.506088060006255,0.9281377242649969,0.06269061414203696,163.50583166448277,162.68251488095237
TLG,vic_calsim3,336,1991,2018,0.8617493656778838,0.8541830241461872,-2.7146812811075343,0.9419616777166859,0.10059271095031351,158.26620310184418,162.68251488095237
MRC,dpl,336,1991,2018,0.9616027711791219,0.9324584368853857,1.5897226172652372,0.9660551561127609,0.06596996456313747,84.9126630473055,83.58391071428571
MRC,bcm,336,1991,2018,0.9101549353646529,0.8358427977166555,1.0103605097908233,0.9158828664153419,0.07825599416969807,84.42840954068167,83.58391071428571
MRC,vic_calsim3,336,1991,2018,0.8145662037868587,0.8358918197946663,9.28444156455284,0.940455251796834,0.10826698230985987,91.34421006192159,83.58391071428571
MIL,dpl,336,1991,2018,0.923375008387097,0.9347707333635287,-1.8011908462580084,0.9675571303683814,0.04060349889311122,145.02169353415388,147.68172321428568
MIL,bcm,336,1991,2018,0.9497441340909932,0.8994606570489525,-0.031034197656062936,0.9497460573138534,0.04151781948320166,147.6358913764015,147.68172321428568
MIL,vic_calsim3,336,1991,2018,0.8257595762725616,0.8458466704858555,-3.255547915850267,0.9452766377941485,0.07003858619880879,142.87387395209126,147.68172321428568
