set_id,name,entity_id,ref_kind,system,window,win_start,win_end,volume_scored,nested_in,area_set_mi2,area_sim_mi2,cover_frac,n_arcs,n_arcs_missing,n_months,kge,nse,pbias,r,alpha,beta,seas_mismatch,ct_diff,sim_taf_yr,ref_taf_yr,note,excluded_wy
SHA,Sacramento R. at Shasta (cdec_SHA: CDEC SIS daily FNF),cdec_SHA,anchor,SHAS,WY1976-85,1975-10,1985-09,True,UF6,6588.45234035,6588.45234035,1.0,1,0,120,0.8849094375358812,0.9323845445835491,-10.454946701626108,0.9734793325411192,0.9598515166854537,0.8954505329837389,0.028012024259611596,-0.010405120054738148,5289.231097606348,5906.782008361817,nested in UF6 (I_SHSTA is one of Red Bluff's arcs): skill scored; left out of the volume totals; anchor equals the 11obs SHA training target (temporal holdout),
SHA,Sacramento R. at Shasta (cdec_SHA: CDEC SIS daily FNF),cdec_SHA,anchor,SHAS,WY1976-84,1975-10,1984-09,True,UF6,6588.45234035,6588.45234035,1.0,1,0,108,0.8882458852981605,0.9341470827579448,-9.893979158869605,0.973586222071594,0.9552539149340848,0.9010602084113039,0.031062451213808358,0.04761874811364919,5516.667050496964,6122.417790730795,nested in UF6 (I_SHSTA is one of Red Bluff's arcs): skill scored; left out of the volume totals; anchor equals the 11obs SHA training target (temporal holdout),
SHA,Sacramento R. at Shasta (cdec_SHA: CDEC SIS daily FNF),cdec_SHA,anchor,SHAS,WY1950-84_mixed,1949-10,1984-09,True,UF6,6588.45234035,6588.45234035,1.0,1,0,420,0.8742866625686903,0.9205681621292856,-9.316950282352252,0.9681429104557056,0.9218436643802771,0.9068304971764775,0.03481215745222389,0.08442137565919605,5733.587393936167,6322.66714869908,nested in UF6 (I_SHSTA is one of Red Bluff's arcs): skill scored; left out of the volume totals; anchor equals the 11obs SHA training target (temporal holdout),
SHA,Sacramento R. at Shasta (cdec_SHA: CDEC SIS daily FNF),cdec_SHA,anchor,SHAS,train,1987-10,2018-12,True,UF6,6588.45234035,6588.45234035,1.0,1,0,375,0.9449247585534267,0.9020279328236868,-2.349061281193026,0.9521485250442939,1.0138459262847146,0.9765093871880697,0.04034367013306381,0.14196013999421808,5368.321888367277,5497.460606933593,nested in UF6 (I_SHSTA is one of Red Bluff's arcs): skill scored; left out of the volume totals; anchor equals the 11obs SHA training target (temporal holdout),
CLE,Trinity R. at Trinity Dam (cdec_CLE: CDEC CLE daily FNF),cdec_CLE,anchor,TRIN,WY1976-85,1975-10,1985-09,True,,692.855878007,692.855878007,1.0,1,0,120,0.9414270248404262,0.8896730858588898,0.004121075278885766,0.9440202405267771,0.9827646221382291,1.000041210752789,0.09338246366022007,-0.41914253579352856,1329.48678474097,1329.431997847557,the daily training target is the Trinity Lake full natural flow at Trinity Dam (CalSim3 I_TRNTY = FLOW-UNIMPAIRED TRIN); the monthly record at Lewiston (CDEC TNL) is the two-arc sum I_TRNTY + I_LWSTN (719 mi2) and is not a registry target,
CLE,Trinity R. at Trinity Dam (cdec_CLE: CDEC CLE daily FNF),cdec_CLE,anchor,TRIN,WY1976-84,1975-10,1984-09,True,,692.855878007,692.855878007,1.0,1,0,108,0.9413033446175745,0.8881984290258054,-0.08622157628602362,0.9433484056159954,0.9846653728179742,0.9991377842371397,0.09253696716338422,-0.419545629918753,1382.7378637198262,1383.93111093839,the daily training target is the Trinity Lake full natural flow at Trinity Dam (CalSim3 I_TRNTY = FLOW-UNIMPAIRED TRIN); the monthly record at Lewiston (CDEC TNL) is the two-arc sum I_TRNTY + I_LWSTN (719 mi2) and is not a registry target,
CLE,Trinity R. at Trinity Dam (cdec_CLE: CDEC CLE daily FNF),cdec_CLE,anchor,TRIN,WY1950-84_mixed,1949-10,1984-09,True,,692.855878007,692.855878007,1.0,1,0,420,0.6912772045301501,0.7408375743705764,21.98023562379226,0.9300246913648438,1.2051831981824797,1.2198023562379228,0.06597615430139082,-0.3172701016913786,1727.3021727198607,1416.0508576546395,the daily training target is the Trinity Lake full natural flow at Trinity Dam (CalSim3 I_TRNTY = FLOW-UNIMPAIRED TRIN); the monthly record at Lewiston (CDEC TNL) is the two-arc sum I_TRNTY + I_LWSTN (719 mi2) and is not a registry target,
CLE,Trinity R. at Trinity Dam (cdec_CLE: CDEC CLE daily FNF),cdec_CLE,anchor,TRIN,train,1986-04,2018-12,True,,692.855878007,692.855878007,1.0,1,0,393,0.9392201510506697,0.9067195711879166,2.6313226223810267,0.9527069296922234,0.9723382996751523,1.0263132262238104,0.04472586258724528,-0.15972096286075832,1258.8917840814836,1226.6155710702633,the daily training target is the Trinity Lake full natural flow at Trinity Dam (CalSim3 I_TRNTY = FLOW-UNIMPAIRED TRIN); the monthly record at Lewiston (CDEC TNL) is the two-arc sum I_TRNTY + I_LWSTN (719 mi2) and is not a registry target,
UF6,Sacramento R. near Red Bluff (uf_06: DWR UF 6 monthly),uf_06,anchor,SRBB,WY1976-85,1975-10,1985-09,True,,9083.7152350753,9083.7152350753,1.0,9,0,120,0.9117923606382144,0.96430683196731,-7.953216134987384,0.9856205908062794,0.9646665095973239,0.9204678386501262,0.02218721814457361,-0.09995849079690089,8055.23403093024,8751.238981628418,UNIMP SRBB only - the arc sum lacks the series-less valley node I_SRBB_VAL (11% of the volume),
UF6,Sacramento R. near Red Bluff (uf_06: DWR UF 6 monthly),uf_06,anchor,SRBB,WY1976-84,1975-10,1984-09,True,,9083.7152350753,9083.7152350753,1.0,9,0,108,0.9117026838486157,0.9655679318354985,-7.77984589281622,0.9862230261594269,0.9605790560775529,0.9222015410718377,0.0203143179667717,-0.04538017298281538,8402.883202105932,9111.764433119031,UNIMP SRBB only - the arc sum lacks the series-less valley node I_SRBB_VAL (11% of the volume),
UF6,Sacramento R. near Red Bluff (uf_06: DWR UF 6 monthly),uf_06,anchor,SRBB,WY1950-84_mixed,1949-10,1984-09,True,,9083.7152350753,9083.7152350753,1.0,9,0,420,0.8699323974979227,0.9500397610227532,-9.658779995834788,0.9833229741608461,0.9144999711754157,0.9034122000416521,0.02256653753868516,-0.008220473570191622,8320.766807577613,9210.376843697684,UNIMP SRBB only - the arc sum lacks the series-less valley node I_SRBB_VAL (11% of the volume),
UF6,Sacramento R. near Red Bluff (uf_06: DWR UF 6 monthly),uf_06,anchor,SRBB,train,1984-10,2014-09,True,,9083.7152350753,9083.7152350753,1.0,9,0,348,0.9556106527639766,0.9442288456120311,-3.4722016358815138,0.9729649387569181,1.0058224729798644,0.9652779836411849,0.031008289405057714,0.02946533966688758,7781.736684303796,8061.653550772831,UNIMP SRBB only - the arc sum lacks the series-less valley node I_SRBB_VAL (11% of the volume),1976-1985
UF7,Sacramento Valley east-side minor streams (uf_07: DWR UF 7 monthly),uf_07,arcsum,,WY1976-85,1975-10,1985-09,True,,1035.9007577909001,1035.9007577909001,1.0,8,0,120,0.9398691281362792,0.9723028584581,3.9555346034761376,0.9882353528218667,1.0437343049325758,1.0395553460347615,0.021214613506826407,-0.07229671954328598,1287.1327269997728,1238.1569984795526,DWR's UF 7 also carries valley-floor runoff no rim arc holds (about 4% of volume); the arc sum is the consistent reference,
UF7,Sacramento Valley east-side minor streams (uf_07: DWR UF 7 monthly),uf_07,arcsum,,WY1976-84,1975-10,1984-09,True,,1035.9007577909001,1035.9007577909001,1.0,8,0,108,0.9418012143888501,0.9722958724630626,3.539299203699117,0.9881773597151364,1.0446616159355746,1.0353929920369913,0.023424297641084023,-0.05119499933974758,1351.7274074361608,1305.5211092136385,DWR's UF 7 also carries valley-floor runoff no rim arc holds (about 4% of volume); the arc sum is the consistent reference,
UF7,Sacramento Valley east-side minor streams (uf_07: DWR UF 7 monthly),uf_07,arcsum,,WY1950-84_mixed,1949-10,1984-09,True,,1035.9007577909001,1035.9007577909001,1.0,8,0,420,0.9061062333101353,0.9416134848608162,-4.291101874799052,0.9725935094441538,0.9211104051941407,0.9570889812520095,0.02760557444246878,0.012841402026626092,1270.864586669885,1327.8437131387848,DWR's UF 7 also carries valley-floor runoff no rim arc holds (about 4% of volume); the arc sum is the consistent reference,
UF7,Sacramento Valley east-side minor streams (uf_07: DWR UF 7 monthly),uf_07,arcsum,,train,1984-10,2014-09,True,,1035.9007577909001,1035.9007577909001,1.0,8,0,348,0.8970088058515645,0.9446380760253991,8.022533102771568,0.9778263926005439,1.0606581690171155,1.0802253310277157,0.02550216779201427,-0.04460156860859055,1235.2220214909885,1143.4855173372118,DWR's UF 7 also carries valley-floor runoff no rim arc holds (about 4% of volume); the arc sum is the consistent reference,1976-1985
UF8,Feather R. near Oroville (cdec_ORO: CDEC FTO daily FNF),cdec_ORO,anchor,OROV,WY1976-85,1975-10,1985-09,True,,3601.62097369545,3601.62097369545,1.0,21,0,120,0.933861978792267,0.9554208861727564,3.034984298020336,0.9807393437730334,1.0555171325093269,1.0303498429802034,0.04854221634727742,-0.23266653601626874,4779.444681308358,4638.662017440795,,
UF8,Feather R. near Oroville (cdec_ORO: CDEC FTO daily FNF),cdec_ORO,anchor,OROV,WY1976-84,1975-10,1984-09,True,,3601.62097369545,3601.62097369545,1.0,21,0,108,0.9329602236682396,0.9553887397931311,3.1347285766054345,0.9807969614852694,1.0560617748337988,1.0313472857660544,0.049830577765541326,-0.2143950534143677,5012.926529265584,4860.561130523682,,
UF8,Feather R. near Oroville (cdec_ORO: CDEC FTO daily FNF),cdec_ORO,anchor,OROV,WY1950-84_mixed,1949-10,1984-09,True,,3601.62097369545,3601.62097369545,1.0,21,0,420,0.931886409549573,0.9302470307512384,-3.771033167492129,0.9653328940384398,0.955104745760093,0.9622896683250788,0.05337477594795101,-0.19902330718229955,4754.936092732564,4941.273141806466,,
UF8,Feather R. near Oroville (cdec_ORO: CDEC FTO daily FNF),cdec_ORO,anchor,OROV,train,1987-10,2018-12,True,,3601.62097369545,3601.62097369545,1.0,21,0,375,0.9642512479831984,0.9632333592287816,2.6510969380036933,0.9817215821727122,0.9844744979140574,1.026510969380037,0.03206234650981206,-0.1033069325471283,4272.265295364293,4161.9285354003905,,
UF4,Stony Creek at Black Butte (uf_04: DWR UF 4 monthly),uf_04,arcsum,,WY1976-85,1975-10,1985-09,True,,744.9371658076,744.9371658076,1.0,3,0,120,0.9770997472235436,0.9616221423164822,-0.5371097154244548,0.9811074175563791,1.0117746856092318,0.9946289028457554,0.05100543607650154,-0.10862571554991973,509.9343033431777,512.6880004031584,,
UF4,Stony Creek at Black Butte (uf_04: DWR UF 4 monthly),uf_04,arcsum,,WY1976-84,1975-10,1984-09,True,,744.9371658076,744.9371658076,1.0,3,0,108,0.9743554489576483,0.9624778445933198,-1.2824817441019079,0.9815711331630935,1.0123912841495903,0.9871751825589811,0.049766974795540604,-0.10396364227325261,539.123789204383,546.1277782600373,,
UF4,Stony Creek at Black Butte (uf_04: DWR UF 4 monthly),uf_04,arcsum,,WY1950-84_mixed,1949-10,1984-09,True,,744.9371658076,744.9371658076,1.0,3,0,420,0.883162497845053,0.9183406582314956,-9.909893800734908,0.9602980027408435,0.9525220702930637,0.9009010619926511,0.057309780710203886,-0.08275178801782168,454.6175853964928,504.62542955710416,,
UF4,Stony Creek at Black Butte (uf_04: DWR UF 4 monthly),uf_04,arcsum,,train,1984-10,2014-09,True,,744.9371658076,744.9371658076,1.0,3,0,348,0.9108991106566712,0.9304770417809415,7.681985407698566,0.9675456426121564,1.0313750408430786,1.0768198540769858,0.03548005522361451,-0.10362432928022614,471.41724992115337,437.7865509595722,,1976-1985
UF11,American R. at Fair Oaks (cdec_FOL: CDEC AMF daily FNF),cdec_FOL,anchor,FOLS,WY1976-85,1975-10,1985-09,True,,1863.78155589715,1863.78155589715,1.0,46,0,120,0.9450048801790414,0.964133149473057,-2.367112366611544,0.982530994575902,0.953535228850258,0.9763288763338845,0.02979680381889208,0.02730013973671941,2869.88807095665,2939.4685955956575,I_RUB002 has no polygon of its own (dissolved into I_MFA025),
UF11,American R. at Fair Oaks (cdec_FOL: CDEC AMF daily FNF),cdec_FOL,anchor,FOLS,WY1976-84,1975-10,1984-09,True,,1863.78155589715,1863.78155589715,1.0,46,0,108,0.9443152251536843,0.9633754099237684,-2.2281261935130594,0.9821571718756743,0.95218814999617,0.9777187380648693,0.032359740917237076,0.03418251167659747,3022.2867916734062,3091.16177690857,I_RUB002 has no polygon of its own (dissolved into I_MFA025),
UF11,American R. at Fair Oaks (cdec_FOL: CDEC AMF daily FNF),cdec_FOL,anchor,FOLS,WY1950-84_mixed,1949-10,1984-09,True,,1863.78155589715,1863.78155589715,1.0,46,0,420,0.93940678309256,0.9591865967099219,-0.9244686768799543,0.9800973731100188,0.9435202766949319,0.9907553132312005,0.03120470668401057,0.049230245677876816,2895.213652453595,2922.228741838677,I_RUB002 has no polygon of its own (dissolved into I_MFA025),
UF11,American R. at Fair Oaks (cdec_FOL: CDEC AMF daily FNF),cdec_FOL,anchor,FOLS,train,1987-10,2018-12,True,,1863.78155589715,1863.78155589715,1.0,46,0,375,0.9715593965208089,0.9628793249593496,-1.2011527337808712,0.9813053539680319,0.9822489057516708,0.9879884726621913,0.05335866247808996,-0.17047134854942314,2511.4156490639693,2541.9483309322595,I_RUB002 has no polygon of its own (dissolved into I_MFA025),
UF9,Yuba R. at Smartville (cdec_YRS: CDEC YRS daily FNF),cdec_YRS,anchor,YUBA,WY1976-85,1975-10,1985-09,True,,1193.4312608042,1129.2539968792,0.9462245828203345,18,2,120,0.9619621882188525,0.9652519126584328,-1.6951034357421084,0.9826576150139794,0.9706950645401123,0.9830489656425788,0.030151933097748565,0.07304526686761736,2385.3987701907254,2426.5309802055363,registry entity cdec_YRS omits the Deer Creek arcs I_DER001/I_DER004 (64 mi2); scored on its covered arcs as well,
UF9,Yuba R. at Smartville (cdec_YRS: CDEC YRS daily FNF),cdec_YRS,anchor,YUBA,WY1976-84,1975-10,1984-09,True,,1193.4312608042,1129.2539968792,0.9462245828203345,18,2,108,0.9613845068129376,0.9643738718300732,-1.6863851419348468,0.9822139753896155,0.9701600241631299,0.9831361485806516,0.032032099594192925,0.0701116497330041,2506.6410447806866,2549.637757089403,registry entity cdec_YRS omits the Deer Creek arcs I_DER001/I_DER004 (64 mi2); scored on its covered arcs as well,
UF9,Yuba R. at Smartville (cdec_YRS: CDEC YRS daily FNF),cdec_YRS,anchor,YUBA,WY1950-84_mixed,1949-10,1984-09,True,,1193.4312608042,1129.2539968792,0.9462245828203345,18,2,420,0.8896950237679985,0.9556133359962029,-5.815068479361678,0.9818246816520462,0.9080470585433702,0.9418493152063833,0.020541362337209396,0.050802259499128866,2398.0530352193928,2546.111141668047,registry entity cdec_YRS omits the Deer Creek arcs I_DER001/I_DER004 (64 mi2); scored on its covered arcs as well,
UF9,Yuba R. at Smartville (cdec_YRS: CDEC YRS daily FNF),cdec_YRS,anchor,YUBA,train,1987-10,2018-12,True,,1193.4312608042,1129.2539968792,0.9462245828203345,18,2,375,0.9458357186141363,0.9528708304400006,0.2638325273498152,0.9764785058092844,0.9512809284896112,1.0026383252734983,0.019130663095585636,0.034254396017646904,2191.9996070108655,2186.2316168823245,registry entity cdec_YRS omits the Deer Creek arcs I_DER001/I_DER004 (64 mi2); scored on its covered arcs as well,
UF9,Yuba R. at Smartville (cdec_YRS: CDEC YRS daily FNF),cdec_YRS,arcsum_covered,,WY1976-85,1975-10,1985-09,False,,1193.4312608042,1129.2539968792,0.9462245828203345,18,2,120,0.978618089457503,0.9700824807410702,-1.527380288535817,0.9851143419784302,0.9984787409387468,0.9847261971146418,0.0306010953674379,-0.00464496457864616,2385.3987701907254,2422.397999748774,registry entity cdec_YRS omits the Deer Creek arcs I_DER001/I_DER004 (64 mi2); scored on its covered arcs as well,
UF9,Yuba R. at Smartville (cdec_YRS: CDEC YRS daily FNF),cdec_YRS,arcsum_covered,,WY1976-84,1975-10,1984-09,False,,1193.4312608042,1129.2539968792,0.9462245828203345,18,2,108,0.9801388304723129,0.969467015387462,-1.2650137753609862,0.9847764180362684,0.99836212881588,0.9873498622463902,0.030960326902652047,0.001050406704603546,2506.6410447806866,2538.75666633269,registry entity cdec_YRS omits the Deer Creek arcs I_DER001/I_DER004 (64 mi2); scored on its covered arcs as well,
UF9,Yuba R. at Smartville (cdec_YRS: CDEC YRS daily FNF),cdec_YRS,arcsum_covered,,WY1950-84_mixed,1949-10,1984-09,False,,1193.4312608042,1129.2539968792,0.9462245828203345,18,2,420,0.9254363337874024,0.9620873197844909,-4.635082131856064,0.982607779743366,0.9442429165333833,0.9536491786814393,0.023352562102935157,-0.013038788036369375,2398.0530352193928,2514.607141522478,registry entity cdec_YRS omits the Deer Creek arcs I_DER001/I_DER004 (64 mi2); scored on its covered arcs as well,
UF9,Yuba R. at Smartville (cdec_YRS: CDEC YRS daily FNF),cdec_YRS,arcsum_covered,,train,1987-10,2018-12,False,,1193.4312608042,1129.2539968792,0.9462245828203345,18,2,375,0.9693701738341556,0.9568296420841285,-0.6094055773402992,0.9781907168890661,0.9793746780542063,0.9939059442265971,0.026752116216977387,-0.04378664443125757,2191.9996070108655,2205.43967942214,registry entity cdec_YRS omits the Deer Creek arcs I_DER001/I_DER004 (64 mi2); scored on its covered arcs as well,
UF10,Bear R. near Wheatland (uf_10: DWR UF 10 monthly),uf_10,arcsum,,WY1976-85,1975-10,1985-09,True,,281.9647162872,281.9647162872,1.0,5,0,120,0.9013382734307286,0.9648761642842341,-8.324730493661402,0.9862329513844077,1.0511320924942056,0.916752695063386,0.08475848991600296,-0.05604957576701253,346.67736613705677,378.1580005206168,CalSim3 arcs carry Jul-Sep baseflow the DWR unimpaired series does not; low-flow months disagree by construction,
UF10,Bear R. near Wheatland (uf_10: DWR UF 10 monthly),uf_10,arcsum,,WY1976-84,1975-10,1984-09,True,,281.9647162872,281.9647162872,1.0,5,0,108,0.9073776675370056,0.9655837757247313,-7.590515859784166,0.9863176435801688,1.0512844663804028,0.9240948414021583,0.08084749671840642,-0.0320142193080013,367.748676569743,397.9555561761889,CalSim3 arcs carry Jul-Sep baseflow the DWR unimpaired series does not; low-flow months disagree by construction,
UF10,Bear R. near Wheatland (uf_10: DWR UF 10 monthly),uf_10,arcsum,,WY1950-84_mixed,1949-10,1984-09,True,,281.9647162872,281.9647162872,1.0,5,0,420,0.9040402558323132,0.955302439528962,-6.671655022388687,0.9823377483091655,1.0666724777712746,0.9332834497761131,0.08707182259838436,-0.13476030282954454,357.9688672456539,383.55857197674254,CalSim3 arcs carry Jul-Sep baseflow the DWR unimpaired series does not; low-flow months disagree by construction,
UF10,Bear R. near Wheatland (uf_10: DWR UF 10 monthly),uf_10,arcsum,,train,1984-10,2014-09,True,,281.9647162872,281.9647162872,1.0,5,0,348,0.8733202938713083,0.9629097402754244,-12.476268424597388,0.9852403347373593,1.016253394904632,0.8752373157540261,0.08002480318018595,-0.11001909626592976,289.8770903776481,331.19827635310077,CalSim3 arcs carry Jul-Sep baseflow the DWR unimpaired series does not; low-flow months disagree by construction,1976-1985
UF3,Cache Creek above Rumsey (uf_03: DWR UF 3 monthly),uf_03,arcsum,,WY1976-85,1975-10,1985-09,True,,953.3664189313,953.3664189313,1.0,4,0,120,0.7783095275218079,0.9066971220532236,-15.871648845682765,0.9638652764783583,0.8495007520432337,0.8412835115431723,0.06907593600076894,-0.2541543898371401,615.5922969855436,731.7298966865026,the arcs are the Clear Lake / Indian Valley inflows while the DWR record is the routed outflow at Rumsey,
UF3,Cache Creek above Rumsey (uf_03: DWR UF 3 monthly),uf_03,arcsum,,WY1976-84,1975-10,1984-09,True,,953.3664189313,953.3664189313,1.0,4,0,108,0.7765212939489903,0.9063943130414721,-16.313467748937082,0.9639054541010097,0.8515850653909174,0.8368653225106293,0.07132004286726085,-0.2849863746474872,649.3973691756987,775.9879059482125,the arcs are the Clear Lake / Indian Valley inflows while the DWR record is the routed outflow at Rumsey,
UF3,Cache Creek above Rumsey (uf_03: DWR UF 3 monthly),uf_03,arcsum,,WY1950-84_mixed,1949-10,1984-09,True,,953.3664189313,953.3664189313,1.0,4,0,420,0.7425850012862745,0.8860495863195671,-15.111743290790706,0.9600976611240246,0.7954668574867674,0.848882567092093,0.07514757608505566,0.11269535697659538,609.3068102468633,717.7751480208701,the arcs are the Clear Lake / Indian Valley inflows while the DWR record is the routed outflow at Rumsey,
UF3,Cache Creek above Rumsey (uf_03: DWR UF 3 monthly),uf_03,arcsum,,train,1984-10,2014-09,True,,953.3664189313,953.3664189313,1.0,4,0,348,0.8808271567009165,0.9312983150469447,0.05141900253322863,0.9686549758289487,0.8850243867234361,1.0005141900253323,0.06875056088104639,0.18209294148928112,618.2618809478264,617.9441402347052,the arcs are the Clear Lake / Indian Valley inflows while the DWR record is the routed outflow at Rumsey,1976-1985
UF2,Putah Creek near Winters (uf_02: DWR UF 2 monthly),uf_02,arcsum,,WY1976-85,1975-10,1985-09,True,,567.457149998,567.457149998,1.0,1,0,120,0.8634013421180793,0.9730380456358345,-9.16204954681892,0.9920626994302614,0.8989956565044297,0.9083795045318108,0.044024668987558954,-0.3249867835300151,405.9738759716968,446.9209993690252,,
UF2,Putah Creek near Winters (uf_02: DWR UF 2 monthly),uf_02,arcsum,,WY1976-84,1975-10,1984-09,True,,567.457149998,567.457149998,1.0,1,0,108,0.8576453499044303,0.9732032915831434,-10.135115998382313,0.9923990110983802,0.9003254609166264,0.8986488400161767,0.043902194742714964,-0.365926556998291,428.18720020918624,476.47888824012546,,
UF2,Putah Creek near Winters (uf_02: DWR UF 2 monthly),uf_02,arcsum,,WY1950-84_mixed,1949-10,1984-09,True,,567.457149998,567.457149998,1.0,1,0,420,0.948791003635354,0.971298487778715,2.689686440324548,0.9860336673197503,0.9587221421896395,1.0268968644032455,0.04216346804069647,0.04375795531943005,436.17942973162894,424.754855966089,,
UF2,Putah Creek near Winters (uf_02: DWR UF 2 monthly),uf_02,arcsum,,train,1984-10,2014-09,True,,567.457149998,567.457149998,1.0,1,0,348,0.9414903898981613,0.9684126455836691,3.805415980313183,0.9845852854366162,0.9583149670639893,1.0380541598031319,0.04419703517382532,0.07380986532008471,376.87021641366505,363.0544830966613,,1976-1985
UF13,Cosumnes R. at Michigan Bar (uf_13: DWR UF 13 monthly),uf_13,arcsum,,WY1976-85,1975-10,1985-09,True,,539.113324191,539.113324191,1.0,4,0,120,0.870434439300164,0.9553946300836044,-8.746100849835482,0.9820610107479222,0.9061064476306948,0.9125389915016452,0.030782949486755043,-0.04127592388769674,426.57182436331044,467.45599731728436,,
UF13,Cosumnes R. at Michigan Bar (uf_13: DWR UF 13 monthly),uf_13,arcsum,,WY1976-84,1975-10,1984-09,True,,539.113324191,539.113324191,1.0,4,0,108,0.8710749719065141,0.9548017964804005,-8.614058420979113,0.9817876149867312,0.9058205348654469,0.913859415790209,0.033405973315798955,-0.028725161983278902,455.690918043788,498.64444155204626,,
UF13,Cosumnes R. at Michigan Bar (uf_13: DWR UF 13 monthly),uf_13,arcsum,,WY1950-84_mixed,1949-10,1984-09,True,,539.113324191,539.113324191,1.0,4,0,420,0.8546680340627633,0.9303161749207149,-9.374351739498264,0.9697660855276498,0.8931382028726946,0.9062564826050175,0.03286897110591115,-0.04115509481129109,381.86385544210606,421.3639987925333,,
UF13,Cosumnes R. at Michigan Bar (uf_13: DWR UF 13 monthly),uf_13,arcsum,,train,1984-10,2014-09,True,,539.113324191,539.113324191,1.0,4,0,348,0.904118665430903,0.9463495076239578,-3.807129629282436,0.9748259359487519,0.9156787499115511,0.9619287037071755,0.030439995327087774,-0.16801026270944597,334.96380860841816,348.22103479967035,,1976-1985
UF14,Mokelumne R. at Pardee (cdec_MKM: CDEC MKM daily FNF),cdec_MKM,arcsum,,WY1976-85,1975-10,1985-09,True,,543.8979574854,543.8979574854,1.0,8,0,120,0.9623774700518155,0.9380322444130421,-0.6487742850166085,0.968607017478112,0.980306229391186,0.993512257149834,0.05399448158421092,0.05430064131193024,849.3744917880831,854.920999389328,,
UF14,Mokelumne R. at Pardee (cdec_MKM: CDEC MKM daily FNF),cdec_MKM,arcsum,,WY1976-84,1975-10,1984-09,True,,543.8979574854,543.8979574854,1.0,8,0,108,0.9608660412323294,0.9356526225238754,-0.6764797865818253,0.9673844729873864,0.9794590254283339,0.9932352021341817,0.05728548079201289,0.05619748459416041,890.0689649643161,896.1311107900822,,
UF14,Mokelumne R. at Pardee (cdec_MKM: CDEC MKM daily FNF),cdec_MKM,arcsum,,WY1950-84_mixed,1949-10,1984-09,True,,543.8979574854,543.8979574854,1.0,8,0,420,0.9401527306140304,0.9382370337134186,-1.8151146510658138,0.968891748535341,0.9522034705850206,0.9818488534893419,0.05862583287130724,0.14227751853912274,796.550971583908,811.2765714937555,,
UF14,Mokelumne R. at Pardee (cdec_MKM: CDEC MKM daily FNF),cdec_MKM,arcsum,,train,1988-10,2018-12,True,,543.8979574854,543.8979574854,1.0,8,0,363,0.8475528435694856,0.8976184253372786,-10.992911563870761,0.9523213411907,0.905753140461935,0.8900708843612924,0.08321322508612781,-0.4057952856948015,657.8435929415297,739.0912392484255,,
UF16,Stanislaus R. at Melones (cdec_NML: CDEC NML daily FNF),cdec_NML,anchor,ST,WY1976-85,1975-10,1985-09,True,,903.73538596551,903.73538596551,1.0,19,0,120,0.9156837162474551,0.9312965740874808,7.792493070280384,0.9680032428802752,1.0036260742717464,1.0779249307028038,0.07421295880441339,0.182823281263782,1410.3580582972945,1308.4010009655728,,
UF16,Stanislaus R. at Melones (cdec_NML: CDEC NML daily FNF),cdec_NML,anchor,ST,WY1976-84,1975-10,1984-09,True,,903.73538596551,903.73538596551,1.0,19,0,108,0.9189696460994213,0.9296798430033648,7.396418629056171,0.9670467471877641,1.0030496768223804,1.0739641862905618,0.07321912096841018,0.1601933407438061,1480.3963867463085,1378.4411115789164,,
UF16,Stanislaus R. at Melones (cdec_NML: CDEC NML daily FNF),cdec_NML,anchor,ST,WY1950-84_mixed,1949-10,1984-09,True,,903.73538596551,903.73538596551,1.0,19,0,420,0.9228348090210898,0.9314088319101874,1.6024390954091878,0.9657566807053911,0.9327312800995176,1.0160243909540918,0.07270101231774645,0.1674833456707212,1250.2815869490717,1230.5625712144588,,
UF16,Stanislaus R. at Melones (cdec_NML: CDEC NML daily FNF),cdec_NML,anchor,ST,train,1987-10,2018-12,True,,903.73538596551,903.73538596551,1.0,19,0,375,0.8635496983326945,0.9307710157505816,-5.026440279289062,0.9700555987804298,0.8767299408916579,0.9497355972071094,0.06375347176166986,-0.07181212160153994,1048.8311025984476,1104.340098110199,,
UF15,Calaveras R. at Jenny Lind (cdec_NHG: CDEC NHG daily FNF),cdec_NHG,arcsum,,WY1976-85,1975-10,1985-09,True,,361.610671554,361.610671554,1.0,1,0,120,0.9349188379296237,0.9710621212404966,-6.0828329916123325,0.9860517526439438,0.981536026111909,0.9391716700838766,0.03511770055944535,-0.44154047666285656,193.2364485429011,205.75199902020398,,
UF15,Calaveras R. at Jenny Lind (cdec_NHG: CDEC NHG daily FNF),cdec_NHG,arcsum,,WY1976-84,1975-10,1984-09,True,,361.610671554,361.610671554,1.0,1,0,108,0.9449208189721409,0.9723544765999238,-5.003459415507547,0.9865303345116743,0.9813231779451334,0.9499654058449244,0.03305522462068787,-0.4311199984810248,208.73378652340182,219.7277766528229,,
UF15,Calaveras R. at Jenny Lind (cdec_NHG: CDEC NHG daily FNF),cdec_NHG,arcsum,,WY1950-84_mixed,1949-10,1984-09,True,,361.610671554,361.610671554,1.0,1,0,420,0.7696497869600526,0.9147578288846145,-17.26401404026927,0.9684111174724153,0.8508063504369365,0.8273598595973074,0.040030511469595735,-0.16409737314460404,147.65253142847862,178.46228544414043,,
UF15,Calaveras R. at Jenny Lind (cdec_NHG: CDEC NHG daily FNF),cdec_NHG,arcsum,,train,1987-10,2018-12,True,,361.610671554,361.610671554,1.0,1,0,375,0.8287112310853924,0.936288717403648,-10.373924880391998,0.9747686061226118,0.86605453581071,0.8962607511960801,0.027568412278224284,-0.253947826184735,137.4141241079372,153.31935926520822,,
UF18,Tuolumne R. at Don Pedro (cdec_TLG: CDEC TLG daily FNF),cdec_TLG,anchor,TU,WY1976-85,1975-10,1985-09,True,,1531.573174657,1531.573174657,1.0,4,0,120,0.9670299235205918,0.94854229929943,-2.0183885195920763,0.9746092684926281,1.0059116389416525,0.9798161148040792,0.05472007069537593,0.21569163850034467,2166.090058418628,2210.7107912302017,,
UF18,Tuolumne R. at Don Pedro (cdec_TLG: CDEC TLG daily FNF),cdec_TLG,anchor,TU,WY1976-84,1975-10,1984-09,True,,1531.573174657,1531.573174657,1.0,4,0,108,0.9677642283122327,0.9468037565024555,-1.7366725246895618,0.9737386852431207,1.0069199116861998,0.9826332747531044,0.05683753928774375,0.22022045731222217,2279.5448701580303,2319.8327684667374,,
UF18,Tuolumne R. at Don Pedro (cdec_TLG: CDEC TLG daily FNF),cdec_TLG,anchor,TU,WY1950-84_mixed,1949-10,1984-09,True,,1531.573174657,1531.573174657,1.0,4,0,420,0.914959887972749,0.9334372671669193,-5.832185542991056,0.9677717349083145,0.9471632631401213,0.9416781445700895,0.05818469471875368,0.21006147003513842,1884.5290554626945,2001.2454003836428,,
UF18,Tuolumne R. at Don Pedro (cdec_TLG: CDEC TLG daily FNF),cdec_TLG,anchor,TU,train,1986-10,2018-12,True,,1531.573174657,1531.573174657,1.0,4,0,387,0.9092175601968011,0.959548950419818,-5.083093598315539,0.9819647021186308,0.9269767478536591,0.9491690640168448,0.03126406835657362,-0.0426142202609352,1718.0037452236302,1810.008153819414,,
UF19,Merced R. at Exchequer (cdec_MRC: CDEC MRC daily FNF),cdec_MRC,anchor,ME,WY1976-85,1975-10,1985-09,True,,1036.0761981327,1036.0761981327,1.0,1,0,120,0.9316596364163081,0.9476923521290118,-5.448519533946422,0.9745627914020919,0.9675235900642001,0.9455148046605357,0.03067198669307274,-0.02524886945293936,1125.8812079995632,1190.7599991559982,,
UF19,Merced R. at Exchequer (cdec_MRC: CDEC MRC daily FNF),cdec_MRC,anchor,ME,WY1976-84,1975-10,1984-09,True,,1036.0761981327,1036.0761981327,1.0,1,0,108,0.9375685863345604,0.9483405051870983,-4.688910518455036,0.9746648457459437,0.9674850313519977,0.9531108948154495,0.03580038109022135,-0.00771129302687612,1200.9832679564488,1260.0666664176517,,
UF19,Merced R. at Exchequer (cdec_MRC: CDEC MRC daily FNF),cdec_MRC,anchor,ME,WY1950-84_mixed,1949-10,1984-09,True,,1036.0761981327,1036.0761981327,1.0,1,0,420,0.9552823952769391,0.9374633575805588,2.9379892669707406,0.9695644666249332,1.014497047529052,1.0293798926697073,0.03001136981287846,0.027952267849891577,1055.5920205933098,1025.463998384135,,
UF19,Merced R. at Exchequer (cdec_MRC: CDEC MRC daily FNF),cdec_MRC,anchor,ME,train,1988-10,2018-12,True,,1036.0761981327,1036.0761981327,1.0,1,0,363,0.9586909029922533,0.9466978777381647,-0.6818704426483194,0.973003869786653,0.9694851557591442,0.9931812955735169,0.0460607567408962,-0.19569561680490732,954.0970087799174,960.6473793175594,,
UF20,Chowchilla R. at Buchanan (uf_20: DWR UF 20 monthly),uf_20,arcsum,,WY1976-85,1975-10,1985-09,True,,234.811659592,234.811659592,1.0,1,0,120,0.8670784698534397,0.9207570202918571,-7.017971376963414,0.9627211978434979,0.8934484544387481,0.9298202862303659,0.05773154666667185,-0.3511760501409995,95.82820786048114,103.06099929157644,,
UF20,Chowchilla R. at Buchanan (uf_20: DWR UF 20 monthly),uf_20,arcsum,,WY1976-84,1975-10,1984-09,True,,234.811659592,234.811659592,1.0,1,0,108,0.8694894462248757,0.9201149265141574,-6.106788639187534,0.9624326459508215,0.8909476648206822,0.9389321136081246,0.05639866556322412,-0.2861643220640566,105.34192287927378,112.19333256636229,,
UF20,Chowchilla R. at Buchanan (uf_20: DWR UF 20 monthly),uf_20,arcsum,,WY1950-84_mixed,1949-10,1984-09,True,,234.811659592,234.811659592,1.0,1,0,420,0.8662038259918631,0.9177122091135645,-5.8932054768268065,0.9613168237473758,0.8862808680343808,0.9410679452317319,0.06230996222698267,-0.29700311301669124,73.63238232025526,78.24342832347112,,
UF20,Chowchilla R. at Buchanan (uf_20: DWR UF 20 monthly),uf_20,arcsum,,train,1984-10,2014-09,True,,234.811659592,234.811659592,1.0,1,0,348,0.881744818075746,0.8938250698369455,10.611416416740996,0.9480624227858718,1.005153667443371,1.10611416416741,0.044639039897838795,-0.5043011333980569,68.60158180360602,62.02034475821359,,1976-1985
UF22,San Joaquin R. at Millerton (cdec_MIL: CDEC SBF daily FNF),cdec_MIL,anchor,SJ,WY1976-85,1975-10,1985-09,True,,1637.79925007,1637.79925007,1.0,1,0,120,0.8855854977400718,0.9660155419758094,-9.329494993529893,0.9875058171321405,0.9349567371788465,0.9067050500647009,0.03157391458368224,0.06164416643557313,1940.2953030525982,2139.940990638733,,
UF22,San Joaquin R. at Millerton (cdec_MIL: CDEC SBF daily FNF),cdec_MIL,anchor,SJ,WY1976-84,1975-10,1984-09,True,,1637.79925007,1637.79925007,1.0,1,0,108,0.8860841722819585,0.9656186918787862,-9.289769405038376,0.9873686607987798,0.9352907772045475,0.9071023059496162,0.03295776224893977,0.042288896010627575,2043.0352668826986,2252.2655421362983,,
UF22,San Joaquin R. at Millerton (cdec_MIL: CDEC SBF daily FNF),cdec_MIL,anchor,SJ,WY1950-84_mixed,1949-10,1984-09,True,,1637.79925007,1637.79925007,1.0,1,0,420,0.8361620691507371,0.9241394061317054,-12.604878905482291,0.9696286764871459,0.8998393636658685,0.873951210945177,0.022618344507800384,0.056320874927754616,1641.9143567219776,1878.7254210063388,,
UF22,San Joaquin R. at Millerton (cdec_MIL: CDEC SBF daily FNF),cdec_MIL,anchor,SJ,train,1987-10,2018-12,True,,1637.79925007,1637.79925007,1.0,1,0,375,0.912507170685314,0.9417627168606927,-3.68360258005319,0.971954524755405,0.9257601609443007,0.9631639741994681,0.033488097082527694,-0.028662988185675253,1609.6987456224701,1671.2613726654054,,
UF21,Fresno R. near Daulton (uf_21: DWR UF 21 monthly),uf_21,arcsum,,WY1976-85,1975-10,1985-09,True,,343.684922793,343.684922793,1.0,4,0,120,0.8041967564153827,0.9331056996390243,-12.273468447227508,0.9763002448702606,0.8492902490462595,0.877265315527725,0.026516940618695882,-0.1115515269852283,108.3712157573933,123.53299946915357,the three below-dam arcs may lie outside the Daulton gauge basin,
UF21,Fresno R. near Daulton (uf_21: DWR UF 21 monthly),uf_21,arcsum,,WY1976-84,1975-10,1984-09,True,,343.684922793,343.684922793,1.0,4,0,108,0.8077562150933101,0.932626489818231,-11.394806417949546,0.9762167643511177,0.8470036954463769,0.8860519358205046,0.025204298068419475,-0.10462932661040725,119.09817817323668,134.41444384741288,the three below-dam arcs may lie outside the Daulton gauge basin,
UF21,Fresno R. near Daulton (uf_21: DWR UF 21 monthly),uf_21,arcsum,,WY1950-84_mixed,1949-10,1984-09,True,,343.684922793,343.684922793,1.0,4,0,420,0.8385163885527736,0.9184235857993271,-6.327381238453011,0.9650726536981864,0.8555927220924122,0.9367261876154699,0.03839550970575238,0.0433800420101198,89.16562750662376,95.1885713087661,the three below-dam arcs may lie outside the Daulton gauge basin,
UF21,Fresno R. near Daulton (uf_21: DWR UF 21 monthly),uf_21,arcsum,,train,1984-10,2014-09,True,,343.684922793,343.684922793,1.0,4,0,348,0.8144406898080757,0.9189206870340317,-5.420956046868628,0.9696712224265395,0.8251465001677285,0.9457904395313137,0.04190463510485011,-0.0874281026311996,66.66159307104472,70.48241374070017,the three below-dam arcs may lie outside the Daulton gauge basin,1976-1985
