epoch,loss,cal_kge,lr,spinup_s,epoch_s,peak_vram_mb,skipped_steps,logit_pen
0,0.7559051235516866,0.6724661439406019,0.000325,8.4,132.4,3567,0,0.0
1,0.7448220113913219,0.6741940731460847,0.00055,11.8,138.1,3566,0,0.0
2,0.6875265141328176,0.6835059621505792,0.000775,10.9,136.9,3566,0,0.0
3,0.5161372900009156,0.7214342498859178,0.001,10.9,137.4,3568,0,0.0
4,0.421812512477239,0.7408378520311167,0.0009998184766805,10.2,136.6,3566,0,0.0
5,0.374748154481252,0.7575330281635028,0.0009992740398563,11.7,138.2,3567,0,0.0
6,0.3626402537027994,0.7697121117508138,0.0009983670888323,10.8,147.2,3566,0,0.0
7,0.3530562986930211,0.7774923143367022,0.0009970982887914,10.3,151.4,3568,0,0.0
8,0.3459073593219121,0.7856644085368214,0.0009954685703065,9.9,145.2,3568,0,1.9698951324309545e-11
9,0.3388122896353404,0.791607744220822,0.000993479128658,10.6,135.3,3567,0,4.317160599380069e-09
10,0.3324943989515304,0.7945646639755938,0.0009911314229573,10.5,130.9,3566,0,2.603351655731482e-08
11,0.3267666359742482,0.7987277713937819,0.0009884271750764,11.7,124.5,3566,0,2.3929526982158225e-08
12,0.321695410211881,0.8015673428045987,0.0009853683683853,11.4,119.1,3567,0,2.655693585040808e-08
13,0.3166779379049937,0.8047162198664045,0.000981957246297,11.8,114.6,3567,0,8.560859801794625e-08
14,0.3126916577418645,0.8074876588765583,0.0009781963106224,12.8,110.6,3567,0,2.846067208868893e-07
15,0.3085348298152288,0.8115215119431043,0.0009740883197354,12.7,120.7,3566,0,7.543772767348855e-07
16,0.3043126175800959,0.8136593534683867,0.0009696362865498,13.7,122.5,3567,0,1.8019323836900488e-06
17,0.3009474754333496,0.8161382181917015,0.0009648434763093,13.8,122.2,3566,0,3.5864639812643878e-06
18,0.2981603130698204,0.8188046099847954,0.0009597134041929,13.6,122.5,3565,0,6.26659023813166e-06
19,0.2947460934519768,0.8212035710238275,0.0009542498327371,13.8,127.7,3566,0,9.741037380687582e-06
20,0.2915143450101217,0.8227656013461631,0.0009484567690755,13.6,127.8,3566,0,1.4887181896483524e-05
21,0.2892849236726761,0.8243713249159973,0.0009423384620007,13.6,137.5,3566,0,2.1362359984777867e-05
22,0.2866545091072718,0.8262345348249638,0.0009358993988478,13.2,141.5,3567,0,2.844178367619558e-05
23,0.2838594625393549,0.8276899960393613,0.0009291443022029,13.3,146.3,3566,0,3.715221901074983e-05
24,0.2823586761951446,0.8287436128447413,0.0009220781264402,12.9,146.8,3569,0,4.577455668671367e-05
25,0.2805029317736626,0.8303024649870497,0.0009147060540876,12.8,141.7,3569,0,5.301096850113633e-05
26,0.2780042881766955,0.831299354877683,0.0009070334920262,13.0,140.8,3566,0,6.066653004381806e-05
27,0.2768426716327667,0.8323129293112748,0.0008990660675242,12.6,136.0,3567,0,6.77500987270226e-05
28,0.2750226353605588,0.8336249709173802,0.0008908096241105,12.7,136.1,3568,0,7.243878305113564e-05
29,0.2737525592247645,0.8341099042839488,0.0008822702172881,13.7,137.1,3567,0,7.833990239305421e-05
30,0.2724189122517904,0.8354539596449181,0.0008734541100933,13.2,145.9,3568,0,8.172932866727934e-05
31,0.2711488783359527,0.8357742682420867,0.0008643677685019,12.9,154.6,3566,0,8.545599945743257e-05
32,0.2700209115942319,0.836958490233789,0.0008550178566873,12.3,154.8,3566,0,8.724996781287095e-05
33,0.268873094022274,0.8375003720240779,0.0008454112321324,11.4,153.6,3567,0,8.874044773013642e-05
34,0.2678510904312133,0.8381768062989886,0.0008355549406004,11.4,154.0,3568,0,9.022385250621786e-05
35,0.2669305910666784,0.8387899221526862,0.000825456210967,11.9,154.4,3566,0,9.129698446486144e-05
36,0.2659067650636037,0.8398107874534554,0.0008151224499188,11.4,142.7,3567,0,9.044230100698769e-05
37,0.2649604454636574,0.84006736688359,0.0008045612365209,11.9,139.2,3567,0,9.16482342290692e-05
38,0.264323557416598,0.8410014108650301,0.0007937803166582,12.3,129.7,3567,0,9.17152846038031e-05
39,0.2634118715922037,0.841532768104157,0.0007827875973543,12.7,125.7,3568,0,9.183017100440338e-05
40,0.2630119169751803,0.8420077470518061,0.0007715911409726,13.2,121.4,3567,0,9.190847777063028e-05
41,0.2619537686308225,0.8428452565985683,0.0007601991593026,13.7,131.7,3567,0,9.069713414646685e-05
42,0.2614609465003014,0.8431015833462273,0.0007486200075375,13.2,126.8,3568,0,9.057482044833402e-05
43,0.2607955599824587,0.843934875690437,0.0007368621781463,13.3,127.2,3567,0,9.016169739576678e-05
44,0.260017961760362,0.8443217117721077,0.0007249342946451,13.6,136.9,3566,0,8.999803831102326e-05
45,0.2597052802642186,0.844723060889146,0.0007128451052723,12.7,140.8,3567,0,8.980710796701412e-05
46,0.2590232635537783,0.8455586712139304,0.0007006034765724,12.8,145.4,3567,0,8.917254453990608e-05
47,0.25825035572052,0.8458630868980141,0.0006882183868932,11.8,135.0,3567,0,8.979989894820998e-05
48,0.2578427717089653,0.8464173633512392,0.0006756989198008,12.3,130.5,3566,0,8.997084999767443e-05
49,0.2571020682652791,0.8470840591403502,0.0006630542574173,12.3,135.4,3567,0,8.940774423535914e-05
50,0.2567191610733668,0.8474870249358339,0.0006502936736864,13.3,136.6,3567,0,9.001628980816652e-05
51,0.2561367228627205,0.8483158765652383,0.0006374265275719,13.0,141.1,3566,0,9.07932102563791e-05
52,0.255517196158568,0.8487370311448142,0.0006244622561933,12.3,145.0,3567,0,9.164963266812265e-05
53,0.2548990269502004,0.8492144404732601,0.0006114103679044,11.9,144.5,3567,0,9.214982176975656e-05
54,0.2545793135960897,0.8495407566619255,0.0005982804353197,12.8,145.7,3567,0,9.285610043055688e-05
55,0.2539808238546053,0.8503054471215157,0.0005850820882936,12.3,148.4,3568,0,9.318951633758844e-05
56,0.2535806556542714,0.8503442285118277,0.0005718250068573,11.4,144.2,3567,0,9.430095815332606e-05
57,0.2530252749721209,0.8511922036720742,0.0005585189141198,12.1,139.2,3567,0,9.489951092594614e-05
58,0.2525193596879641,0.8512885197878616,0.000545173569136,12.8,130.1,3566,0,9.590095869498328e-05
59,0.2523120741049449,0.8517291948972292,0.0005317987597497,13.2,126.0,3567,0,9.702508250484244e-05
60,0.2516150320569674,0.8525527073834112,0.0005184042954146,13.7,131.5,3566,0,9.779183650001262e-05
61,0.2513830696543058,0.8522057257843145,0.0005049999999999,13.6,136.4,3567,0,9.902198653435334e-05
62,0.250806380311648,0.8531615636848543,0.0004915957045853,13.2,136.4,3567,0,9.97799938583436e-05
63,0.2505469436446825,0.8531577486850338,0.0004782012402502,12.7,150.8,3567,0,0.0001012824621284
64,0.2501250386238098,0.8537273020050401,0.0004648264308639,12.9,141.2,3567,0,0.0001027335732942
65,0.2497216165065765,0.8541936540105686,0.0004514810858801,12.7,136.3,3567,0,0.0001036764656115
66,0.2493391315142313,0.8542725431102483,0.0004381749931426,13.3,136.8,3567,0,0.0001049822283675
67,0.2488336111108462,0.8547268274448699,0.0004249179117063,12.8,136.5,3567,0,0.000106244518732
68,0.2486784776051839,0.8548352264674064,0.0004117195646802,12.9,146.2,3567,0,0.0001079642480666
69,0.2480925306677818,0.8556635756187398,0.0003985896320955,12.3,146.2,3567,0,0.0001090874065994
70,0.247955830891927,0.8554535860951994,0.0003855377438066,12.3,145.8,3568,0,0.0001104262148146
71,0.2474222466349601,0.8560054327644245,0.000372573472428,11.8,140.3,3567,0,0.0001115463717724
72,0.2472638423244158,0.8560281007868478,0.0003597063263135,12.3,140.7,3567,0,0.000112660244243
73,0.2467891375223795,0.8565544532954141,0.0003469457425826,12.3,145.8,3567,0,0.0001137469948541
74,0.2466490194201469,0.8566276382719181,0.0003343010801991,11.9,149.8,3568,0,0.0001153092482127
75,0.2462030341227849,0.857030497986449,0.0003217816131067,11.4,149.2,3567,0,0.00011642480531
76,0.2460151478648185,0.8570890485824211,0.0003093965234275,11.5,153.7,3567,0,0.0001176387032804
77,0.2456227108836174,0.8576024140309151,0.0002971548947276,11.9,143.7,3566,0,0.0001186165235897
78,0.2454768811662991,0.8575773669543172,0.0002850657053548,12.3,139.8,3566,0,0.0001199144874893
79,0.2451207394401232,0.8579648194256746,0.0002731378218536,12.4,130.1,3566,0,0.0001209170067644
80,0.2448913097381591,0.8580454078688369,0.0002613799924624,13.2,136.0,3567,0,0.0001221124189517
81,0.2446497082710266,0.8581079754278299,0.0002498008406973,13.8,132.2,3566,0,0.0001234366616699
82,0.244389259815216,0.8584099197257132,0.0002384088590273,13.7,136.7,3567,0,0.0001247164608988
83,0.2441824937860171,0.8585144081130608,0.0002272124026456,13.2,146.2,3567,0,0.0001259569330917
84,0.2439628779888153,0.8587092498362398,0.0002162196833417,12.7,136.7,3566,0,0.0001271381489156
85,0.2437305728594462,0.8588109238589053,0.000205438763479,12.3,135.5,3566,0,0.0001283919681251
86,0.2435458848873774,0.8589130681303414,0.0001948775500811,12.3,140.7,3567,0,0.0001295677803379
87,0.2433397466937701,0.859084639843115,0.0001845437890329,11.8,139.6,3566,0,0.000130592478672
88,0.2431495070457458,0.8591589104616608,0.0001744450593995,11.8,1858.5,3567,0,0.0001316773549964
89,0.2429932629068692,0.8592304011257056,0.0001645887678675,12.8,150.1,3567,0,0.0001327461213804
90,0.2428024734059969,0.8593765730886209,0.0001549821433126,14.6,155.1,3567,0,0.0001336942708197
91,0.2426638280351956,0.8593657627338321,0.000145632231498,13.7,147.2,3568,0,0.0001346893957816
92,0.2425212159752846,0.859488762388361,0.0001365458899066,14.3,142.1,3567,0,0.0001355903087339
93,0.242367455859979,0.8596430518714647,0.0001277297827118,14.9,154.7,3567,0,0.0001363786732933
94,0.2422379091382026,0.859587687939077,0.0001191903758894,14.5,149.3,3567,0,0.0001372758075982
95,0.2421014244357744,0.8596231731902598,0.0001109339324757,14.5,158.6,3566,0,0.0001381379775314
96,0.2419972876707712,0.8597170311479805,0.0001029665079737,15.0,153.0,3567,0,0.0001389332086546
97,0.2418817256887754,0.8598069687581003,9.529394591233924e-05,14.2,152.6,3566,0,0.000139566718523
98,0.2417966961860656,0.8598024871712097,8.792187355975874e-05,13.2,152.4,3567,0,0.0001401681550002
99,0.2416802207628886,0.8598893602909286,8.085569779704333e-05,13.6,155.5,3568,0,0.0001407330205741
100,0.2416168401638666,0.8597761989844552,7.410060115219489e-05,13.2,144.0,3567,0,0.0001413948106346
101,0.2415193264683087,0.85989203628574,6.766153799921873e-05,14.5,156.1,3567,0,0.000141886031876
102,0.241446220378081,0.859974260803383,6.154323092444949e-05,13.9,156.5,3567,0,0.0001423960202373
103,0.2413766155640284,0.8599850803988375,5.575016726287626e-05,13.5,151.7,3566,0,0.0001428495908233
104,0.2413112327456474,0.8600050323056979,5.028659580700727e-05,14.0,141.3,3568,0,0.0001432617059132
105,0.24125487357378,0.8600171811480853,4.515652369068827e-05,14.6,137.3,3568,0,0.0001436807642069
106,0.241201964020729,0.8600368135172874,4.036371345016058e-05,14.7,144.8,3565,0,0.0001440246172326
107,0.2411572754383087,0.8600555733234149,3.5911680264512806e-05,14.4,151.9,3566,0,0.0001443192013539
108,0.2411080454786618,0.8600913949405178,3.1803689377552304e-05,14.3,155.1,3567,0,0.0001445733107781
109,0.2410713041822115,0.8600640189173546,2.8042753702984674e-05,14.0,154.6,3566,0,0.0001448634129095
110,0.241034219165643,0.8600584325694313,2.4631631614660383e-05,13.9,151.2,3567,0,0.000145101302769
111,0.2410030305385589,0.8600696125514544,2.1572824923507117e-05,14.1,151.6,3567,0,0.0001453132358922
112,0.2409749204913775,0.860075241702017,1.8868577042632864e-05,14.3,151.1,3567,0,0.0001454962912248
113,0.2409518778324127,0.8600778281368879,1.6520871341944565e-05,13.7,155.3,3566,0,0.0001456519647035
114,0.240929934879144,0.8600876509996616,1.453142969349065e-05,13.4,155.5,3567,0,0.0001457853562897
115,0.2409124245246251,0.8600860739685455,1.2901711208592005e-05,13.2,145.3,3567,0,0.0001459101797081
116,0.2408961802721023,0.8600923109942765,1.163291116768977e-05,13.7,145.4,3566,0,0.0001460115367081
117,0.2408841833472252,0.8600931760668149,1.0725960143693713e-05,13.2,154.2,3567,0,0.0001461111911339
118,0.2408724849422772,0.8600992588926213,1.0181523319474445e-05,13.7,150.8,3566,0,0.0001461945202512
119,0.2408642510573069,0.860097573670383,1e-05,14.1,151.2,3568,0,0.0001462772294568
